"","Assay","Animal","species","animal_id","Tissue","Dilutions","Wells","date","rxn","MPR","MS","TtT","RAF","crossed","AUC","ID","ELISA","Genotype"
"1","NQ","M1","M","1","BR",-1,"E03",2024-06-17,"6-17-24_ZS_Moose1_BR_PosDilution",11.3521594684385,1.72240679217423,13.9523255813953,0.0716726393866156,TRUE,384.001245847177,"16-P138",TRUE,"KK 109"
"2","NQ","M1","M","1","BR",-1,"F03",2024-06-17,"6-17-24_ZS_Moose1_BR_PosDilution",12.2956381260097,1.86465625560941,15.1816838995569,0.0658688460790037,TRUE,394.7102180937,"16-P138",TRUE,"KK 109"
"3","NQ","M1","M","1","BR",-1,"G03",2024-06-17,"6-17-24_ZS_Moose1_BR_PosDilution",12.7065767284992,1.45400037474236,27.5408366533865,0.0363097175509023,TRUE,261.756323777403,"16-P138",TRUE,"KK 109"
"4","NQ","M1","M","1","BR",-1,"H03",2024-06-17,"6-17-24_ZS_Moose1_BR_PosDilution",11.7474226804124,1.74684994272623,19.288315629742,0.0518448587837306,TRUE,333.322164948454,"16-P138",TRUE,"KK 109"
"5","NQ","M1","M","1","BR",-2,"E04",2024-06-17,"6-17-24_ZS_Moose1_BR_PosDilution",9.83210603829161,1.83930616920308,8.00852698650675,0.124866907695368,TRUE,375.891936671576,"16-P138",TRUE,"KK 109"
"6","NQ","M1","M","1","BR",-2,"F04",2024-06-17,"6-17-24_ZS_Moose1_BR_PosDilution",10.6732223903177,2.05816103546815,7.03401122019635,0.142166392502866,TRUE,414.664901664146,"16-P138",TRUE,"KK 109"
"7","NQ","M1","M","1","BR",-2,"G04",2024-06-17,"6-17-24_ZS_Moose1_BR_PosDilution",10.2106870229008,1.96709075487701,7.07259450171821,0.141390829031278,TRUE,395.31641221374,"16-P138",TRUE,"KK 109"
"8","NQ","M1","M","1","BR",-2,"H04",2024-06-17,"6-17-24_ZS_Moose1_BR_PosDilution",10.5642276422764,2.05275519421861,7.11651816312543,0.140518154675913,TRUE,415.793902439024,"16-P138",TRUE,"KK 109"
"9","NQ","M1","M","1","LN",-1,"E03",2024-06-17,"6-17-24_ZS_Moose1_LN_PosDilution",2.24190476190476,0.038941798941799,48,0.0208333333333333,FALSE,71.9849999999999,"16-P138",TRUE,"KK 109"
"10","NQ","M1","M","1","LN",-1,"F03",2024-06-17,"6-17-24_ZS_Moose1_LN_PosDilution",14.8873517786561,2.76328502415459,10.7380493446415,0.0931267838230806,TRUE,542.40415019763,"16-P138",TRUE,"KK 109"
"11","NQ","M1","M","1","LN",-1,"G03",2024-06-17,"6-17-24_ZS_Moose1_LN_PosDilution",14.1542750929368,2.62618752581578,12.7752349196726,0.0782764470702685,TRUE,492.278113382899,"16-P138",TRUE,"KK 109"
"12","NQ","M1","M","1","LN",-1,"H03",2024-06-17,"6-17-24_ZS_Moose1_LN_PosDilution",13.4582524271845,2.44789644012945,13.5701620299603,0.0736910876813553,TRUE,458.595873786408,"16-P138",TRUE,"KK 109"
"13","NQ","M1","M","1","LN",-2,"E04",2024-06-17,"6-17-24_ZS_Moose1_LN_PosDilution",2.14236706689537,0.0411663807890223,48,0.0208333333333333,FALSE,74.4243138936533,"16-P138",TRUE,"KK 109"
"14","NQ","M1","M","1","LN",-2,"F04",2024-06-17,"6-17-24_ZS_Moose1_LN_PosDilution",2.03723404255319,0.0433412135539795,48,0.0208333333333333,FALSE,72.7420212765958,"16-P138",TRUE,"KK 109"
"15","NQ","M1","M","1","LN",-2,"G04",2024-06-17,"6-17-24_ZS_Moose1_LN_PosDilution",2.00347826086957,0.036328502415459,48,0.0208333333333333,FALSE,67.4758695652174,"16-P138",TRUE,"KK 109"
"16","NQ","M1","M","1","LN",-2,"H04",2024-06-17,"6-17-24_ZS_Moose1_LN_PosDilution",9.20588235294118,1.34803921568627,24.5106052767719,0.0407986660756875,TRUE,226.98184742647,"16-P138",TRUE,"KK 109"
"17","NQ","M10","M","10","BR",-1,"E03",2024-10-29,"10-29-24_ZS_M10_BR_Dilution",2.59259412110645,0.0411529427139757,48,0.0208333333333333,FALSE,73.6835748480753,"22-CD29",TRUE,"QQ 109"
"18","NQ","M10","M","10","BR",-1,"F03",2024-10-29,"10-29-24_ZS_M10_BR_Dilution",14.9100891660105,1.86921136198657,41.5057756986141,0.0240930324314693,TRUE,124.175155880914,"22-CD29",TRUE,"QQ 109"
"19","NQ","M10","M","10","BR",-1,"G03",2024-10-29,"10-29-24_ZS_M10_BR_Dilution",8.06252543487108,0.938407901708644,43.65363,0.0229076024147362,TRUE,94.0071308943684,"22-CD29",TRUE,"QQ 109"
"20","NQ","M10","M","10","BR",-1,"H03",2024-10-29,"10-29-24_ZS_M10_BR_Dilution",10.4782057564073,1.27986677744875,42.6305870580387,0.0234573358944968,TRUE,105.420182311084,"22-CD29",TRUE,"QQ 109"
"21","NQ","M10","M","10","BR",-2,"E04",2024-10-29,"10-29-24_ZS_M10_BR_Dilution",2.11801825451315,0.0357641272790095,48,0.0208333333333333,FALSE,67.2389910039983,"22-CD29",TRUE,"QQ 109"
"22","NQ","M10","M","10","BR",-2,"F04",2024-10-29,"10-29-24_ZS_M10_BR_Dilution",2.05783793634081,0.0371907705875471,48,0.0208333333333333,FALSE,64.8150082003726,"22-CD29",TRUE,"QQ 109"
"23","NQ","M10","M","10","BR",-2,"G04",2024-10-29,"10-29-24_ZS_M10_BR_Dilution",2.05651652506199,0.0449273005677738,48,0.0208333333333333,FALSE,65.6549897861701,"22-CD29",TRUE,"QQ 109"
"24","NQ","M10","M","10","BR",-2,"H04",2024-10-29,"10-29-24_ZS_M10_BR_Dilution",6.34799654256961,0.998705750264681,36.3843364875636,0.0274843544375698,TRUE,119.001501049577,"22-CD29",TRUE,"QQ 109"
"25","NQ","M10","M","10","Ear",-1,"E03",2025-02-19,"2-19-25_ZS_M10&M12_EarSkin",2.1437766115457,0.180193858577857,48,0.0208333333333333,FALSE,60.3954599465294,"22-CD29",TRUE,"QQ 109"
"26","NQ","M10","M","10","Ear",-1,"F03",2025-02-19,"2-19-25_ZS_M10&M12_EarSkin",1.99458686548871,0.0238768029596341,48,0.0208333333333333,FALSE,60.8681569809008,"22-CD29",TRUE,"QQ 109"
"27","NQ","M10","M","10","Ear",-1,"G03",2025-02-19,"2-19-25_ZS_M10&M12_EarSkin",1.94372600525359,0.03001728744303,48,0.0208333333333333,FALSE,60.3880329359466,"22-CD29",TRUE,"QQ 109"
"28","NQ","M10","M","10","Ear",-1,"H03",2025-02-19,"2-19-25_ZS_M10&M12_EarSkin",9.56151515151515,1.55842873176207,16.7709949469789,0.0596267545939569,TRUE,298.135303030303,"22-CD29",TRUE,"QQ 109"
"29","NQ","M10","M","10","Ear",-2,"E04",2025-02-19,"2-19-25_ZS_M10&M12_EarSkin",1.96436251920123,0.0408033225237526,48,0.0208333333333333,FALSE,68.6935483870968,"22-CD29",TRUE,"QQ 109"
"30","NQ","M10","M","10","Ear",-2,"F04",2025-02-19,"2-19-25_ZS_M10&M12_EarSkin",2.06215966300216,0.030046691096727,48,0.0208333333333333,FALSE,63.2532492551113,"22-CD29",TRUE,"QQ 109"
"31","NQ","M10","M","10","Ear",-2,"G04",2025-02-19,"2-19-25_ZS_M10&M12_EarSkin",2.029821280133,0.0289092084603307,48,0.0208333333333333,FALSE,62.378312032419,"22-CD29",TRUE,"QQ 109"
"32","NQ","M10","M","10","Ear",-2,"H04",2025-02-19,"2-19-25_ZS_M10&M12_EarSkin",2.00368135801207,0.0352228698685392,48,0.0208333333333333,FALSE,63.2504857347376,"22-CD29",TRUE,"QQ 109"
"33","NQ","M10","M","10","Ear",-0.301029995663981,"E06",2026-03-16,"3-16-26_ZS_Pos_Moose_Ear_lowdil",4.12006466642567,0.471127712843582,46.3652452316076,0.0215678790224168,TRUE,83.1868109109532,"22-CD29",TRUE,"QQ 109"
"34","NQ","M10","M","10","Ear",-0.301029995663981,"F06",2026-03-16,"3-16-26_ZS_Pos_Moose_Ear_lowdil",1.93454919396304,0.0386265950189369,48,0.0208333333333333,FALSE,73.5189070864712,"22-CD29",TRUE,"QQ 109"
"35","NQ","M10","M","10","Ear",-0.301029995663981,"G06",2026-03-16,"3-16-26_ZS_Pos_Moose_Ear_lowdil",1.98966049225048,0.043158476682185,48,0.0208333333333333,FALSE,74.5588442637188,"22-CD29",TRUE,"QQ 109"
"36","NQ","M10","M","10","Ear",-0.301029995663981,"H06",2026-03-16,"3-16-26_ZS_Pos_Moose_Ear_lowdil",1.92197003857909,0.0424358824479071,48,0.0208333333333333,FALSE,73.1827972343303,"22-CD29",TRUE,"QQ 109"
"37","NQ","M10","M","10","Ear",-0.602059991327962,"E07",2026-03-16,"3-16-26_ZS_Pos_Moose_Ear_lowdil",1.90551594163477,0.037619192566831,48,0.0208333333333333,FALSE,71.3748955682061,"22-CD29",TRUE,"QQ 109"
"38","NQ","M10","M","10","Ear",-0.602059991327962,"F07",2026-03-16,"3-16-26_ZS_Pos_Moose_Ear_lowdil",7.20635590310142,1.02425080863283,32.3425874344671,0.0309189857498634,TRUE,147.919833743782,"22-CD29",TRUE,"QQ 109"
"39","NQ","M10","M","10","Ear",-0.602059991327962,"G07",2026-03-16,"3-16-26_ZS_Pos_Moose_Ear_lowdil",1.87154388289862,0.03513398345035,48,0.0208333333333333,FALSE,70.8418544063611,"22-CD29",TRUE,"QQ 109"
"40","NQ","M10","M","10","Ear",-0.602059991327962,"H07",2026-03-16,"3-16-26_ZS_Pos_Moose_Ear_lowdil",1.84614849971206,0.0364376132193913,48,0.0208333333333333,FALSE,69.3185344142819,"22-CD29",TRUE,"QQ 109"
"41","NQ","M10","M","10","Ear",-0.778151250383644,"E08",2026-03-16,"3-16-26_ZS_Pos_Moose_Ear_lowdil",1.90855735892669,0.0415300180337113,48,0.0208333333333333,FALSE,71.5202012461687,"22-CD29",TRUE,"QQ 109"
"42","NQ","M10","M","10","Ear",-0.778151250383644,"F08",2026-03-16,"3-16-26_ZS_Pos_Moose_Ear_lowdil",1.92534771215481,0.038856413357522,48,0.0208333333333333,FALSE,71.4041612074177,"22-CD29",TRUE,"QQ 109"
"43","NQ","M10","M","10","Ear",-0.778151250383644,"G08",2026-03-16,"3-16-26_ZS_Pos_Moose_Ear_lowdil",1.84303511656004,0.0370377706034978,48,0.0208333333333333,FALSE,70.7990255303137,"22-CD29",TRUE,"QQ 109"
"44","NQ","M10","M","10","Ear",-0.778151250383644,"H08",2026-03-16,"3-16-26_ZS_Pos_Moose_Ear_lowdil",1.87018480286016,0.0356088199584851,48,0.0208333333333333,FALSE,69.8535097436929,"22-CD29",TRUE,"QQ 109"
"45","NQ","M10","M","10","LN",-1,"E08",2024-07-10,"7-10-24_ZS_M285&M10_LN_Dilution",2.01311475409836,0.0357012750455373,48,0.0208333333333333,FALSE,70.5258196721311,"22-CD29",TRUE,"QQ 109"
"46","NQ","M10","M","10","LN",-1,"F08",2024-07-10,"7-10-24_ZS_M285&M10_LN_Dilution",2.65753424657534,0.0395738203957382,48,0.0208333333333333,FALSE,74.4516267123288,"22-CD29",TRUE,"QQ 109"
"47","NQ","M10","M","10","LN",-1,"G08",2024-07-10,"7-10-24_ZS_M285&M10_LN_Dilution",2.19636363636364,0.0412121212121212,48,0.0208333333333333,FALSE,73.4822727272729,"22-CD29",TRUE,"QQ 109"
"48","NQ","M10","M","10","LN",-1,"H08",2024-07-10,"7-10-24_ZS_M285&M10_LN_Dilution",9.4965034965035,0.822843822843823,34.8687845303867,0.0286789463260052,TRUE,158.128059440559,"22-CD29",TRUE,"QQ 109"
"49","NQ","M10","M","10","LN",-2,"E09",2024-07-10,"7-10-24_ZS_M285&M10_LN_Dilution",1.49882352941176,0.0444444444444444,48,0.0208333333333333,FALSE,63.5214705882354,"22-CD29",TRUE,"QQ 109"
"50","NQ","M10","M","10","LN",-2,"F09",2024-07-10,"7-10-24_ZS_M285&M10_LN_Dilution",1.68435013262599,0.0489242558208075,48,0.0208333333333333,FALSE,67.9257294429708,"22-CD29",TRUE,"QQ 109"
"51","NQ","M10","M","10","LN",-2,"G09",2024-07-10,"7-10-24_ZS_M285&M10_LN_Dilution",6.3963963963964,0.900233566900233,38.7703744493392,0.0257928899115145,TRUE,110.603603603603,"22-CD29",TRUE,"QQ 109"
"52","NQ","M10","M","10","LN",-2,"H09",2024-07-10,"7-10-24_ZS_M285&M10_LN_Dilution",1.7280701754386,0.041585445094217,48,0.0208333333333333,FALSE,71.8552631578946,"22-CD29",TRUE,"QQ 109"
"53","NQ","M10","M","10","SK1",-1,"E08",2024-11-26,"11-26-24_ZS_M9-SK3_M10-SK1",2.19418509169429,0.0334427064149396,48,0.0208333333333333,FALSE,62.93828122624,"22-CD29",TRUE,"QQ 109"
"54","NQ","M10","M","10","SK1",-1,"F08",2024-11-26,"11-26-24_ZS_M9-SK3_M10-SK1",2.13592449540261,0.0269704332232844,48,0.0208333333333333,FALSE,63.3897007390287,"22-CD29",TRUE,"QQ 109"
"55","NQ","M10","M","10","SK1",-1,"G08",2024-11-26,"11-26-24_ZS_M9-SK3_M10-SK1",2.08082950861924,0.0225396542172085,48,0.0208333333333333,FALSE,61.4045019280525,"22-CD29",TRUE,"QQ 109"
"56","NQ","M10","M","10","SK1",-1,"H08",2024-11-26,"11-26-24_ZS_M9-SK3_M10-SK1",1.93660704410863,0.037440329962877,48,0.0208333333333333,FALSE,67.2516853678401,"22-CD29",TRUE,"QQ 109"
"57","NQ","M10","M","10","SK1",-2,"E09",2024-11-26,"11-26-24_ZS_M9-SK3_M10-SK1",2.18034874009493,0.0307750458898327,48,0.0208333333333333,FALSE,65.8809214010714,"22-CD29",TRUE,"QQ 109"
"58","NQ","M10","M","10","SK1",-2,"F09",2024-11-26,"11-26-24_ZS_M9-SK3_M10-SK1",2.11478903957491,0.0286501705131255,48,0.0208333333333333,FALSE,64.5886717820606,"22-CD29",TRUE,"QQ 109"
"59","NQ","M10","M","10","SK1",-2,"G09",2024-11-26,"11-26-24_ZS_M9-SK3_M10-SK1",2.04844624395929,0.0315964442836937,48,0.0208333333333333,FALSE,65.5912875629188,"22-CD29",TRUE,"QQ 109"
"60","NQ","M10","M","10","SK1",-2,"H09",2024-11-26,"11-26-24_ZS_M9-SK3_M10-SK1",1.92322250588966,0.036506575279752,48,0.0208333333333333,FALSE,68.7858764009502,"22-CD29",TRUE,"QQ 109"
"61","NQ","M10","M","10","SK1",-0.301029995663981,"E03",2026-03-16,"3-16-26_ZS_M10_SK1-3_lowdil",2.23890850787466,0.0558284173116126,48,0.0208333333333333,FALSE,81.8162597418413,"22-CD29",TRUE,"QQ 109"
"62","NQ","M10","M","10","SK1",-0.301029995663981,"F03",2026-03-16,"3-16-26_ZS_M10_SK1-3_lowdil",6.90452638639982,1.03791956873123,44.6905307510349,0.0223761048077694,TRUE,93.544844615092,"22-CD29",TRUE,"QQ 109"
"63","NQ","M10","M","10","SK1",-0.301029995663981,"G03",2026-03-16,"3-16-26_ZS_M10_SK1-3_lowdil",2.1237957858946,0.0490832803851196,48,0.0208333333333333,FALSE,78.7702848900108,"22-CD29",TRUE,"QQ 109"
"64","NQ","M10","M","10","SK1",-0.301029995663981,"H03",2026-03-16,"3-16-26_ZS_M10_SK1-3_lowdil",2.17444076222038,0.0606071066924422,48,0.0208333333333333,FALSE,79.6538020401822,"22-CD29",TRUE,"QQ 109"
"65","NQ","M10","M","10","SK1",-0.602059991327962,"E04",2026-03-16,"3-16-26_ZS_M10_SK1-3_lowdil",7.5224948564363,1.20820312543989,47.3522937352775,0.0211183011659475,TRUE,83.6500501687494,"22-CD29",TRUE,"QQ 109"
"66","NQ","M10","M","10","SK1",-0.602059991327962,"F04",2026-03-16,"3-16-26_ZS_M10_SK1-3_lowdil",1.92783889415448,0.0577321978585011,48,0.0208333333333333,FALSE,72.9264997177877,"22-CD29",TRUE,"QQ 109"
"67","NQ","M10","M","10","SK1",-0.602059991327962,"G04",2026-03-16,"3-16-26_ZS_M10_SK1-3_lowdil",1.98205813941574,0.0478335764063224,48,0.0208333333333333,FALSE,76.0459907472871,"22-CD29",TRUE,"QQ 109"
"68","NQ","M10","M","10","SK1",-0.602059991327962,"H04",2026-03-16,"3-16-26_ZS_M10_SK1-3_lowdil",1.88961858043848,0.0490561840246494,48,0.0208333333333333,FALSE,73.4484783261587,"22-CD29",TRUE,"QQ 109"
"69","NQ","M10","M","10","SK1",-0.778151250383644,"E05",2026-03-16,"3-16-26_ZS_M10_SK1-3_lowdil",2.01931587494925,0.0500721793657238,48,0.0208333333333333,FALSE,78.1561776796589,"22-CD29",TRUE,"QQ 109"
"70","NQ","M10","M","10","SK1",-0.778151250383644,"F05",2026-03-16,"3-16-26_ZS_M10_SK1-3_lowdil",1.95216217055226,0.050239666295296,48,0.0208333333333333,FALSE,76.5844806444604,"22-CD29",TRUE,"QQ 109"
"71","NQ","M10","M","10","SK1",-0.778151250383644,"G05",2026-03-16,"3-16-26_ZS_M10_SK1-3_lowdil",1.90497490836758,0.0537554426908911,48,0.0208333333333333,FALSE,74.5726900047457,"22-CD29",TRUE,"QQ 109"
"72","NQ","M10","M","10","SK1",-0.778151250383644,"H05",2026-03-16,"3-16-26_ZS_M10_SK1-3_lowdil",1.85349938287842,0.048124242649059,48,0.0208333333333333,FALSE,72.9568444853612,"22-CD29",TRUE,"QQ 109"
"73","NQ","M10","M","10","SK3",-1,"E09",2024-12-12,"12-12-24_ZS_M6-SK4_M10-SK3",2.16029556750384,0.0250959081089078,48,0.0208333333333333,FALSE,61.6271166414261,"22-CD29",TRUE,"QQ 109"
"74","NQ","M10","M","10","SK3",-1,"F09",2024-12-12,"12-12-24_ZS_M6-SK4_M10-SK3",2.09220930822717,0.0232474468073108,48,0.0208333333333333,FALSE,60.341274171446,"22-CD29",TRUE,"QQ 109"
"75","NQ","M10","M","10","SK3",-1,"G09",2024-12-12,"12-12-24_ZS_M6-SK4_M10-SK3",2.02272474213238,0.0248650630568012,48,0.0208333333333333,FALSE,59.6119041714327,"22-CD29",TRUE,"QQ 109"
"76","NQ","M10","M","10","SK3",-1,"H09",2024-12-12,"12-12-24_ZS_M6-SK4_M10-SK3",1.86985263737777,0.0194056964474262,48,0.0208333333333333,FALSE,58.1164231117319,"22-CD29",TRUE,"QQ 109"
"77","NQ","M10","M","10","SK3",-2,"E10",2024-12-12,"12-12-24_ZS_M6-SK4_M10-SK3",2.087410111407,0.0299146577833631,48,0.0208333333333333,FALSE,62.7147115586008,"22-CD29",TRUE,"QQ 109"
"78","NQ","M10","M","10","SK3",-2,"F10",2024-12-12,"12-12-24_ZS_M6-SK4_M10-SK3",2.05354,0.0280177777777778,48,0.0208333333333333,FALSE,61.8030825,"22-CD29",TRUE,"QQ 109"
"79","NQ","M10","M","10","SK3",-2,"G10",2024-12-12,"12-12-24_ZS_M6-SK4_M10-SK3",2.00679726505324,0.0332555802850351,48,0.0208333333333333,FALSE,62.7497080083413,"22-CD29",TRUE,"QQ 109"
"80","NQ","M10","M","10","SK3",-2,"H10",2024-12-12,"12-12-24_ZS_M6-SK4_M10-SK3",1.89022761699753,0.0331614800641349,48,0.0208333333333333,FALSE,63.6999596388423,"22-CD29",TRUE,"QQ 109"
"81","NQ","M10","M","10","SK3",-0.301029995663981,"E06",2026-03-16,"3-16-26_ZS_M10_SK1-3_lowdil",2.15789202342654,0.0526318201398627,48,0.0208333333333333,FALSE,79.7438211457561,"22-CD29",TRUE,"QQ 109"
"82","NQ","M10","M","10","SK3",-0.301029995663981,"E09",2026-03-16,"3-16-26_ZS_M10_SK1-3_lowdil",2.0829640765944,0.0460933516203337,48,0.0208333333333333,FALSE,76.3466789147808,"22-CD29",TRUE,"QQ 109"
"83","NQ","M10","M","10","SK3",-0.301029995663981,"F06",2026-03-16,"3-16-26_ZS_M10_SK1-3_lowdil",2.12225515504988,0.0510730317913924,48,0.0208333333333333,FALSE,79.0490486662204,"22-CD29",TRUE,"QQ 109"
"84","NQ","M10","M","10","SK3",-0.301029995663981,"F09",2026-03-16,"3-16-26_ZS_M10_SK1-3_lowdil",2.02140622596031,0.0461562131391353,48,0.0208333333333333,FALSE,74.6216459818454,"22-CD29",TRUE,"QQ 109"
"85","NQ","M10","M","10","SK3",-0.301029995663981,"G06",2026-03-16,"3-16-26_ZS_M10_SK1-3_lowdil",2.43918362993662,0.211710750853242,48,0.0208333333333333,FALSE,64.4296103653705,"22-CD29",TRUE,"QQ 109"
"86","NQ","M10","M","10","SK3",-0.301029995663981,"G09",2026-03-16,"3-16-26_ZS_M10_SK1-3_lowdil",9.42131036465178,1.5925157869762,17.8621162500429,0.0559844077824539,TRUE,293.056059307244,"22-CD29",TRUE,"QQ 109"
"87","NQ","M10","M","10","SK3",-0.301029995663981,"H06",2026-03-16,"3-16-26_ZS_M10_SK1-3_lowdil",2.10602037925136,0.0487269089369978,48,0.0208333333333333,FALSE,78.5582558530007,"22-CD29",TRUE,"QQ 109"
"88","NQ","M10","M","10","SK3",-0.301029995663981,"H09",2026-03-16,"3-16-26_ZS_M10_SK1-3_lowdil",1.96248081118203,0.0544536012137208,48,0.0208333333333333,FALSE,74.1882069564515,"22-CD29",TRUE,"QQ 109"
"89","NQ","M10","M","10","SK3",-0.602059991327962,"E07",2026-03-16,"3-16-26_ZS_M10_SK1-3_lowdil",4.58899904633235,0.53430995964573,43.0637463440574,0.0232213888687368,TRUE,91.4593759934039,"22-CD29",TRUE,"QQ 109"
"90","NQ","M10","M","10","SK3",-0.602059991327962,"E10",2026-03-16,"3-16-26_ZS_M10_SK1-3_lowdil",10.228560035887,1.79222781571383,23.07481565889,0.0433372909575003,TRUE,272.314140457559,"22-CD29",TRUE,"QQ 109"
"91","NQ","M10","M","10","SK3",-0.602059991327962,"F07",2026-03-16,"3-16-26_ZS_M10_SK1-3_lowdil",1.92671914332521,0.0502879112780419,48,0.0208333333333333,FALSE,72.0282332580814,"22-CD29",TRUE,"QQ 109"
"92","NQ","M10","M","10","SK3",-0.602059991327962,"F10",2026-03-16,"3-16-26_ZS_M10_SK1-3_lowdil",1.89876540753489,0.0436180666783836,48,0.0208333333333333,FALSE,69.9136481660184,"22-CD29",TRUE,"QQ 109"
"93","NQ","M10","M","10","SK3",-0.602059991327962,"G07",2026-03-16,"3-16-26_ZS_M10_SK1-3_lowdil",1.92407706273956,0.055918678412122,48,0.0208333333333333,FALSE,74.2384443715957,"22-CD29",TRUE,"QQ 109"
"94","NQ","M10","M","10","SK3",-0.602059991327962,"G10",2026-03-16,"3-16-26_ZS_M10_SK1-3_lowdil",2.52542730321959,0.172786938658918,48,0.0208333333333333,FALSE,72.0278299423567,"22-CD29",TRUE,"QQ 109"
"95","NQ","M10","M","10","SK3",-0.602059991327962,"H07",2026-03-16,"3-16-26_ZS_M10_SK1-3_lowdil",1.88571516734895,0.0517715469063929,48,0.0208333333333333,FALSE,73.0460672481536,"22-CD29",TRUE,"QQ 109"
"96","NQ","M10","M","10","SK3",-0.602059991327962,"H10",2026-03-16,"3-16-26_ZS_M10_SK1-3_lowdil",1.84809148818779,0.0487580322460193,48,0.0208333333333333,FALSE,71.4174023172995,"22-CD29",TRUE,"QQ 109"
"97","NQ","M10","M","10","SK3",-0.778151250383644,"E08",2026-03-16,"3-16-26_ZS_M10_SK1-3_lowdil",2.00432135341111,0.0547144410618247,48,0.0208333333333333,FALSE,73.9801682569521,"22-CD29",TRUE,"QQ 109"
"98","NQ","M10","M","10","SK3",-0.778151250383644,"E11",2026-03-16,"3-16-26_ZS_M10_SK1-3_lowdil",1.87449343979457,0.0420651161131842,48,0.0208333333333333,FALSE,69.6607074790354,"22-CD29",TRUE,"QQ 109"
"99","NQ","M10","M","10","SK3",-0.778151250383644,"F08",2026-03-16,"3-16-26_ZS_M10_SK1-3_lowdil",1.93417152406151,0.0504837501077579,48,0.0208333333333333,FALSE,73.0466906718125,"22-CD29",TRUE,"QQ 109"
"100","NQ","M10","M","10","SK3",-0.778151250383644,"F11",2026-03-16,"3-16-26_ZS_M10_SK1-3_lowdil",1.86498133592304,0.0393828321964038,48,0.0208333333333333,FALSE,70.8591620891627,"22-CD29",TRUE,"QQ 109"
"101","NQ","M10","M","10","SK3",-0.778151250383644,"G08",2026-03-16,"3-16-26_ZS_M10_SK1-3_lowdil",1.87421953575447,0.0461213845266981,48,0.0208333333333333,FALSE,70.0723578733532,"22-CD29",TRUE,"QQ 109"
"102","NQ","M10","M","10","SK3",-0.778151250383644,"G11",2026-03-16,"3-16-26_ZS_M10_SK1-3_lowdil",5.74274868023014,0.784234379702676,35.6071979486351,0.0280842093062909,TRUE,117.691177560947,"22-CD29",TRUE,"QQ 109"
"103","NQ","M10","M","10","SK3",-0.778151250383644,"H08",2026-03-16,"3-16-26_ZS_M10_SK1-3_lowdil",1.83686,0.0442577777777778,48,0.0208333333333333,FALSE,71.81647875,"22-CD29",TRUE,"QQ 109"
"104","NQ","M10","M","10","SK3",-0.778151250383644,"H11",2026-03-16,"3-16-26_ZS_M10_SK1-3_lowdil",1.82915895619131,0.0412039007033713,48,0.0208333333333333,FALSE,71.8809980901112,"22-CD29",TRUE,"QQ 109"
"105","NQ","M10","M","10","SK4",-1,"E08",2025-05-09,"5-9-25_ZS_R7-SK4_M10-SK4",1.90511551155116,0.0282132379904657,48,0.0208333333333333,FALSE,66.5035581683169,"22-CD29",TRUE,"QQ 109"
"106","NQ","M10","M","10","SK4",-1,"F08",2025-05-09,"5-9-25_ZS_R7-SK4_M10-SK4",1.88263617213361,0.0260808506369746,48,0.0208333333333333,FALSE,64.9845771892869,"22-CD29",TRUE,"QQ 109"
"107","NQ","M10","M","10","SK4",-1,"G08",2025-05-09,"5-9-25_ZS_R7-SK4_M10-SK4",1.834509171538,0.0263835696208202,48,0.0208333333333333,FALSE,63.8435799234026,"22-CD29",TRUE,"QQ 109"
"108","NQ","M10","M","10","SK4",-1,"H08",2025-05-09,"5-9-25_ZS_R7-SK4_M10-SK4",1.84087442806304,0.0244478337005027,48,0.0208333333333333,FALSE,63.000533807829,"22-CD29",TRUE,"QQ 109"
"109","NQ","M10","M","10","SK4",-2,"E09",2025-05-09,"5-9-25_ZS_R7-SK4_M10-SK4",1.838,0.0290666666666667,48,0.0208333333333333,FALSE,66.9972,"22-CD29",TRUE,"QQ 109"
"110","NQ","M10","M","10","SK4",-2,"F09",2025-05-09,"5-9-25_ZS_R7-SK4_M10-SK4",1.79943955164131,0.03118049995552,48,0.0208333333333333,FALSE,66.072357886309,"22-CD29",TRUE,"QQ 109"
"111","NQ","M10","M","10","SK4",-2,"G09",2025-05-09,"5-9-25_ZS_R7-SK4_M10-SK4",1.81177429211652,0.0284511441569905,48,0.0208333333333333,FALSE,66.3826390303523,"22-CD29",TRUE,"QQ 109"
"112","NQ","M10","M","10","SK4",-2,"H09",2025-05-09,"5-9-25_ZS_R7-SK4_M10-SK4",1.83756294058409,0.028130245048674,48,0.0208333333333333,FALSE,64.9547960725074,"22-CD29",TRUE,"QQ 109"
"113","NQ","M12","M","12","BR",-1,"E03",2025-06-05,"6-5-25_ZS_M12_BR",4.83812045042577,0.261386756977731,44.901635756285,0.0222709035685861,TRUE,118.500994960547,"23-CD8963",TRUE,"KK 109"
"114","NQ","M12","M","12","BR",-1,"F03",2025-06-05,"6-5-25_ZS_M12_BR",3.161843371891,0.0970761309464802,48,0.0208333333333333,FALSE,109.402831610891,"23-CD8963",TRUE,"KK 109"
"115","NQ","M12","M","12","BR",-1,"G03",2025-06-05,"6-5-25_ZS_M12_BR",3.26675321986443,0.0916381189907023,48,0.0208333333333333,FALSE,107.516775657531,"23-CD8963",TRUE,"KK 109"
"116","NQ","M12","M","12","BR",-1,"H03",2025-06-05,"6-5-25_ZS_M12_BR",3.09720480303608,0.091433760180517,48,0.0208333333333333,FALSE,106.536477291658,"23-CD8963",TRUE,"KK 109"
"117","NQ","M12","M","12","BR",-2,"E04",2025-06-05,"6-5-25_ZS_M12_BR",11.4725735963818,1.88642470929109,4.58418889681264,0.21814109813304,TRUE,478.170314765988,"23-CD8963",TRUE,"KK 109"
"118","NQ","M12","M","12","BR",-2,"F04",2025-06-05,"6-5-25_ZS_M12_BR",10.7093376840579,1.65372213493917,6.68479589708855,0.14959319856505,TRUE,424.088462539326,"23-CD8963",TRUE,"KK 109"
"119","NQ","M12","M","12","BR",-2,"G04",2025-06-05,"6-5-25_ZS_M12_BR",10.1757959175902,1.47387075753921,8.60777413630233,0.116174051986635,TRUE,382.103919727522,"23-CD8963",TRUE,"KK 109"
"120","NQ","M12","M","12","BR",-2,"H04",2025-06-05,"6-5-25_ZS_M12_BR",10.7702860886492,1.74374615713321,5.15050213752855,0.19415582661613,TRUE,440.211013978752,"23-CD8963",TRUE,"KK 109"
"121","NQ","M12","M","12","Ear",-1,"E08",2025-02-19,"2-19-25_ZS_M10&M12_EarSkin",11.0883764607679,1.82948432572807,10.8335439977138,0.0923058973324913,TRUE,401.970341193656,"23-CD8963",TRUE,"KK 109"
"122","NQ","M12","M","12","Ear",-1,"F08",2025-02-19,"2-19-25_ZS_M10&M12_EarSkin",7.69457669219623,1.3508590353964,20.8016848955151,0.0480730289408241,TRUE,225.330366383772,"23-CD8963",TRUE,"KK 109"
"123","NQ","M12","M","12","Ear",-1,"G08",2025-02-19,"2-19-25_ZS_M10&M12_EarSkin",10.7603927303113,1.88614998955504,9.39588409328228,0.106429580236623,TRUE,403.323153854189,"23-CD8963",TRUE,"KK 109"
"124","NQ","M12","M","12","Ear",-1,"H08",2025-02-19,"2-19-25_ZS_M10&M12_EarSkin",8.14123310118804,1.23810824343393,25.0328775541558,0.0399474650022401,TRUE,204.289776218763,"23-CD8963",TRUE,"KK 109"
"125","NQ","M12","M","12","Ear",-2,"E09",2025-02-19,"2-19-25_ZS_M10&M12_EarSkin",1.90267489711934,0.0264288980338363,48,0.0208333333333333,FALSE,63.639776234568,"23-CD8963",TRUE,"KK 109"
"126","NQ","M12","M","12","Ear",-2,"F09",2025-02-19,"2-19-25_ZS_M10&M12_EarSkin",4.94191684720933,0.764469204580625,44.3140714934868,0.0225661954836846,TRUE,75.7662101516557,"23-CD8963",TRUE,"KK 109"
"127","NQ","M12","M","12","Ear",-2,"G09",2025-02-19,"2-19-25_ZS_M10&M12_EarSkin",8.60963880077765,1.39941107586662,14.5580689584821,0.0686904288509611,TRUE,286.557710017394,"23-CD8963",TRUE,"KK 109"
"128","NQ","M12","M","12","Ear",-2,"H09",2025-02-19,"2-19-25_ZS_M10&M12_EarSkin",6.82055262340888,0.981521726631941,29.8334899084793,0.0335193771519094,TRUE,150.727258615337,"23-CD8963",TRUE,"KK 109"
"129","NQ","M12","M","12","Ear",-0.301029995663981,"E09",2026-03-16,"3-16-26_ZS_Pos_Moose_Ear_lowdil",9.72599859140759,1.55010676236152,15.2536566873888,0.0655580508001577,TRUE,315.769189556293,"23-CD8963",TRUE,"KK 109"
"130","NQ","M12","M","12","Ear",-0.301029995663981,"F09",2026-03-16,"3-16-26_ZS_Pos_Moose_Ear_lowdil",8.77639638362711,1.28962368258532,24.5693690022524,0.0407010859704343,TRUE,223.64519276523,"23-CD8963",TRUE,"KK 109"
"131","NQ","M12","M","12","Ear",-0.301029995663981,"G09",2026-03-16,"3-16-26_ZS_Pos_Moose_Ear_lowdil",1.94662399868714,0.0410679302952911,48,0.0208333333333333,FALSE,73.1014685067232,"23-CD8963",TRUE,"KK 109"
"132","NQ","M12","M","12","Ear",-0.301029995663981,"H09",2026-03-16,"3-16-26_ZS_Pos_Moose_Ear_lowdil",9.91040513454289,1.62823952430242,16.0894646942898,0.0621524717571805,TRUE,317.597975885096,"23-CD8963",TRUE,"KK 109"
"133","NQ","M12","M","12","Ear",-0.602059991327962,"E10",2026-03-16,"3-16-26_ZS_Pos_Moose_Ear_lowdil",1.94523,0.0387644444444444,48,0.0208333333333333,FALSE,71.83721625,"23-CD8963",TRUE,"KK 109"
"134","NQ","M12","M","12","Ear",-0.602059991327962,"F10",2026-03-16,"3-16-26_ZS_Pos_Moose_Ear_lowdil",8.90234958168428,1.39756970536992,19.572201631992,0.0510928723708546,TRUE,262.806331095636,"23-CD8963",TRUE,"KK 109"
"135","NQ","M12","M","12","Ear",-0.602059991327962,"G10",2026-03-16,"3-16-26_ZS_Pos_Moose_Ear_lowdil",9.26998726191312,1.52266610498725,14.5845596821378,0.0685656627141604,TRUE,310.831189005125,"23-CD8963",TRUE,"KK 109"
"136","NQ","M12","M","12","Ear",-0.602059991327962,"H10",2026-03-16,"3-16-26_ZS_Pos_Moose_Ear_lowdil",1.94526123687664,0.0378937007874015,48,0.0208333333333333,FALSE,73.6704793614665,"23-CD8963",TRUE,"KK 109"
"137","NQ","M12","M","12","Ear",-0.778151250383644,"E11",2026-03-16,"3-16-26_ZS_Pos_Moose_Ear_lowdil",9.06774599962303,1.33510797187473,14.2655560664139,0.0700989148508799,TRUE,305.305176929258,"23-CD8963",TRUE,"KK 109"
"138","NQ","M12","M","12","Ear",-0.778151250383644,"F11",2026-03-16,"3-16-26_ZS_Pos_Moose_Ear_lowdil",5.43999596000404,0.806665993334007,45.0557460674924,0.0221947273606795,TRUE,80.9609395515604,"23-CD8963",TRUE,"KK 109"
"139","NQ","M12","M","12","Ear",-0.778151250383644,"G11",2026-03-16,"3-16-26_ZS_Pos_Moose_Ear_lowdil",1.85030195381883,0.0408085934196058,48,0.0208333333333333,FALSE,69.5284826186246,"23-CD8963",TRUE,"KK 109"
"140","NQ","M12","M","12","Ear",-0.778151250383644,"H11",2026-03-16,"3-16-26_ZS_Pos_Moose_Ear_lowdil",9.57321981111089,1.51355772622988,13.1776633208842,0.0758859879516866,TRUE,330.051115335612,"23-CD8963",TRUE,"KK 109"
"141","NQ","M12","M","12","LN",-1,"E08",2025-06-09,"6-9-25_ZS_M9&M12_LN",6.3390964378801,0.771726142592056,32.1424844000221,0.0311114718935451,TRUE,147.659596727483,"23-CD8963",TRUE,"KK 109"
"142","NQ","M12","M","12","LN",-1,"F08",2025-06-09,"6-9-25_ZS_M9&M12_LN",1.98661694993641,0.066775007172741,48,0.0208333333333333,FALSE,82.6896967857556,"23-CD8963",TRUE,"KK 109"
"143","NQ","M12","M","12","LN",-1,"G08",2025-06-09,"6-9-25_ZS_M9&M12_LN",2.04151711052647,0.0710892903133262,48,0.0208333333333333,FALSE,84.2725935724275,"23-CD8963",TRUE,"KK 109"
"144","NQ","M12","M","12","LN",-1,"H08",2025-06-09,"6-9-25_ZS_M9&M12_LN",5.86259906147166,0.700718067211437,35.3202793834297,0.0283123468289762,TRUE,129.416708043694,"23-CD8963",TRUE,"KK 109"
"145","NQ","M12","M","12","LN",-2,"E09",2025-06-09,"6-9-25_ZS_M9&M12_LN",2.17980352277524,0.0722484447684955,48,0.0208333333333333,FALSE,89.0769911546874,"23-CD8963",TRUE,"KK 109"
"146","NQ","M12","M","12","LN",-2,"F09",2025-06-09,"6-9-25_ZS_M9&M12_LN",2.06104532268036,0.0727170886109394,48,0.0208333333333333,FALSE,85.6559494935084,"23-CD8963",TRUE,"KK 109"
"147","NQ","M12","M","12","LN",-2,"G09",2025-06-09,"6-9-25_ZS_M9&M12_LN",2.09409039569654,0.0721072547555692,48,0.0208333333333333,FALSE,86.4149728640618,"23-CD8963",TRUE,"KK 109"
"148","NQ","M12","M","12","LN",-2,"H09",2025-06-09,"6-9-25_ZS_M9&M12_LN",2.18050836854313,0.0705628969457036,48,0.0208333333333333,FALSE,88.1940404808424,"23-CD8963",TRUE,"KK 109"
"149","NQ","M277","M","277","BR",-1,"E03",2024-07-17,"7-17-24_ZS_M277&M287_BR_Dilution",1.59922680412371,0.0260595647193585,48,0.0208333333333333,FALSE,64.5633054123709,"19-CD23277",FALSE,NA
"150","NQ","M277","M","277","BR",-1,"F03",2024-07-17,"7-17-24_ZS_M277&M287_BR_Dilution",1.695,0.0288888888888889,48,0.0208333333333333,FALSE,67.02,"19-CD23277",FALSE,NA
"151","NQ","M277","M","277","BR",-1,"G03",2024-07-17,"7-17-24_ZS_M277&M287_BR_Dilution",1.55193992490613,0.0239187873731053,48,0.0208333333333333,FALSE,63.7514080100125,"19-CD23277",FALSE,NA
"152","NQ","M277","M","277","BR",-1,"H03",2024-07-17,"7-17-24_ZS_M277&M287_BR_Dilution",1.58582089552239,0.0229408512990602,48,0.0208333333333333,FALSE,64.4542910447763,"19-CD23277",FALSE,NA
"153","NQ","M277","M","277","BR",-2,"E04",2024-07-17,"7-17-24_ZS_M277&M287_BR_Dilution",2.59954751131222,0.255907491201609,48,0.0208333333333333,FALSE,67.1517251131222,"19-CD23277",FALSE,NA
"154","NQ","M277","M","277","BR",-2,"F04",2024-07-17,"7-17-24_ZS_M277&M287_BR_Dilution",4.97777777777778,0.645925925925926,34.4094827586207,0.029061756231993,TRUE,108.49375,"19-CD23277",FALSE,NA
"155","NQ","M277","M","277","BR",-2,"G04",2024-07-17,"7-17-24_ZS_M277&M287_BR_Dilution",3.16351501668521,0.406871832900754,48,0.0208333333333333,FALSE,60.4942992213571,"19-CD23277",FALSE,NA
"156","NQ","M277","M","277","BR",-2,"H04",2024-07-17,"7-17-24_ZS_M277&M287_BR_Dilution",1.33039647577093,0.0176211453744494,48,0.0208333333333333,FALSE,57.8920704845815,"19-CD23277",FALSE,NA
"157","NQ","M277","M","277","LN",-1,"E08",2026-02-26,"2-26-26_R10&M277_LN",1.86476101763987,0.0368861030792684,48,0.0208333333333333,FALSE,69.8501120684637,"19-CD23277",FALSE,NA
"158","NQ","M277","M","277","LN",-1,"F08",2026-02-26,"2-26-26_R10&M277_LN",1.80538774689652,0.0400261345931548,48,0.0208333333333333,FALSE,69.8207028697793,"19-CD23277",FALSE,NA
"159","NQ","M277","M","277","LN",-1,"G08",2026-02-26,"2-26-26_R10&M277_LN",1.77937887215217,0.0366558240907522,48,0.0208333333333333,FALSE,68.5861275509194,"19-CD23277",FALSE,NA
"160","NQ","M277","M","277","LN",-1,"H08",2026-02-26,"2-26-26_R10&M277_LN",1.75268537334948,0.0372754402766516,48,0.0208333333333333,FALSE,70.059387294405,"19-CD23277",FALSE,NA
"161","NQ","M277","M","277","LN",-2,"E09",2026-02-26,"2-26-26_R10&M277_LN",1.81649733961466,0.0352816598968629,48,0.0208333333333333,FALSE,68.9397909556735,"19-CD23277",FALSE,NA
"162","NQ","M277","M","277","LN",-2,"F09",2026-02-26,"2-26-26_R10&M277_LN",1.82194072657744,0.0377274980525459,48,0.0208333333333333,FALSE,67.9020337894358,"19-CD23277",FALSE,NA
"163","NQ","M277","M","277","LN",-2,"G09",2026-02-26,"2-26-26_R10&M277_LN",1.73823824809468,0.0354477244530219,48,0.0208333333333333,FALSE,66.9783091927766,"19-CD23277",FALSE,NA
"164","NQ","M277","M","277","LN",-2,"H09",2026-02-26,"2-26-26_R10&M277_LN",1.69956715173792,0.0367190124051924,48,0.0208333333333333,FALSE,68.9184794070682,"19-CD23277",FALSE,NA
"165","NQ","M281","M","281","BR",-1,"E03",2024-09-19,"9-19-24_ZS_M281&M285_BR_Dilution",2.24622120296049,0.0340294427649791,48,0.0208333333333333,FALSE,64.6413921609508,"19-CD23281",FALSE,NA
"166","NQ","M281","M","281","BR",-1,"F03",2024-09-19,"9-19-24_ZS_M281&M285_BR_Dilution",2.1502854812398,0.0297716150081566,48,0.0208333333333333,FALSE,63.1000203915171,"19-CD23281",FALSE,NA
"167","NQ","M281","M","281","BR",-1,"G03",2024-09-19,"9-19-24_ZS_M281&M285_BR_Dilution",2.18721270371918,0.0322236151738868,48,0.0208333333333333,FALSE,64.7569995821143,"19-CD23281",FALSE,NA
"168","NQ","M281","M","281","BR",-1,"H03",2024-09-19,"9-19-24_ZS_M281&M285_BR_Dilution",2.14313725490196,0.0276803118908382,48,0.0208333333333333,FALSE,63.3801857585138,"19-CD23281",FALSE,NA
"169","NQ","M281","M","281","BR",-2,"E04",2024-09-19,"9-19-24_ZS_M281&M285_BR_Dilution",5.08159757330637,0.68812492978317,39.3933370044053,0.0253850035575349,TRUE,92.7194893832152,"19-CD23281",FALSE,NA
"170","NQ","M281","M","281","BR",-2,"F04",2024-09-19,"9-19-24_ZS_M281&M285_BR_Dilution",5.80256486728303,0.838431034673206,36.5461186325119,0.0273626868575419,TRUE,108.014986579183,"19-CD23281",FALSE,NA
"171","NQ","M281","M","281","BR",-2,"G04",2024-09-19,"9-19-24_ZS_M281&M285_BR_Dilution",3.38426521523998,0.448402880862059,48,0.0208333333333333,FALSE,64.8562963879267,"19-CD23281",FALSE,NA
"172","NQ","M281","M","281","BR",-2,"H04",2024-09-19,"9-19-24_ZS_M281&M285_BR_Dilution",1.85126833135157,0.0249482538424275,48,0.0208333333333333,FALSE,60.2184527348395,"19-CD23281",FALSE,NA
"173","NQ","M281","M","281","LN",-1,"E03",2024-06-21,"6-21-24_ZS_M281&M5_LN_Dilution",2.94261234182293,0.0534287001282413,48,0.0208333333333333,FALSE,85.7711326173694,"19-CD23281",FALSE,NA
"174","NQ","M281","M","281","LN",-1,"F03",2024-06-21,"6-21-24_ZS_M281&M5_LN_Dilution",11.4767440643737,2.07616297117903,46.5327587310002,0.021490236712181,TRUE,93.2420958594494,"19-CD23281",FALSE,NA
"175","NQ","M281","M","281","LN",-1,"G03",2024-06-21,"6-21-24_ZS_M281&M5_LN_Dilution",3.04676062154767,0.0531011420278882,48,0.0208333333333333,FALSE,82.5109996902588,"19-CD23281",FALSE,NA
"176","NQ","M281","M","281","LN",-1,"H03",2024-06-21,"6-21-24_ZS_M281&M5_LN_Dilution",2.7124189576318,0.0477838646808843,48,0.0208333333333333,FALSE,78.4008770166356,"19-CD23281",FALSE,NA
"177","NQ","M281","M","281","LN",-2,"E04",2024-06-21,"6-21-24_ZS_M281&M5_LN_Dilution",2.22370258500305,0.0450384285167524,48,0.0208333333333333,FALSE,74.276408614608,"19-CD23281",FALSE,NA
"178","NQ","M281","M","281","LN",-2,"F04",2024-06-21,"6-21-24_ZS_M281&M5_LN_Dilution",2.1865603985056,0.0402158572021585,48,0.0208333333333333,FALSE,74.3476139476961,"19-CD23281",FALSE,NA
"179","NQ","M281","M","281","LN",-2,"G04",2024-06-21,"6-21-24_ZS_M281&M5_LN_Dilution",2.15858511570739,0.0427053354243835,48,0.0208333333333333,FALSE,73.9990429079478,"19-CD23281",FALSE,NA
"180","NQ","M281","M","281","LN",-2,"H04",2024-06-21,"6-21-24_ZS_M281&M5_LN_Dilution",2.10038376486221,0.0404787640193171,48,0.0208333333333333,FALSE,73.6627765437363,"19-CD23281",FALSE,NA
"181","NQ","M285","M","285","BR",-1,"E08",2024-09-19,"9-19-24_ZS_M281&M285_BR_Dilution",2.21203646157033,0.0308450153074143,48,0.0208333333333333,FALSE,59.4117464263517,"19-CD23285",FALSE,NA
"182","NQ","M285","M","285","BR",-1,"F08",2024-09-19,"9-19-24_ZS_M281&M285_BR_Dilution",2.31941612106901,0.0267611176702086,48,0.0208333333333333,FALSE,63.5782574863154,"19-CD23285",FALSE,NA
"183","NQ","M285","M","285","BR",-1,"G08",2024-09-19,"9-19-24_ZS_M281&M285_BR_Dilution",2.27219749947023,0.0340232158413977,48,0.0208333333333333,FALSE,62.9544659885569,"19-CD23285",FALSE,NA
"184","NQ","M285","M","285","BR",-1,"H08",2024-09-19,"9-19-24_ZS_M281&M285_BR_Dilution",2.20445280652242,0.0279200492433481,48,0.0208333333333333,FALSE,63.5321809344623,"19-CD23285",FALSE,NA
"185","NQ","M285","M","285","BR",-2,"E09",2024-09-19,"9-19-24_ZS_M281&M285_BR_Dilution",9.61831610044313,1.43613983259478,35.5230438114126,0.0281507408348472,TRUE,148.907976366322,"19-CD23285",FALSE,NA
"186","NQ","M285","M","285","BR",-2,"F09",2024-09-19,"9-19-24_ZS_M281&M285_BR_Dilution",1.93309788092836,0.0232985760735509,48,0.0208333333333333,FALSE,59.1465817356205,"19-CD23285",FALSE,NA
"187","NQ","M285","M","285","BR",-2,"G09",2024-09-19,"9-19-24_ZS_M281&M285_BR_Dilution",5.05110070724176,0.645305530652677,35.8101713062099,0.02792502698323,TRUE,104.966567885248,"19-CD23285",FALSE,NA
"188","NQ","M285","M","285","BR",-2,"H09",2024-09-19,"9-19-24_ZS_M281&M285_BR_Dilution",7.48436103663986,1.19193724555655,41.6869977276506,0.023988295020265,TRUE,93.4187146261543,"19-CD23285",FALSE,NA
"189","NQ","M285","M","285","LN",-1,"E03",2024-07-10,"7-10-24_ZS_M285&M10_LN_Dilution",5.72875816993464,0.803921568627451,44.4375,0.0225035161744023,TRUE,86.4338235294117,"19-CD23285",FALSE,NA
"190","NQ","M285","M","285","LN",-1,"F03",2024-07-10,"7-10-24_ZS_M285&M10_LN_Dilution",11.2763157894737,1.67690058479532,32.2656453715776,0.0309927165095817,TRUE,203.785361842105,"19-CD23285",FALSE,NA
"191","NQ","M285","M","285","LN",-1,"G03",2024-07-10,"7-10-24_ZS_M285&M10_LN_Dilution",7.73469387755102,1.13303099017385,29.0981833910035,0.0343664065403196,TRUE,175.061224489796,"19-CD23285",FALSE,NA
"192","NQ","M285","M","285","LN",-1,"H03",2024-07-10,"7-10-24_ZS_M285&M10_LN_Dilution",12.7218543046358,1.84547461368653,29.4928278688525,0.0339065485495918,TRUE,248.986341059603,"19-CD23285",FALSE,NA
"193","NQ","M285","M","285","LN",-2,"E04",2024-07-10,"7-10-24_ZS_M285&M10_LN_Dilution",1.97771587743733,0.0451872485298669,48,0.0208333333333333,FALSE,70.9397632311977,"19-CD23285",FALSE,NA
"194","NQ","M285","M","285","LN",-2,"F04",2024-07-10,"7-10-24_ZS_M285&M10_LN_Dilution",2.16,0.052063492063492,48,0.0208333333333333,FALSE,72.9257142857143,"19-CD23285",FALSE,NA
"195","NQ","M285","M","285","LN",-2,"G04",2024-07-10,"7-10-24_ZS_M285&M10_LN_Dilution",1.82267441860465,0.045219638242894,48,0.0208333333333333,FALSE,70.9404069767443,"19-CD23285",FALSE,NA
"196","NQ","M285","M","285","LN",-2,"H04",2024-07-10,"7-10-24_ZS_M285&M10_LN_Dilution",1.75211267605634,0.0413145539906103,48,0.0208333333333333,FALSE,69.4299295774649,"19-CD23285",FALSE,NA
"197","NQ","M287","M","287","BR",-1,"E08",2024-07-17,"7-17-24_ZS_M277&M287_BR_Dilution",1.51090700344432,0.0278096696007144,48,0.0208333333333333,FALSE,60.8528989667049,"19-CD23287",FALSE,NA
"198","NQ","M287","M","287","BR",-1,"F08",2024-07-17,"7-17-24_ZS_M277&M287_BR_Dilution",1.52989449003517,0.0270939168946203,48,0.0208333333333333,FALSE,62.0306271981242,"19-CD23287",FALSE,NA
"199","NQ","M287","M","287","BR",-1,"G08",2024-07-17,"7-17-24_ZS_M277&M287_BR_Dilution",1.479815455594,0.0192233756247597,48,0.0208333333333333,FALSE,59.2058823529412,"19-CD23287",FALSE,NA
"200","NQ","M287","M","287","BR",-1,"H08",2024-07-17,"7-17-24_ZS_M277&M287_BR_Dilution",1.42655699177438,0.0208904556730644,48,0.0208333333333333,FALSE,60.6239717978849,"19-CD23287",FALSE,NA
"201","NQ","M287","M","287","BR",-2,"E09",2024-07-17,"7-17-24_ZS_M277&M287_BR_Dilution",3.52178899082569,0.347604485219164,48,0.0208333333333333,FALSE,84.676892201835,"19-CD23287",FALSE,NA
"202","NQ","M287","M","287","BR",-2,"F09",2024-07-17,"7-17-24_ZS_M277&M287_BR_Dilution",3.97782705099778,0.469573786646957,48,0.0208333333333333,FALSE,94.9057649667407,"19-CD23287",FALSE,NA
"203","NQ","M287","M","287","BR",-2,"G09",2024-07-17,"7-17-24_ZS_M277&M287_BR_Dilution",2.85521885521886,0.275595460780646,48,0.0208333333333333,FALSE,69.7150673400672,"19-CD23287",FALSE,NA
"204","NQ","M287","M","287","BR",-2,"H09",2024-07-17,"7-17-24_ZS_M277&M287_BR_Dilution",3.45787139689579,0.405025868440503,48,0.0208333333333333,FALSE,70.1536862527716,"19-CD23287",FALSE,NA
"205","NQ","M287","M","287","LN",-1,"E03",2024-06-28,"6-28-24_ZS_M287&M6_LN_Dilution",1.68015794669299,0.0344411538883405,48,0.0208333333333333,FALSE,60.2232230997038,"19-CD23287",FALSE,NA
"206","NQ","M287","M","287","LN",-1,"F03",2024-06-28,"6-28-24_ZS_M287&M6_LN_Dilution",1.57405614714424,0.0277508873830268,48,0.0208333333333333,FALSE,58.8492255566312,"19-CD23287",FALSE,NA
"207","NQ","M287","M","287","LN",-1,"G03",2024-06-28,"6-28-24_ZS_M287&M6_LN_Dilution",1.60662122687439,0.0281293952180028,48,0.0208333333333333,FALSE,59.0331061343719,"19-CD23287",FALSE,NA
"208","NQ","M287","M","287","LN",-1,"H03",2024-06-28,"6-28-24_ZS_M287&M6_LN_Dilution",1.57756097560976,0.026449864498645,48,0.0208333333333333,FALSE,58.7623170731707,"19-CD23287",FALSE,NA
"209","NQ","M287","M","287","LN",-2,"E04",2024-06-28,"6-28-24_ZS_M287&M6_LN_Dilution",1.55136663524976,0.0381191747826998,48,0.0208333333333333,FALSE,58.8509660697456,"19-CD23287",FALSE,NA
"210","NQ","M287","M","287","LN",-2,"F04",2024-06-28,"6-28-24_ZS_M287&M6_LN_Dilution",1.53494874184529,0.035621828725277,48,0.0208333333333333,FALSE,58.6943150046598,"19-CD23287",FALSE,NA
"211","NQ","M287","M","287","LN",-2,"G04",2024-06-28,"6-28-24_ZS_M287&M6_LN_Dilution",1.50185528756957,0.0292723149866007,48,0.0208333333333333,FALSE,57.7437384044528,"19-CD23287",FALSE,NA
"212","NQ","M287","M","287","LN",-2,"H04",2024-06-28,"6-28-24_ZS_M287&M6_LN_Dilution",1.53728489483748,0.0259188442744848,48,0.0208333333333333,FALSE,60.7912284894838,"19-CD23287",FALSE,NA
"213","NQ","M3","M","3","BR",-1,"E03",2024-07-15,"7-15-24_ZS_M3_BR_Dilution",13.4670947030498,1.23310148029249,20.2756097560976,0.0493203416335859,TRUE,352.342295345105,"17-CD11399",TRUE,"KK 109"
"214","NQ","M3","M","3","BR",-1,"F03",2024-07-15,"7-15-24_ZS_M3_BR_Dilution",14.7929447852761,1.7678936605317,15.4951067615658,0.064536502741653,TRUE,454.261886503067,"17-CD11399",TRUE,"KK 109"
"215","NQ","M3","M","3","BR",-1,"G03",2024-07-15,"7-15-24_ZS_M3_BR_Dilution",6.2877358490566,0.706498951781971,45.3529411764706,0.0220492866407263,TRUE,84.9587264150941,"17-CD11399",TRUE,"KK 109"
"216","NQ","M3","M","3","BR",-1,"H03",2024-07-15,"7-15-24_ZS_M3_BR_Dilution",4.05073649754501,0.333151482087652,47.8825757575758,0.0208844237006566,TRUE,79.6828968903435,"17-CD11399",TRUE,"KK 109"
"217","NQ","M3","M","3","BR",-2,"E04",2024-07-15,"7-15-24_ZS_M3_BR_Dilution",11.3083451202263,2.04086122898004,4.9446053032612,0.202240611468109,TRUE,471.631718528995,"17-CD11399",TRUE,"KK 109"
"218","NQ","M3","M","3","BR",-2,"F04",2024-07-15,"7-15-24_ZS_M3_BR_Dilution",11.3842917251052,2.03553062178588,4.67615740740741,0.213850799465373,TRUE,478.60729312763,"17-CD11399",TRUE,"KK 109"
"219","NQ","M3","M","3","BR",-2,"G04",2024-07-15,"7-15-24_ZS_M3_BR_Dilution",11.7461645746165,2.06415620641562,4.19149577804584,0.23857831498669,TRUE,494.693514644352,"17-CD11399",TRUE,"KK 109"
"220","NQ","M3","M","3","BR",-2,"H04",2024-07-15,"7-15-24_ZS_M3_BR_Dilution",12.5697329376855,2.22947576656775,4.26506996770721,0.234462742128841,TRUE,528.900778931751,"17-CD11399",TRUE,"KK 109"
"221","NQ","M3","M","3","LN",-1,"E09",2024-06-20,"6-20-24_ZS_M3&M540_LN_5^-1_Dilution",1.44582392776524,0.0190619513418611,48,0.0208333333333333,FALSE,57.6877821670428,"17-CD11399",TRUE,"KK 109"
"222","NQ","M3","M","3","LN",-1,"F09",2024-06-20,"6-20-24_ZS_M3&M540_LN_5^-1_Dilution",1.44671201814059,0.0204081632653061,48,0.0208333333333333,FALSE,58.8022959183672,"17-CD11399",TRUE,"KK 109"
"223","NQ","M3","M","3","LN",-1,"G09",2024-06-20,"6-20-24_ZS_M3&M540_LN_5^-1_Dilution",1.41779279279279,0.0172672672672673,48,0.0208333333333333,FALSE,57.2453547297297,"17-CD11399",TRUE,"KK 109"
"224","NQ","M3","M","3","LN",-1,"H09",2024-06-20,"6-20-24_ZS_M3&M540_LN_5^-1_Dilution",1.36175115207373,0.0199692780337941,48,0.0208333333333333,FALSE,58.1288882488479,"17-CD11399",TRUE,"KK 109"
"225","NQ","M3","M","3","LN",-2,"E10",2024-06-20,"6-20-24_ZS_M3&M540_LN_5^-1_Dilution",1.44668911335578,0.0199526125452051,48,0.0208333333333333,FALSE,58.8468013468013,"17-CD11399",TRUE,"KK 109"
"226","NQ","M3","M","3","LN",-2,"F10",2024-06-20,"6-20-24_ZS_M3&M540_LN_5^-1_Dilution",1.39845474613687,0.0208486632327692,48,0.0208333333333333,FALSE,57.4954470198676,"17-CD11399",TRUE,"KK 109"
"227","NQ","M3","M","3","LN",-2,"G10",2024-06-20,"6-20-24_ZS_M3&M540_LN_5^-1_Dilution",1.40090600226501,0.0173650434126085,48,0.0208333333333333,FALSE,57.6480747451869,"17-CD11399",TRUE,"KK 109"
"228","NQ","M3","M","3","LN",-2,"H10",2024-06-20,"6-20-24_ZS_M3&M540_LN_5^-1_Dilution",1.3517877739331,0.0184544405997694,48,0.0208333333333333,FALSE,58.59169550173,"17-CD11399",TRUE,"KK 109"
"229","NQ","M3","M","3","LN",-0.698970004336019,"E08",2024-06-20,"6-20-24_ZS_M3&M540_LN_5^-1_Dilution",1.46922183507549,0.0224545102593883,48,0.0208333333333333,FALSE,58.2574041811847,"17-CD11399",TRUE,"KK 109"
"230","NQ","M3","M","3","LN",-0.698970004336019,"F08",2024-06-20,"6-20-24_ZS_M3&M540_LN_5^-1_Dilution",1.44909502262443,0.0203619909502263,48,0.0208333333333333,FALSE,57.6006787330317,"17-CD11399",TRUE,"KK 109"
"231","NQ","M3","M","3","LN",-0.698970004336019,"G08",2024-06-20,"6-20-24_ZS_M3&M540_LN_5^-1_Dilution",1.4243119266055,0.0178389398572885,48,0.0208333333333333,FALSE,57.775372706422,"17-CD11399",TRUE,"KK 109"
"232","NQ","M3","M","3","LN",-0.698970004336019,"H08",2024-06-20,"6-20-24_ZS_M3&M540_LN_5^-1_Dilution",4.74091441969519,0.703660283965091,30.3895474137931,0.0329060510965729,TRUE,119.083821805393,"17-CD11399",TRUE,"KK 109"
"233","NQ","M5","M","5","BR",-1,"E03",2024-06-28,"6-28-24_ZS_M5_BR_Dilution",1.58564231738035,0.0223901483347327,48,0.0208333333333333,FALSE,55.9699307304786,"19-CD14225",TRUE,"KK 109"
"234","NQ","M5","M","5","BR",-1,"F03",2024-06-28,"6-28-24_ZS_M5_BR_Dilution",1.64387096774194,0.0203584229390681,48,0.0208333333333333,FALSE,53.4159677419354,"19-CD14225",TRUE,"KK 109"
"235","NQ","M5","M","5","BR",-1,"G03",2024-06-28,"6-28-24_ZS_M5_BR_Dilution",1.28637059724349,0.0228007486813,48,0.0208333333333333,FALSE,49.9927258805512,"19-CD14225",TRUE,"KK 109"
"236","NQ","M5","M","5","BR",-1,"H03",2024-06-28,"6-28-24_ZS_M5_BR_Dilution",1.32319391634981,0.0257710181664554,48,0.0208333333333333,FALSE,49.8037072243346,"19-CD14225",TRUE,"KK 109"
"237","NQ","M5","M","5","BR",-2,"E04",2024-06-28,"6-28-24_ZS_M5_BR_Dilution",7.80567226890756,1.36041083099907,14.0801834862385,0.0710218017384052,TRUE,270.874080882353,"19-CD14225",TRUE,"KK 109"
"238","NQ","M5","M","5","BR",-2,"F04",2024-06-28,"6-28-24_ZS_M5_BR_Dilution",6.40449438202247,1.03981134692745,11.8026581426649,0.0847266766445727,TRUE,236.37734082397,"19-CD14225",TRUE,"KK 109"
"239","NQ","M5","M","5","BR",-2,"G04",2024-06-28,"6-28-24_ZS_M5_BR_Dilution",6,0.958516349438751,13.8112033195021,0.0724049872314857,TRUE,212.099560761347,"19-CD14225",TRUE,"KK 109"
"240","NQ","M5","M","5","BR",-2,"H04",2024-06-28,"6-28-24_ZS_M5_BR_Dilution",7.07243816254417,1.20808794660385,20.2578226857888,0.0493636466026291,TRUE,212.23211130742,"19-CD14225",TRUE,"KK 109"
"241","NQ","M5","M","5","LN",-1,"E08",2024-06-21,"6-21-24_ZS_M281&M5_LN_Dilution",2.3320810576285,0.0409008671782395,48,0.0208333333333333,FALSE,73.4561775815425,"19-CD14225",TRUE,"KK 109"
"242","NQ","M5","M","5","LN",-1,"F08",2024-06-21,"6-21-24_ZS_M281&M5_LN_Dilution",2.25310345519684,0.0424766090967783,48,0.0208333333333333,FALSE,73.2247270364385,"19-CD14225",TRUE,"KK 109"
"243","NQ","M5","M","5","LN",-1,"G08",2024-06-21,"6-21-24_ZS_M281&M5_LN_Dilution",2.20181313296308,0.0436381538349849,48,0.0208333333333333,FALSE,71.6651561479091,"19-CD14225",TRUE,"KK 109"
"244","NQ","M5","M","5","LN",-1,"H08",2024-06-21,"6-21-24_ZS_M281&M5_LN_Dilution",2.19039,0.04354,48,0.0208333333333333,FALSE,71.27080875,"19-CD14225",TRUE,"KK 109"
"245","NQ","M5","M","5","LN",-2,"E09",2024-06-21,"6-21-24_ZS_M281&M5_LN_Dilution",2.15636751702409,0.0432315840589039,48,0.0208333333333333,FALSE,71.588178422604,"19-CD14225",TRUE,"KK 109"
"246","NQ","M5","M","5","LN",-2,"F09",2024-06-21,"6-21-24_ZS_M281&M5_LN_Dilution",2.12195831119221,0.0379390208444038,48,0.0208333333333333,FALSE,71.3351785660573,"19-CD14225",TRUE,"KK 109"
"247","NQ","M5","M","5","LN",-2,"G09",2024-06-21,"6-21-24_ZS_M281&M5_LN_Dilution",2.13522324592488,0.0442847018325402,48,0.0208333333333333,FALSE,71.1457426344032,"19-CD14225",TRUE,"KK 109"
"248","NQ","M5","M","5","LN",-2,"H09",2024-06-21,"6-21-24_ZS_M281&M5_LN_Dilution",2.08664748688441,0.0393108109154419,48,0.0208333333333333,FALSE,72.8355213383375,"19-CD14225",TRUE,"KK 109"
"249","NQ","M539","M","539","BR",-1,"E03",2024-07-17,"7-17-24_ZS_M539&M540_BR_Dilution",1.78741496598639,0.0366591080876795,48,0.0208333333333333,FALSE,67.3443877551022,"21-V539",FALSE,NA
"250","NQ","M539","M","539","BR",-1,"F03",2024-07-17,"7-17-24_ZS_M539&M540_BR_Dilution",1.72903225806452,0.0347670250896057,48,0.0208333333333333,FALSE,65.2554435483871,"21-V539",FALSE,NA
"251","NQ","M539","M","539","BR",-1,"G03",2024-07-17,"7-17-24_ZS_M539&M540_BR_Dilution",1.71742808798646,0.0364730212445949,48,0.0208333333333333,FALSE,66.1897208121827,"21-V539",FALSE,NA
"252","NQ","M539","M","539","BR",-1,"H03",2024-07-17,"7-17-24_ZS_M539&M540_BR_Dilution",1.62218370883882,0.0300404390525708,48,0.0208333333333333,FALSE,66.4744367417679,"21-V539",FALSE,NA
"253","NQ","M539","M","539","BR",-2,"E04",2024-07-17,"7-17-24_ZS_M539&M540_BR_Dilution",1.65657894736842,0.0725146198830409,48,0.0208333333333333,FALSE,64.5814144736842,"21-V539",FALSE,NA
"254","NQ","M539","M","539","BR",-2,"F04",2024-07-17,"7-17-24_ZS_M539&M540_BR_Dilution",1.51002865329513,0.0334288443170965,48,0.0208333333333333,FALSE,64.5698424068769,"21-V539",FALSE,NA
"255","NQ","M539","M","539","BR",-2,"G04",2024-07-17,"7-17-24_ZS_M539&M540_BR_Dilution",1.53244837758112,0.0360537528679122,48,0.0208333333333333,FALSE,65.6780973451328,"21-V539",FALSE,NA
"256","NQ","M539","M","539","BR",-2,"H04",2024-07-17,"7-17-24_ZS_M539&M540_BR_Dilution",1.58206686930091,0.0344478216818642,48,0.0208333333333333,FALSE,66.6975683890578,"21-V539",FALSE,NA
"257","NQ","M539","M","539","Ear",-1,"E03",2025-02-19,"2-19-25_ZS_M539&M9_EarSkin",1.84512540255685,0.0328985177233445,48,0.0208333333333333,FALSE,65.1023348297063,"21-V539",FALSE,NA
"258","NQ","M539","M","539","Ear",-1,"F03",2025-02-19,"2-19-25_ZS_M539&M9_EarSkin",1.91089206505668,0.0265264771918296,48,0.0208333333333333,FALSE,63.6039181862986,"21-V539",FALSE,NA
"259","NQ","M539","M","539","Ear",-1,"G03",2025-02-19,"2-19-25_ZS_M539&M9_EarSkin",1.87552474860881,0.0269669259223101,48,0.0208333333333333,FALSE,61.737088743532,"21-V539",FALSE,NA
"260","NQ","M539","M","539","Ear",-1,"H03",2025-02-19,"2-19-25_ZS_M539&M9_EarSkin",1.7678693654053,0.0292037417294091,48,0.0208333333333333,FALSE,62.5443678498093,"21-V539",FALSE,NA
"261","NQ","M539","M","539","Ear",-2,"E04",2025-02-19,"2-19-25_ZS_M539&M9_EarSkin",1.87202152190623,0.0334144675036297,48,0.0208333333333333,FALSE,63.3783868178325,"21-V539",FALSE,NA
"262","NQ","M539","M","539","Ear",-2,"F04",2025-02-19,"2-19-25_ZS_M539&M9_EarSkin",1.93911867027445,0.0341236095004939,48,0.0208333333333333,FALSE,62.5084919791266,"21-V539",FALSE,NA
"263","NQ","M539","M","539","Ear",-2,"G04",2025-02-19,"2-19-25_ZS_M539&M9_EarSkin",1.78719068413392,0.0252520351501428,48,0.0208333333333333,FALSE,62.5801673944688,"21-V539",FALSE,NA
"264","NQ","M539","M","539","Ear",-2,"H04",2025-02-19,"2-19-25_ZS_M539&M9_EarSkin",1.5859934223254,0.0269125771157112,48,0.0208333333333333,FALSE,62.899956471271,"21-V539",FALSE,NA
"265","NQ","M539","M","539","Ear",-0.301029995663981,"E03",2025-12-15,"12-15-25_ZS_RD1&M6&M539_SK_lowdil",2.48201004826331,0.0684433543441376,48,0.0208333333333333,FALSE,87.2454678969855,"21-V539",FALSE,NA
"266","NQ","M539","M","539","Ear",-0.301029995663981,"F03",2025-12-15,"12-15-25_ZS_RD1&M6&M539_SK_lowdil",2.29717984835316,0.0566716505218618,48,0.0208333333333333,FALSE,83.8414413941919,"21-V539",FALSE,NA
"267","NQ","M539","M","539","Ear",-0.301029995663981,"G03",2025-12-15,"12-15-25_ZS_RD1&M6&M539_SK_lowdil",2.24047201728284,0.0565564749521053,48,0.0208333333333333,FALSE,83.9937749663718,"21-V539",FALSE,NA
"268","NQ","M539","M","539","Ear",-0.301029995663981,"H03",2025-12-15,"12-15-25_ZS_RD1&M6&M539_SK_lowdil",2.24111,0.0579711111111111,48,0.0208333333333333,FALSE,82.439265,"21-V539",FALSE,NA
"269","NQ","M539","M","539","Ear",-0.602059991327962,"E04",2025-12-15,"12-15-25_ZS_RD1&M6&M539_SK_lowdil",1.98490588551144,0.0566045865690886,48,0.0208333333333333,FALSE,77.1716396205591,"21-V539",FALSE,NA
"270","NQ","M539","M","539","Ear",-0.602059991327962,"F04",2025-12-15,"12-15-25_ZS_RD1&M6&M539_SK_lowdil",1.94580229554951,0.0510897710766081,48,0.0208333333333333,FALSE,75.8090091841923,"21-V539",FALSE,NA
"271","NQ","M539","M","539","Ear",-0.602059991327962,"G04",2025-12-15,"12-15-25_ZS_RD1&M6&M539_SK_lowdil",1.90892133659593,0.0451192497804877,48,0.0208333333333333,FALSE,74.9332366420635,"21-V539",FALSE,NA
"272","NQ","M539","M","539","Ear",-0.602059991327962,"H04",2025-12-15,"12-15-25_ZS_RD1&M6&M539_SK_lowdil",1.81446635923135,0.0404042373643325,48,0.0208333333333333,FALSE,71.6626027357192,"21-V539",FALSE,NA
"273","NQ","M539","M","539","Ear",-0.778151250383644,"E05",2025-12-15,"12-15-25_ZS_RD1&M6&M539_SK_lowdil",1.96066395177067,0.05368351942792,48,0.0208333333333333,FALSE,77.1373405497663,"21-V539",FALSE,NA
"274","NQ","M539","M","539","Ear",-0.778151250383644,"F05",2025-12-15,"12-15-25_ZS_RD1&M6&M539_SK_lowdil",1.87085513108318,0.0434603454016226,48,0.0208333333333333,FALSE,73.0492056389007,"21-V539",FALSE,NA
"275","NQ","M539","M","539","Ear",-0.778151250383644,"G05",2025-12-15,"12-15-25_ZS_RD1&M6&M539_SK_lowdil",1.80515383868776,0.0461591553700648,48,0.0208333333333333,FALSE,71.2232990391149,"21-V539",FALSE,NA
"276","NQ","M539","M","539","Ear",-0.778151250383644,"H05",2025-12-15,"12-15-25_ZS_RD1&M6&M539_SK_lowdil",1.76470930796855,0.0408489436733637,48,0.0208333333333333,FALSE,71.1481534504514,"21-V539",FALSE,NA
"277","NQ","M539","M","539","LN",-1,"E03",2024-06-17,"6-17-24_ZS_Moose539_LN_NegDilution",1.64077669902913,0.0453074433656958,48,0.0208333333333333,FALSE,66.6699029126214,"21-V539",FALSE,NA
"278","NQ","M539","M","539","LN",-1,"F03",2024-06-17,"6-17-24_ZS_Moose539_LN_NegDilution",1.53635280095352,0.0256919613296252,48,0.0208333333333333,FALSE,62.8654648390941,"21-V539",FALSE,NA
"279","NQ","M539","M","539","LN",-1,"G03",2024-06-17,"6-17-24_ZS_Moose539_LN_NegDilution",1.65779927448609,0.0330511890366787,48,0.0208333333333333,FALSE,63.8066807738815,"21-V539",FALSE,NA
"280","NQ","M539","M","539","LN",-1,"H03",2024-06-17,"6-17-24_ZS_Moose539_LN_NegDilution",4.94289185905225,0.726069933846362,43.4989669421488,0.0229890517016173,TRUE,78.6397326852978,"21-V539",FALSE,NA
"281","NQ","M539","M","539","LN",-2,"E04",2024-06-17,"6-17-24_ZS_Moose539_LN_NegDilution",1.52711496746204,0.0344661364184141,48,0.0208333333333333,FALSE,62.1336767895878,"21-V539",FALSE,NA
"282","NQ","M539","M","539","LN",-2,"F04",2024-06-17,"6-17-24_ZS_Moose539_LN_NegDilution",1.46605293440736,0.0278736734432937,48,0.0208333333333333,FALSE,61.5280494821633,"21-V539",FALSE,NA
"283","NQ","M539","M","539","LN",-2,"G04",2024-06-17,"6-17-24_ZS_Moose539_LN_NegDilution",1.45939933259177,0.0237300704486467,48,0.0208333333333333,FALSE,61.0853726362625,"21-V539",FALSE,NA
"284","NQ","M539","M","539","LN",-2,"H04",2024-06-17,"6-17-24_ZS_Moose539_LN_NegDilution",1.37388392857143,0.0265376984126984,48,0.0208333333333333,FALSE,59.5345982142857,"21-V539",FALSE,NA
"285","NQ","M540","M","540","BR",-1,"E08",2024-07-17,"7-17-24_ZS_M539&M540_BR_Dilution",1.67343485617597,0.0360970107163001,48,0.0208333333333333,FALSE,67.2043147208124,"21-V540",FALSE,NA
"286","NQ","M540","M","540","BR",-1,"F08",2024-07-17,"7-17-24_ZS_M539&M540_BR_Dilution",1.63201320132013,0.0337367070040337,48,0.0208333333333333,FALSE,65.8174504950496,"21-V540",FALSE,NA
"287","NQ","M540","M","540","BR",-1,"G08",2024-07-17,"7-17-24_ZS_M539&M540_BR_Dilution",1.64358108108108,0.0285285285285285,48,0.0208333333333333,FALSE,66.7728040540539,"21-V540",FALSE,NA
"288","NQ","M540","M","540","BR",-1,"H08",2024-07-17,"7-17-24_ZS_M539&M540_BR_Dilution",1.66950596252129,0.0299072496687488,48,0.0208333333333333,FALSE,67.418867120954,"21-V540",FALSE,NA
"289","NQ","M540","M","540","BR",-2,"E09",2024-07-17,"7-17-24_ZS_M539&M540_BR_Dilution",1.53342816500711,0.0357199304567726,48,0.0208333333333333,FALSE,65.540184921764,"21-V540",FALSE,NA
"290","NQ","M540","M","540","BR",-2,"F09",2024-07-17,"7-17-24_ZS_M539&M540_BR_Dilution",1.53488372093023,0.0303617571059432,48,0.0208333333333333,FALSE,65.3039607558139,"21-V540",FALSE,NA
"291","NQ","M540","M","540","BR",-2,"G09",2024-07-17,"7-17-24_ZS_M539&M540_BR_Dilution",1.55783308931186,0.0328615584838133,48,0.0208333333333333,FALSE,66.3629209370424,"21-V540",FALSE,NA
"292","NQ","M540","M","540","BR",-2,"H09",2024-07-17,"7-17-24_ZS_M539&M540_BR_Dilution",1.58945686900958,0.0315938942137025,48,0.0208333333333333,FALSE,66.9794329073482,"21-V540",FALSE,NA
"293","NQ","M540","M","540","LN",-1,"E04",2024-06-20,"6-20-24_ZS_M3&M540_LN_5^-1_Dilution",4.938995215311,0.45906432748538,37.1172413793103,0.02694165737644,TRUE,105.868421052632,"21-V540",FALSE,NA
"294","NQ","M540","M","540","LN",-1,"F04",2024-06-20,"6-20-24_ZS_M3&M540_LN_5^-1_Dilution",3.78476420798065,0.478301760042993,48,0.0208333333333333,FALSE,71.398276904474,"21-V540",FALSE,NA
"295","NQ","M540","M","540","LN",-1,"G04",2024-06-20,"6-20-24_ZS_M3&M540_LN_5^-1_Dilution",2.99150485436893,0.351672060409924,48,0.0208333333333333,FALSE,62.5558252427184,"21-V540",FALSE,NA
"296","NQ","M540","M","540","LN",-1,"H04",2024-06-20,"6-20-24_ZS_M3&M540_LN_5^-1_Dilution",2.90334572490706,0.323833126807104,48,0.0208333333333333,FALSE,65.3136617100372,"21-V540",FALSE,NA
"297","NQ","M540","M","540","LN",-2,"E05",2024-06-20,"6-20-24_ZS_M3&M540_LN_5^-1_Dilution",1.43771043771044,0.0356652949245542,48,0.0208333333333333,FALSE,60.2984006734007,"21-V540",FALSE,NA
"298","NQ","M540","M","540","LN",-2,"F05",2024-06-20,"6-20-24_ZS_M3&M540_LN_5^-1_Dilution",1.45303867403315,0.01817065684469,48,0.0208333333333333,FALSE,58.9023480662984,"21-V540",FALSE,NA
"299","NQ","M540","M","540","LN",-2,"G05",2024-06-20,"6-20-24_ZS_M3&M540_LN_5^-1_Dilution",1.42776523702032,0.018560321043391,48,0.0208333333333333,FALSE,58.5757618510158,"21-V540",FALSE,NA
"300","NQ","M540","M","540","LN",-2,"H05",2024-06-20,"6-20-24_ZS_M3&M540_LN_5^-1_Dilution",3.27054794520548,0.363013698630137,48,0.0208333333333333,FALSE,84.8056506849314,"21-V540",FALSE,NA
"301","NQ","M540","M","540","LN",-0.698970004336019,"E03",2024-06-20,"6-20-24_ZS_M3&M540_LN_5^-1_Dilution",1.58007117437722,0.0181890075128509,48,0.0208333333333333,FALSE,59.0271352313168,"21-V540",FALSE,NA
"302","NQ","M540","M","540","LN",-0.698970004336019,"F03",2024-06-20,"6-20-24_ZS_M3&M540_LN_5^-1_Dilution",1.54437869822485,0.0199868507560815,48,0.0208333333333333,FALSE,58.4862426035504,"21-V540",FALSE,NA
"303","NQ","M540","M","540","LN",-0.698970004336019,"G03",2024-06-20,"6-20-24_ZS_M3&M540_LN_5^-1_Dilution",1.54897218863362,0.0193470374848851,48,0.0208333333333333,FALSE,58.4052297460702,"21-V540",FALSE,NA
"304","NQ","M540","M","540","LN",-0.698970004336019,"H03",2024-06-20,"6-20-24_ZS_M3&M540_LN_5^-1_Dilution",1.50124069478908,0.0192996967190516,48,0.0208333333333333,FALSE,59.6901364764269,"21-V540",FALSE,NA
"305","NQ","M6","M","6","BR",-1,"E03",2024-06-28,"6-28-24_ZS_M6_BR_Dilution",11.8733363928408,1.47774208352455,10.8340936739659,0.0923012141202891,TRUE,402.501319412574,"19-CD24854",TRUE,"QQ 109"
"306","NQ","M6","M","6","BR",-1,"F03",2024-06-28,"6-28-24_ZS_M6_BR_Dilution",7.80833333333333,0.736666666666667,30.1079136690648,0.0332138590203106,TRUE,170.334375,"19-CD24854",TRUE,"QQ 109"
"307","NQ","M6","M","6","BR",-1,"G03",2024-06-28,"6-28-24_ZS_M6_BR_Dilution",8.92035398230088,0.927783240467606,34.7702054794521,0.0287602556904924,TRUE,158.990781710914,"19-CD24854",TRUE,"QQ 109"
"308","NQ","M6","M","6","BR",-1,"H03",2024-06-28,"6-28-24_ZS_M6_BR_Dilution",10.7113163972286,1.2181164998717,22.7706919945726,0.043916100583959,TRUE,276.260248267898,"19-CD24854",TRUE,"QQ 109"
"309","NQ","M6","M","6","BR",-2,"E04",2024-06-28,"6-28-24_ZS_M6_BR_Dilution",9.03485930281394,1.53380932381352,5.10389298301826,0.195928872985232,TRUE,367.613240235195,"19-CD24854",TRUE,"QQ 109"
"310","NQ","M6","M","6","BR",-2,"F04",2024-06-28,"6-28-24_ZS_M6_BR_Dilution",6.54419410745234,1.06951665703832,9.35623003194888,0.106880655625747,TRUE,254.36048526863,"19-CD24854",TRUE,"QQ 109"
"311","NQ","M6","M","6","BR",-2,"G04",2024-06-28,"6-28-24_ZS_M6_BR_Dilution",9.37486687965921,1.68666430008283,5.63395663104965,0.177495154025297,TRUE,379.535942492013,"19-CD24854",TRUE,"QQ 109"
"312","NQ","M6","M","6","BR",-2,"H04",2024-06-28,"6-28-24_ZS_M6_BR_Dilution",6.70200892857143,1.09002976190476,7.37391681109185,0.135613138257242,TRUE,272.909598214285,"19-CD24854",TRUE,"QQ 109"
"313","NQ","M6","M","6","LN",-1,"E08",2024-06-28,"6-28-24_ZS_M287&M6_LN_Dilution",1.79627601314348,0.0221492028720944,48,0.0208333333333333,FALSE,59.9346933187294,"19-CD24854",TRUE,"QQ 109"
"314","NQ","M6","M","6","LN",-1,"F08",2024-06-28,"6-28-24_ZS_M287&M6_LN_Dilution",4.96563192904656,0.653116531165312,25.6125,0.0390434358223524,TRUE,142.050582039911,"19-CD24854",TRUE,"QQ 109"
"315","NQ","M6","M","6","LN",-1,"G08",2024-06-28,"6-28-24_ZS_M287&M6_LN_Dilution",1.77016574585635,0.0319214241866176,48,0.0208333333333333,FALSE,61.2567679558013,"19-CD24854",TRUE,"QQ 109"
"316","NQ","M6","M","6","LN",-1,"H08",2024-06-28,"6-28-24_ZS_M287&M6_LN_Dilution",1.63785557986871,0.0306345733041575,48,0.0208333333333333,FALSE,61.840125820569,"19-CD24854",TRUE,"QQ 109"
"317","NQ","M6","M","6","LN",-2,"E09",2024-06-28,"6-28-24_ZS_M287&M6_LN_Dilution",2.95472061657033,0.354099764504389,48,0.0208333333333333,FALSE,66.1809971098266,"19-CD24854",TRUE,"QQ 109"
"318","NQ","M6","M","6","LN",-2,"F09",2024-06-28,"6-28-24_ZS_M287&M6_LN_Dilution",1.56475170399221,0.021854376284756,48,0.0208333333333333,FALSE,59.6235394352482,"19-CD24854",TRUE,"QQ 109"
"319","NQ","M6","M","6","LN",-2,"G09",2024-06-28,"6-28-24_ZS_M287&M6_LN_Dilution",1.53254437869822,0.0273942581634889,48,0.0208333333333333,FALSE,59.8709319526628,"19-CD24854",TRUE,"QQ 109"
"320","NQ","M6","M","6","LN",-2,"H09",2024-06-28,"6-28-24_ZS_M287&M6_LN_Dilution",1.75315840621963,0.059388834899039,48,0.0208333333333333,FALSE,63.0218658892129,"19-CD24854",TRUE,"QQ 109"
"321","NQ","M6","M","6","SK1",-1,"E04",2024-11-26,"11-26-24_ZS_M6-SK1_M7-SK2",10.9449550550449,1.56439865782356,23.8204699162491,0.041980699940678,TRUE,267.199866175134,"19-CD24854",TRUE,"QQ 109"
"322","NQ","M6","M","6","SK1",-1,"F04",2024-11-26,"11-26-24_ZS_M6-SK1_M7-SK2",1.9396577604323,0.0290425520086283,48,0.0208333333333333,FALSE,66.2608075652959,"19-CD24854",TRUE,"QQ 109"
"323","NQ","M6","M","6","SK1",-1,"G04",2024-11-26,"11-26-24_ZS_M6-SK1_M7-SK2",1.91466693219158,0.0275039552147986,48,0.0208333333333333,FALSE,65.0372772080057,"19-CD24854",TRUE,"QQ 109"
"324","NQ","M6","M","6","SK1",-1,"H04",2024-11-26,"11-26-24_ZS_M6-SK1_M7-SK2",5.89576964796371,0.852140376250424,30.3313636363636,0.032969173822476,TRUE,138.624901390395,"19-CD24854",TRUE,"QQ 109"
"325","NQ","M6","M","6","SK1",-2,"E05",2024-11-26,"11-26-24_ZS_M6-SK1_M7-SK2",1.93788001621403,0.0316623879655902,48,0.0208333333333333,FALSE,67.4907656059993,"19-CD24854",TRUE,"QQ 109"
"326","NQ","M6","M","6","SK1",-2,"F05",2024-11-26,"11-26-24_ZS_M6-SK1_M7-SK2",1.99018615944962,0.0270920455056432,48,0.0208333333333333,FALSE,66.7089488061513,"19-CD24854",TRUE,"QQ 109"
"327","NQ","M6","M","6","SK1",-2,"G05",2024-11-26,"11-26-24_ZS_M6-SK1_M7-SK2",1.92107882165605,0.0332404458598726,48,0.0208333333333333,FALSE,64.7324343152866,"19-CD24854",TRUE,"QQ 109"
"328","NQ","M6","M","6","SK1",-2,"H05",2024-11-26,"11-26-24_ZS_M6-SK1_M7-SK2",1.92296026690931,0.0296565901661443,48,0.0208333333333333,FALSE,64.5045495905367,"19-CD24854",TRUE,"QQ 109"
"329","NQ","M6","M","6","SK1",-0.301029995663981,"E03",2026-02-04,"2-4-26_ZS_M6_SK1-3_lowdil",11.5084999648139,1.35886394582899,30.2407228300398,0.0330679926409247,TRUE,218.318375456163,"19-CD24854",TRUE,"QQ 109"
"330","NQ","M6","M","6","SK1",-0.301029995663981,"F03",2026-02-04,"2-4-26_ZS_M6_SK1-3_lowdil",12.0531813292316,1.40047071229024,33.5345765736331,0.0298199679904788,TRUE,192.936510389963,"19-CD24854",TRUE,"QQ 109"
"331","NQ","M6","M","6","SK1",-0.301029995663981,"G03",2026-02-04,"2-4-26_ZS_M6_SK1-3_lowdil",11.5367374722217,1.33968425571861,37.3619884144176,0.0267651707641478,TRUE,158.656475855373,"19-CD24854",TRUE,"QQ 109"
"332","NQ","M6","M","6","SK1",-0.301029995663981,"H03",2026-02-04,"2-4-26_ZS_M6_SK1-3_lowdil",12.849885774895,1.68260832120825,33.3291119532523,0.0300037997232752,TRUE,205.864119293844,"19-CD24854",TRUE,"QQ 109"
"333","NQ","M6","M","6","SK1",-0.602059991327962,"E04",2026-02-04,"2-4-26_ZS_M6_SK1-3_lowdil",10.3823547076135,1.82832286752128,17.1997739433725,0.058140299011623,TRUE,321.756794158276,"19-CD24854",TRUE,"QQ 109"
"334","NQ","M6","M","6","SK1",-0.602059991327962,"F04",2026-02-04,"2-4-26_ZS_M6_SK1-3_lowdil",5.14030788628137,0.692136314131678,47.0094496085698,0.0212723188279511,TRUE,82.10860795339,"19-CD24854",TRUE,"QQ 109"
"335","NQ","M6","M","6","SK1",-0.602059991327962,"G04",2026-02-04,"2-4-26_ZS_M6_SK1-3_lowdil",8.94448907373323,1.23942427087606,23.385253454946,0.0427619910952259,TRUE,234.855989617759,"19-CD24854",TRUE,"QQ 109"
"336","NQ","M6","M","6","SK1",-0.602059991327962,"H04",2026-02-04,"2-4-26_ZS_M6_SK1-3_lowdil",8.85250280354776,1.16849378688506,28.0617001076017,0.035635759635572,TRUE,199.975036955857,"19-CD24854",TRUE,"QQ 109"
"337","NQ","M6","M","6","SK1",-0.778151250383644,"E05",2026-02-04,"2-4-26_ZS_M6_SK1-3_lowdil",6.11305752013409,0.914437494605926,46.2267824566023,0.021632481147456,TRUE,85.6498022362127,"19-CD24854",TRUE,"QQ 109"
"338","NQ","M6","M","6","SK1",-0.778151250383644,"F05",2026-02-04,"2-4-26_ZS_M6_SK1-3_lowdil",2.07884449408539,0.0491445397776311,48,0.0208333333333333,FALSE,78.0294562623749,"19-CD24854",TRUE,"QQ 109"
"339","NQ","M6","M","6","SK1",-0.778151250383644,"G05",2026-02-04,"2-4-26_ZS_M6_SK1-3_lowdil",2.00357110340014,0.0430106076496025,48,0.0208333333333333,FALSE,75.0258652085506,"19-CD24854",TRUE,"QQ 109"
"340","NQ","M6","M","6","SK1",-0.778151250383644,"H05",2026-02-04,"2-4-26_ZS_M6_SK1-3_lowdil",2.06312086303139,0.0416377170655216,48,0.0208333333333333,FALSE,75.488234740877,"19-CD24854",TRUE,"QQ 109"
"341","NQ","M6","M","6","SK2",-1,"E03",2025-01-13,"1-13-25_ZS_M6-SK2_M7-SK3",1.94259637209835,0.0312773528482991,48,0.0208333333333333,FALSE,60.7730785187021,"19-CD24854",TRUE,"QQ 109"
"342","NQ","M6","M","6","SK2",-1,"F03",2025-01-13,"1-13-25_ZS_M6-SK2_M7-SK3",2.49321655007612,0.043315154201435,48,0.0208333333333333,FALSE,66.0412463143898,"19-CD24854",TRUE,"QQ 109"
"343","NQ","M6","M","6","SK2",-1,"G03",2025-01-13,"1-13-25_ZS_M6-SK2_M7-SK3",2.17807387652748,0.0304413397196902,48,0.0208333333333333,FALSE,66.8473435696376,"19-CD24854",TRUE,"QQ 109"
"344","NQ","M6","M","6","SK2",-1,"H03",2025-01-13,"1-13-25_ZS_M6-SK2_M7-SK3",2.09832036843531,0.0366930264759128,48,0.0208333333333333,FALSE,64.3794409613377,"19-CD24854",TRUE,"QQ 109"
"345","NQ","M6","M","6","SK2",-2,"E04",2025-01-13,"1-13-25_ZS_M6-SK2_M7-SK3",2.00188062378844,0.0266352050630036,48,0.0208333333333333,FALSE,59.8765840638833,"19-CD24854",TRUE,"QQ 109"
"346","NQ","M6","M","6","SK2",-2,"F04",2025-01-13,"1-13-25_ZS_M6-SK2_M7-SK3",2.26764676764677,0.0843132509799176,48,0.0208333333333333,FALSE,56.2213765963767,"19-CD24854",TRUE,"QQ 109"
"347","NQ","M6","M","6","SK2",-2,"G04",2025-01-13,"1-13-25_ZS_M6-SK2_M7-SK3",2.17455977250355,0.0299395574469402,48,0.0208333333333333,FALSE,65.7264412416853,"19-CD24854",TRUE,"QQ 109"
"348","NQ","M6","M","6","SK2",-2,"H04",2025-01-13,"1-13-25_ZS_M6-SK2_M7-SK3",2.10312521572766,0.0323292888849441,48,0.0208333333333333,FALSE,64.4278890247629,"19-CD24854",TRUE,"QQ 109"
"349","NQ","M6","M","6","SK2",-0.301029995663981,"E06",2026-02-04,"2-4-26_ZS_M6_SK1-3_lowdil",6.04301618410684,0.85245724984678,44.2385479718441,0.0226047202235583,TRUE,92.5955943264703,"19-CD24854",TRUE,"QQ 109"
"350","NQ","M6","M","6","SK2",-0.301029995663981,"F06",2026-02-04,"2-4-26_ZS_M6_SK1-3_lowdil",10.3134581591226,1.41754248946881,31.406001367054,0.0318410480949999,TRUE,189.864725352966,"19-CD24854",TRUE,"QQ 109"
"351","NQ","M6","M","6","SK2",-0.301029995663981,"G06",2026-02-04,"2-4-26_ZS_M6_SK1-3_lowdil",2.15927820109326,0.0546583107871827,48,0.0208333333333333,FALSE,79.3253504431009,"19-CD24854",TRUE,"QQ 109"
"352","NQ","M6","M","6","SK2",-0.301029995663981,"H06",2026-02-04,"2-4-26_ZS_M6_SK1-3_lowdil",2.15239541541398,0.0514962154249225,48,0.0208333333333333,FALSE,78.1563882019761,"19-CD24854",TRUE,"QQ 109"
"353","NQ","M6","M","6","SK2",-0.602059991327962,"E07",2026-02-04,"2-4-26_ZS_M6_SK1-3_lowdil",2.10133088938476,0.0522637516381539,48,0.0208333333333333,FALSE,76.5056557817979,"19-CD24854",TRUE,"QQ 109"
"354","NQ","M6","M","6","SK2",-0.602059991327962,"F07",2026-02-04,"2-4-26_ZS_M6_SK1-3_lowdil",2.05491782806334,0.0484006860149525,48,0.0208333333333333,FALSE,76.130548478945,"19-CD24854",TRUE,"QQ 109"
"355","NQ","M6","M","6","SK2",-0.602059991327962,"G07",2026-02-04,"2-4-26_ZS_M6_SK1-3_lowdil",2.07486075614251,0.0524640760464362,48,0.0208333333333333,FALSE,76.8154140659205,"19-CD24854",TRUE,"QQ 109"
"356","NQ","M6","M","6","SK2",-0.602059991327962,"H07",2026-02-04,"2-4-26_ZS_M6_SK1-3_lowdil",2.09145215051604,0.0450628935027152,48,0.0208333333333333,FALSE,74.3155734207462,"19-CD24854",TRUE,"QQ 109"
"357","NQ","M6","M","6","SK2",-0.778151250383644,"E08",2026-02-04,"2-4-26_ZS_M6_SK1-3_lowdil",2.08205179682795,0.0521626625621808,48,0.0208333333333333,FALSE,76.9542950712707,"19-CD24854",TRUE,"QQ 109"
"358","NQ","M6","M","6","SK2",-0.778151250383644,"F08",2026-02-04,"2-4-26_ZS_M6_SK1-3_lowdil",2.06036726652852,0.0511532795056839,48,0.0208333333333333,FALSE,75.79649652434,"19-CD24854",TRUE,"QQ 109"
"359","NQ","M6","M","6","SK2",-0.778151250383644,"G08",2026-02-04,"2-4-26_ZS_M6_SK1-3_lowdil",2.08670781428117,0.0483843912925897,48,0.0208333333333333,FALSE,76.0313664978999,"19-CD24854",TRUE,"QQ 109"
"360","NQ","M6","M","6","SK2",-0.778151250383644,"H08",2026-02-04,"2-4-26_ZS_M6_SK1-3_lowdil",2.06458113910719,0.0439227812435298,48,0.0208333333333333,FALSE,75.3199257676415,"19-CD24854",TRUE,"QQ 109"
"361","NQ","M6","M","6","SK3",-1,"E04",2024-12-10,"12-10-24_ZS_M6-SK3_M7-SK4",1.78203336978091,0.0214568231212625,48,0.0208333333333333,FALSE,60.2899252824687,"19-CD24854",TRUE,"QQ 109"
"362","NQ","M6","M","6","SK3",-1,"F04",2024-12-10,"12-10-24_ZS_M6-SK3_M7-SK4",1.71937485861537,0.0219374312201316,48,0.0208333333333333,FALSE,58.4807212829365,"19-CD24854",TRUE,"QQ 109"
"363","NQ","M6","M","6","SK3",-1,"G04",2024-12-10,"12-10-24_ZS_M6-SK3_M7-SK4",1.71233632378132,0.0227880524021975,48,0.0208333333333333,FALSE,57.5242465813083,"19-CD24854",TRUE,"QQ 109"
"364","NQ","M6","M","6","SK3",-1,"H04",2024-12-10,"12-10-24_ZS_M6-SK3_M7-SK4",1.71762403366278,0.0182253101521131,48,0.0208333333333333,FALSE,58.1098700949212,"19-CD24854",TRUE,"QQ 109"
"365","NQ","M6","M","6","SK3",-2,"E05",2024-12-10,"12-10-24_ZS_M6-SK3_M7-SK4",1.76271219955904,0.0242714660321415,48,0.0208333333333333,FALSE,59.364324520728,"19-CD24854",TRUE,"QQ 109"
"366","NQ","M6","M","6","SK3",-2,"F05",2024-12-10,"12-10-24_ZS_M6-SK3_M7-SK4",1.69341226116516,0.0213903975479407,48,0.0208333333333333,FALSE,56.9132758469113,"19-CD24854",TRUE,"QQ 109"
"367","NQ","M6","M","6","SK3",-2,"G05",2024-12-10,"12-10-24_ZS_M6-SK3_M7-SK4",1.73070287446512,0.0191999237548154,48,0.0208333333333333,FALSE,58.2846380844697,"19-CD24854",TRUE,"QQ 109"
"368","NQ","M6","M","6","SK3",-2,"H05",2024-12-10,"12-10-24_ZS_M6-SK3_M7-SK4",1.7116693647481,0.0261204622929575,48,0.0208333333333333,FALSE,58.281195753935,"19-CD24854",TRUE,"QQ 109"
"369","NQ","M6","M","6","SK3",-0.301029995663981,"E09",2026-02-04,"2-4-26_ZS_M6_SK1-3_lowdil",10.6896273389591,1.68275299776951,28.0461915459809,0.0356554649625254,TRUE,235.716583678391,"19-CD24854",TRUE,"QQ 109"
"370","NQ","M6","M","6","SK3",-0.301029995663981,"F09",2026-02-04,"2-4-26_ZS_M6_SK1-3_lowdil",11.1994892108829,1.83485411816487,23.9894292855655,0.0416850266880547,TRUE,278.608319868655,"19-CD24854",TRUE,"QQ 109"
"371","NQ","M6","M","6","SK3",-0.301029995663981,"G09",2026-02-04,"2-4-26_ZS_M6_SK1-3_lowdil",11.5996020574477,1.91508677358433,19.7143828317755,0.0507243878001704,TRUE,330.754262536248,"19-CD24854",TRUE,"QQ 109"
"372","NQ","M6","M","6","SK3",-0.301029995663981,"H09",2026-02-04,"2-4-26_ZS_M6_SK1-3_lowdil",10.6790339877908,1.69105299822178,27.3777720127996,0.0365259817173027,TRUE,240.397841991833,"19-CD24854",TRUE,"QQ 109"
"373","NQ","M6","M","6","SK3",-0.602059991327962,"E10",2026-02-04,"2-4-26_ZS_M6_SK1-3_lowdil",2.20124304342528,0.0447206763167278,48,0.0208333333333333,FALSE,73.4158622598204,"19-CD24854",TRUE,"QQ 109"
"374","NQ","M6","M","6","SK3",-0.602059991327962,"F10",2026-02-04,"2-4-26_ZS_M6_SK1-3_lowdil",2.17143239184547,0.042630954585039,48,0.0208333333333333,FALSE,72.6950625887146,"19-CD24854",TRUE,"QQ 109"
"375","NQ","M6","M","6","SK3",-0.602059991327962,"G10",2026-02-04,"2-4-26_ZS_M6_SK1-3_lowdil",2.16321461604814,0.0431590044884164,48,0.0208333333333333,FALSE,73.3346925890899,"19-CD24854",TRUE,"QQ 109"
"376","NQ","M6","M","6","SK3",-0.602059991327962,"H10",2026-02-04,"2-4-26_ZS_M6_SK1-3_lowdil",2.07460855103034,0.0403212721077398,48,0.0208333333333333,FALSE,72.1075774785006,"19-CD24854",TRUE,"QQ 109"
"377","NQ","M6","M","6","SK3",-0.778151250383644,"E11",2026-02-04,"2-4-26_ZS_M6_SK1-3_lowdil",2.12677817096654,0.0449893077301358,48,0.0208333333333333,FALSE,73.7075431751505,"19-CD24854",TRUE,"QQ 109"
"378","NQ","M6","M","6","SK3",-0.778151250383644,"F11",2026-02-04,"2-4-26_ZS_M6_SK1-3_lowdil",2.0841724578074,0.0414170679381288,48,0.0208333333333333,FALSE,70.9186982089673,"19-CD24854",TRUE,"QQ 109"
"379","NQ","M6","M","6","SK3",-0.778151250383644,"G11",2026-02-04,"2-4-26_ZS_M6_SK1-3_lowdil",2.10750507099391,0.0432724814063556,48,0.0208333333333333,FALSE,72.4358519269776,"19-CD24854",TRUE,"QQ 109"
"380","NQ","M6","M","6","SK3",-0.778151250383644,"H11",2026-02-04,"2-4-26_ZS_M6_SK1-3_lowdil",2.07172557172557,0.0405282055767493,48,0.0208333333333333,FALSE,71.6859016409987,"19-CD24854",TRUE,"QQ 109"
"381","NQ","M6","M","6","SK4",-1,"E04",2024-12-12,"12-12-24_ZS_M6-SK4_M10-SK3",9.69208171338265,1.56345628260774,22.5632825523746,0.0443197924627663,TRUE,255.870170446283,"19-CD24854",TRUE,"QQ 109"
"382","NQ","M6","M","6","SK4",-1,"F04",2024-12-12,"12-12-24_ZS_M6-SK4_M10-SK3",1.92655334842969,0.0249992303192636,48,0.0208333333333333,FALSE,58.589478172385,"19-CD24854",TRUE,"QQ 109"
"383","NQ","M6","M","6","SK4",-1,"G04",2024-12-12,"12-12-24_ZS_M6-SK4_M10-SK3",1.9224493359591,0.0222586552754091,48,0.0208333333333333,FALSE,59.3413262385891,"19-CD24854",TRUE,"QQ 109"
"384","NQ","M6","M","6","SK4",-1,"H04",2024-12-12,"12-12-24_ZS_M6-SK4_M10-SK3",7.99847163272458,1.2147718373722,31.0096347886007,0.0322480418365845,TRUE,161.793469637086,"19-CD24854",TRUE,"QQ 109"
"385","NQ","M6","M","6","SK4",-2,"E05",2024-12-12,"12-12-24_ZS_M6-SK4_M10-SK3",2.06466801764215,0.0305889988212077,48,0.0208333333333333,FALSE,64.8207585826678,"19-CD24854",TRUE,"QQ 109"
"386","NQ","M6","M","6","SK4",-2,"F05",2024-12-12,"12-12-24_ZS_M6-SK4_M10-SK3",1.990323526537,0.0283169886727701,48,0.0208333333333333,FALSE,61.4904628091095,"19-CD24854",TRUE,"QQ 109"
"387","NQ","M6","M","6","SK4",-2,"G05",2024-12-12,"12-12-24_ZS_M6-SK4_M10-SK3",8.91466523939276,1.61874270144025,40.8907230690745,0.0244554247258175,TRUE,108.590362251849,"19-CD24854",TRUE,"QQ 109"
"388","NQ","M6","M","6","SK4",-2,"H05",2024-12-12,"12-12-24_ZS_M6-SK4_M10-SK3",1.78907697652872,0.0246165328392011,48,0.0208333333333333,FALSE,58.8552503956918,"19-CD24854",TRUE,"QQ 109"
"389","NQ","M6","M","6","SK4",-0.301029995663981,"E03",2026-03-20,"3-20-26_ZS_M6&M7&M9_SK4_lowdil",9.36003923472071,1.01369395120154,33.2748944653855,0.0300526873508272,TRUE,164.839275421672,"19-CD24854",TRUE,"QQ 109"
"390","NQ","M6","M","6","SK4",-0.301029995663981,"E09",2025-12-15,"12-15-25_ZS_RD1&M6&M539_SK_lowdil",10.8749689832223,1.64241101631111,22.8790921657432,0.0437080279565155,TRUE,274.014846299937,"19-CD24854",TRUE,"QQ 109"
"391","NQ","M6","M","6","SK4",-0.301029995663981,"F03",2026-03-20,"3-20-26_ZS_M6&M7&M9_SK4_lowdil",8.61954617672221,0.996607415253278,30.3568555183496,0.0329414882709291,TRUE,175.823650802542,"19-CD24854",TRUE,"QQ 109"
"392","NQ","M6","M","6","SK4",-0.301029995663981,"F09",2025-12-15,"12-15-25_ZS_RD1&M6&M539_SK_lowdil",10.5156125753961,1.45659402347597,24.6572054353656,0.0405560963760195,TRUE,252.137309449003,"19-CD24854",TRUE,"QQ 109"
"393","NQ","M6","M","6","SK4",-0.301029995663981,"G03",2026-03-20,"3-20-26_ZS_M6&M7&M9_SK4_lowdil",9.68450712744722,1.02149547575682,30.596451847609,0.0326835283051994,TRUE,185.177203258261,"19-CD24854",TRUE,"QQ 109"
"394","NQ","M6","M","6","SK4",-0.301029995663981,"G09",2025-12-15,"12-15-25_ZS_RD1&M6&M539_SK_lowdil",8.71086260426095,1.14587179079573,41.4955124484208,0.0240989914570403,TRUE,112.518960407603,"19-CD24854",TRUE,"QQ 109"
"395","NQ","M6","M","6","SK4",-0.301029995663981,"H03",2026-03-20,"3-20-26_ZS_M6&M7&M9_SK4_lowdil",9.38810987030606,1.05804785255231,30.9550956649324,0.0323048589745711,TRUE,184.227346589586,"19-CD24854",TRUE,"QQ 109"
"396","NQ","M6","M","6","SK4",-0.301029995663981,"H09",2025-12-15,"12-15-25_ZS_RD1&M6&M539_SK_lowdil",10.1755364764562,1.39410826019861,23.9343973545371,0.0417808723230893,TRUE,252.764430896313,"19-CD24854",TRUE,"QQ 109"
"397","NQ","M6","M","6","SK4",-0.602059991327962,"E04",2026-03-20,"3-20-26_ZS_M6&M7&M9_SK4_lowdil",9.07588767463272,1.32827838045804,20.3471908325183,0.0491468334981078,TRUE,258.082405127897,"19-CD24854",TRUE,"QQ 109"
"398","NQ","M6","M","6","SK4",-0.602059991327962,"E10",2025-12-15,"12-15-25_ZS_RD1&M6&M539_SK_lowdil",1.91170935754054,0.049902982673388,48,0.0208333333333333,FALSE,75.5815920592049,"19-CD24854",TRUE,"QQ 109"
"399","NQ","M6","M","6","SK4",-0.602059991327962,"F04",2026-03-20,"3-20-26_ZS_M6&M7&M9_SK4_lowdil",8.16922459133603,1.04268431368068,31.0630937010053,0.0321925436540675,TRUE,166.074979676987,"19-CD24854",TRUE,"QQ 109"
"400","NQ","M6","M","6","SK4",-0.602059991327962,"F10",2025-12-15,"12-15-25_ZS_RD1&M6&M539_SK_lowdil",9.05335094860163,1.29566342748651,27.5142290322581,0.036344830844709,TRUE,201.213216794086,"19-CD24854",TRUE,"QQ 109"
"401","NQ","M6","M","6","SK4",-0.602059991327962,"G04",2026-03-20,"3-20-26_ZS_M6&M7&M9_SK4_lowdil",9.41794493608653,1.52178739211188,14.6009608858927,0.068488643166368,TRUE,312.812028023599,"19-CD24854",TRUE,"QQ 109"
"402","NQ","M6","M","6","SK4",-0.602059991327962,"G10",2025-12-15,"12-15-25_ZS_RD1&M6&M539_SK_lowdil",9.41743189324373,1.46567563726457,21.2739090321985,0.0470059356974065,TRUE,258.650975544569,"19-CD24854",TRUE,"QQ 109"
"403","NQ","M6","M","6","SK4",-0.602059991327962,"H04",2026-03-20,"3-20-26_ZS_M6&M7&M9_SK4_lowdil",4.52155319191555,0.583592065113608,46.9265685191268,0.0213098897182821,TRUE,78.7826002043146,"19-CD24854",TRUE,"QQ 109"
"404","NQ","M6","M","6","SK4",-0.602059991327962,"H10",2025-12-15,"12-15-25_ZS_RD1&M6&M539_SK_lowdil",10.6885559012326,1.74166765118996,14.2826117387328,0.0700152057825751,TRUE,353.602220592289,"19-CD24854",TRUE,"QQ 109"
"405","NQ","M6","M","6","SK4",-0.778151250383644,"E05",2026-03-20,"3-20-26_ZS_M6&M7&M9_SK4_lowdil",1.85440463151307,0.0375810601714216,48,0.0208333333333333,FALSE,71.2458963288218,"19-CD24854",TRUE,"QQ 109"
"406","NQ","M6","M","6","SK4",-0.778151250383644,"E11",2025-12-15,"12-15-25_ZS_RD1&M6&M539_SK_lowdil",1.87073558185939,0.0409818951247495,48,0.0208333333333333,FALSE,69.8051976985219,"19-CD24854",TRUE,"QQ 109"
"407","NQ","M6","M","6","SK4",-0.778151250383644,"F05",2026-03-20,"3-20-26_ZS_M6&M7&M9_SK4_lowdil",1.84514435695538,0.0412961439521552,48,0.0208333333333333,FALSE,71.4516357680104,"19-CD24854",TRUE,"QQ 109"
"408","NQ","M6","M","6","SK4",-0.778151250383644,"F11",2025-12-15,"12-15-25_ZS_RD1&M6&M539_SK_lowdil",1.85552530985752,0.0387745558601576,48,0.0208333333333333,FALSE,69.3171261438665,"19-CD24854",TRUE,"QQ 109"
"409","NQ","M6","M","6","SK4",-0.778151250383644,"G05",2026-03-20,"3-20-26_ZS_M6&M7&M9_SK4_lowdil",8.28609657004453,1.13478917623773,22.442422517367,0.0445584695335877,TRUE,219.180988260801,"19-CD24854",TRUE,"QQ 109"
"410","NQ","M6","M","6","SK4",-0.778151250383644,"G11",2025-12-15,"12-15-25_ZS_RD1&M6&M539_SK_lowdil",7.22630297959727,0.931471164267651,35.4154767666989,0.0282362427756527,TRUE,132.207108868437,"19-CD24854",TRUE,"QQ 109"
"411","NQ","M6","M","6","SK4",-0.778151250383644,"H05",2026-03-20,"3-20-26_ZS_M6&M7&M9_SK4_lowdil",1.79939031072236,0.0405551847387291,48,0.0208333333333333,FALSE,70.4487741459868,"19-CD24854",TRUE,"QQ 109"
"412","NQ","M6","M","6","SK4",-0.778151250383644,"H11",2025-12-15,"12-15-25_ZS_RD1&M6&M539_SK_lowdil",1.68256230427363,0.038327468053498,48,0.0208333333333333,FALSE,68.5931165263376,"19-CD24854",TRUE,"QQ 109"
"413","NQ","M7","M","7","BR",-1,"E03",2024-10-31,"10-31-24_ZS_M7_BR_Dilution",16.8780686341662,3.29702316152181,5.4788424337322,0.182520306450718,TRUE,681.257679650973,"20-CD3380",TRUE,"KK 109"
"414","NQ","M7","M","7","BR",-1,"F03",2024-10-31,"10-31-24_ZS_M7_BR_Dilution",17.4237427287017,3.3333355582477,5.40231801307078,0.185105726390139,TRUE,697.084713753642,"20-CD3380",TRUE,"KK 109"
"415","NQ","M7","M","7","BR",-1,"G03",2024-10-31,"10-31-24_ZS_M7_BR_Dilution",17.0413491081761,3.2392517812094,5.48189610883519,0.18241863401758,TRUE,693.00571605283,"20-CD3380",TRUE,"KK 109"
"416","NQ","M7","M","7","BR",-1,"H03",2024-10-31,"10-31-24_ZS_M7_BR_Dilution",17.2302086152797,3.28438131072638,5.7593061704069,0.173632026221893,TRUE,688.938731165979,"20-CD3380",TRUE,"KK 109"
"417","NQ","M7","M","7","BR",-2,"E04",2024-10-31,"10-31-24_ZS_M7_BR_Dilution",17.6167064022795,3.54576056547331,4.48685305829908,0.22287335622689,TRUE,726.057339216142,"20-CD3380",TRUE,"KK 109"
"418","NQ","M7","M","7","BR",-2,"F04",2024-10-31,"10-31-24_ZS_M7_BR_Dilution",15.8993965550912,3.08304365373849,4.22860967981939,0.236484347271965,TRUE,656.741602546577,"20-CD3380",TRUE,"KK 109"
"419","NQ","M7","M","7","BR",-2,"G04",2024-10-31,"10-31-24_ZS_M7_BR_Dilution",11.0772156824594,1.99257169417691,5.40769979126372,0.184921507960839,TRUE,453.817572234653,"20-CD3380",TRUE,"KK 109"
"420","NQ","M7","M","7","BR",-2,"H04",2024-10-31,"10-31-24_ZS_M7_BR_Dilution",14.8792247042111,2.83427242132159,4.83921894123295,0.206644917732368,TRUE,610.218123444783,"20-CD3380",TRUE,"KK 109"
"421","NQ","M7","M","7","LN",-1,"E03",2024-10-31,"10-31-24_ZS_M7_LN_Dilution",14.140508654869,2.77359808314261,3.63289666801986,0.27526243969528,TRUE,602.068030171164,"20-CD3380",TRUE,"KK 109"
"422","NQ","M7","M","7","LN",-1,"F03",2024-10-31,"10-31-24_ZS_M7_LN_Dilution",15.8845048841218,3.15005639617783,3.33697545456161,0.299672566854818,TRUE,683.424140490328,"20-CD3380",TRUE,"KK 109"
"423","NQ","M7","M","7","LN",-1,"G03",2024-10-31,"10-31-24_ZS_M7_LN_Dilution",14.9479961832061,2.93736217133164,3.31599456038496,0.301568649100531,TRUE,640.575429389311,"20-CD3380",TRUE,"KK 109"
"424","NQ","M7","M","7","LN",-1,"H03",2024-10-31,"10-31-24_ZS_M7_LN_Dilution",14.9854682989947,2.97694170730898,3.79959273926568,0.263186101411822,TRUE,639.303075544938,"20-CD3380",TRUE,"KK 109"
"425","NQ","M7","M","7","LN",-2,"E04",2024-10-31,"10-31-24_ZS_M7_LN_Dilution",11.2043829947329,2.08849594515509,5.76206007107646,0.173549041083353,TRUE,454.642388544018,"20-CD3380",TRUE,"KK 109"
"426","NQ","M7","M","7","LN",-2,"F04",2024-10-31,"10-31-24_ZS_M7_LN_Dilution",11.2324637681159,2.09721953837896,5.45979606907521,0.183157024062509,TRUE,460.119637681159,"20-CD3380",TRUE,"KK 109"
"427","NQ","M7","M","7","LN",-2,"G04",2024-10-31,"10-31-24_ZS_M7_LN_Dilution",7.92050087361677,1.2052028732285,19.2368146357543,0.0519836583620949,TRUE,235.746177926617,"20-CD3380",TRUE,"KK 109"
"428","NQ","M7","M","7","LN",-2,"H04",2024-10-31,"10-31-24_ZS_M7_LN_Dilution",8.0954749366101,1.26326853477234,17.1051285595798,0.0584619984887485,TRUE,254.277282036278,"20-CD3380",TRUE,"KK 109"
"429","NQ","M7","M","7","SK1",-1,"E03",2024-11-14,"11-14-24_ZS_M7-SK1_M9-SK1",10.5056018272393,1.93113504549502,4.16627763701364,0.24002241020039,TRUE,447.538380884872,"20-CD3380",TRUE,"KK 109"
"430","NQ","M7","M","7","SK1",-1,"F03",2024-11-14,"11-14-24_ZS_M7-SK1_M9-SK1",12.159954376615,2.23535296439851,4.12987975531711,0.242137800431726,TRUE,515.763266866521,"20-CD3380",TRUE,"KK 109"
"431","NQ","M7","M","7","SK1",-1,"G03",2024-11-14,"11-14-24_ZS_M7-SK1_M9-SK1",11.2641612906442,2.10256597745006,4.82054186090272,0.207445558788848,TRUE,476.064973427325,"20-CD3380",TRUE,"KK 109"
"432","NQ","M7","M","7","SK1",-1,"H03",2024-11-14,"11-14-24_ZS_M7-SK1_M9-SK1",11.8401265848138,2.18669702209671,4.35132442360767,0.229815086775557,TRUE,503.585000350511,"20-CD3380",TRUE,"KK 109"
"433","NQ","M7","M","7","SK1",-2,"E04",2024-11-14,"11-14-24_ZS_M7-SK1_M9-SK1",7.12653579451118,0.93966641707632,19.4469754511758,0.0514218780452843,TRUE,212.564085848227,"20-CD3380",TRUE,"KK 109"
"434","NQ","M7","M","7","SK1",-2,"F04",2024-11-14,"11-14-24_ZS_M7-SK1_M9-SK1",4.89054556786973,0.654780995911866,42.3676448009826,0.0236029169121246,TRUE,88.0316900722619,"20-CD3380",TRUE,"KK 109"
"435","NQ","M7","M","7","SK1",-2,"G04",2024-11-14,"11-14-24_ZS_M7-SK1_M9-SK1",9.0667598122657,1.35146392739891,10.9240421169845,0.0915412069352255,TRUE,326.697835594739,"20-CD3380",TRUE,"KK 109"
"436","NQ","M7","M","7","SK1",-2,"H04",2024-11-14,"11-14-24_ZS_M7-SK1_M9-SK1",6.52708002431516,0.843206463125282,29.0651550614394,0.0344054589726478,TRUE,150.478388434614,"20-CD3380",TRUE,"KK 109"
"437","NQ","M7","M","7","SK1",-0.301029995663981,"E03",2026-02-08,"2-8-26_ZS_M7_SK1-3_lowdil",14.8172675835295,2.58409623847612,8.98959298324555,0.111239741539329,TRUE,557.367140069384,"20-CD3380",TRUE,"KK 109"
"438","NQ","M7","M","7","SK1",-0.301029995663981,"F03",2026-02-08,"2-8-26_ZS_M7_SK1-3_lowdil",14.3167288172772,2.50179583136689,9.65318319073981,0.103592771445515,TRUE,530.929149550322,"20-CD3380",TRUE,"KK 109"
"439","NQ","M7","M","7","SK1",-0.301029995663981,"G03",2026-02-08,"2-8-26_ZS_M7_SK1-3_lowdil",13.8575281676522,2.38179311717495,14.028950361353,0.0712811703115584,TRUE,465.076628991053,"20-CD3380",TRUE,"KK 109"
"440","NQ","M7","M","7","SK1",-0.301029995663981,"H03",2026-02-08,"2-8-26_ZS_M7_SK1-3_lowdil",13.7303439428187,2.28485416199999,11.4397275,0.0874146696239049,TRUE,492.636683670353,"20-CD3380",TRUE,"KK 109"
"441","NQ","M7","M","7","SK1",-0.602059991327962,"E04",2026-02-08,"2-8-26_ZS_M7_SK1-3_lowdil",12.588454357164,2.30596792423526,8.26282931215657,0.121023920768733,TRUE,491.913782636644,"20-CD3380",TRUE,"KK 109"
"442","NQ","M7","M","7","SK1",-0.602059991327962,"F04",2026-02-08,"2-8-26_ZS_M7_SK1-3_lowdil",11.5908094972512,2.08973609893855,8.63545164288284,0.115801702256555,TRUE,447.361483895706,"20-CD3380",TRUE,"KK 109"
"443","NQ","M7","M","7","SK1",-0.602059991327962,"G04",2026-02-08,"2-8-26_ZS_M7_SK1-3_lowdil",11.7014459649624,2.13897443218513,8.33081957354126,0.120036209063512,TRUE,457.590122978403,"20-CD3380",TRUE,"KK 109"
"444","NQ","M7","M","7","SK1",-0.602059991327962,"H04",2026-02-08,"2-8-26_ZS_M7_SK1-3_lowdil",11.9609156153516,2.09497617927904,9.04844887469234,0.110516179496456,TRUE,456.391661725314,"20-CD3380",TRUE,"KK 109"
"445","NQ","M7","M","7","SK1",-0.778151250383644,"E05",2026-02-08,"2-8-26_ZS_M7_SK1-3_lowdil",12.2879315551082,2.23501425935246,6.91252828823835,0.144664869104622,TRUE,490.373383241067,"20-CD3380",TRUE,"KK 109"
"446","NQ","M7","M","7","SK1",-0.778151250383644,"F05",2026-02-08,"2-8-26_ZS_M7_SK1-3_lowdil",12.2808855908016,2.24397917855881,6.65154402102497,0.150341033125404,TRUE,496.546626539184,"20-CD3380",TRUE,"KK 109"
"447","NQ","M7","M","7","SK1",-0.778151250383644,"G05",2026-02-08,"2-8-26_ZS_M7_SK1-3_lowdil",11.7405130892163,2.11875348474772,7.58539103255935,0.131832359822667,TRUE,465.597422210354,"20-CD3380",TRUE,"KK 109"
"448","NQ","M7","M","7","SK1",-0.778151250383644,"H05",2026-02-08,"2-8-26_ZS_M7_SK1-3_lowdil",12.0025701306981,2.10374384585414,8.36342625455,0.119568221152899,TRUE,463.630647065269,"20-CD3380",TRUE,"KK 109"
"449","NQ","M7","M","7","SK2",-1,"E08",2024-11-26,"11-26-24_ZS_M6-SK1_M7-SK2",12.1347887041859,2.01973874535461,10.8976812218226,0.0917626401107696,TRUE,437.381771980774,"20-CD3380",TRUE,"KK 109"
"450","NQ","M7","M","7","SK2",-1,"F08",2024-11-26,"11-26-24_ZS_M6-SK1_M7-SK2",14.0933967876264,2.5859387049155,5.30141170431212,0.188629002193248,TRUE,581.087150505651,"20-CD3380",TRUE,"KK 109"
"451","NQ","M7","M","7","SK2",-1,"G08",2024-11-26,"11-26-24_ZS_M6-SK1_M7-SK2",13.9799438427597,2.58363417569194,4.89284876905041,0.20437991182672,TRUE,582.8372066787,"20-CD3380",TRUE,"KK 109"
"452","NQ","M7","M","7","SK2",-1,"H08",2024-11-26,"11-26-24_ZS_M6-SK1_M7-SK2",12.7318768619662,2.28981573430431,7.23860057510612,0.138148249737532,TRUE,501.775211022841,"20-CD3380",TRUE,"KK 109"
"453","NQ","M7","M","7","SK2",-2,"E09",2024-11-26,"11-26-24_ZS_M6-SK1_M7-SK2",10.2007541927161,1.47698278808728,17.0814045239348,0.0585431952389385,TRUE,305.78047782078,"20-CD3380",TRUE,"KK 109"
"454","NQ","M7","M","7","SK2",-2,"F09",2024-11-26,"11-26-24_ZS_M6-SK1_M7-SK2",1.91915398300059,0.0307482813907008,48,0.0208333333333333,FALSE,65.2989597746589,"20-CD3380",TRUE,"KK 109"
"455","NQ","M7","M","7","SK2",-2,"G09",2024-11-26,"11-26-24_ZS_M6-SK1_M7-SK2",8.19340637839953,1.13726385356203,29.3345834086391,0.0340894563276975,TRUE,171.323126589708,"20-CD3380",TRUE,"KK 109"
"456","NQ","M7","M","7","SK2",-2,"H09",2024-11-26,"11-26-24_ZS_M6-SK1_M7-SK2",1.87416823914987,0.0300813277275687,48,0.0208333333333333,FALSE,63.9081711192771,"20-CD3380",TRUE,"KK 109"
"457","NQ","M7","M","7","SK2",-0.301029995663981,"E06",2026-02-08,"2-8-26_ZS_M7_SK1-3_lowdil",11.9002388090036,2.25436151053752,7.61079596760376,0.131392301706236,TRUE,475.434115390479,"20-CD3380",TRUE,"KK 109"
"458","NQ","M7","M","7","SK2",-0.301029995663981,"F06",2026-02-08,"2-8-26_ZS_M7_SK1-3_lowdil",13.4574067285761,2.49202373194309,6.58276761704628,0.151911788198397,TRUE,530.665452407135,"20-CD3380",TRUE,"KK 109"
"459","NQ","M7","M","7","SK2",-0.301029995663981,"G06",2026-02-08,"2-8-26_ZS_M7_SK1-3_lowdil",11.9927513362179,2.2361426430248,6.78104065501719,0.147469990356143,TRUE,485.205,"20-CD3380",TRUE,"KK 109"
"460","NQ","M7","M","7","SK2",-0.301029995663981,"H06",2026-02-08,"2-8-26_ZS_M7_SK1-3_lowdil",12.2197193804183,2.25349119611415,6.23586337417492,0.160362718038593,TRUE,498.729342567483,"20-CD3380",TRUE,"KK 109"
"461","NQ","M7","M","7","SK2",-0.602059991327962,"E07",2026-02-08,"2-8-26_ZS_M7_SK1-3_lowdil",12.9457672355839,2.43991807948341,5.3508295125212,0.186886911208805,TRUE,539.008815959784,"20-CD3380",TRUE,"KK 109"
"462","NQ","M7","M","7","SK2",-0.602059991327962,"F07",2026-02-08,"2-8-26_ZS_M7_SK1-3_lowdil",12.61283,2.31121111111111,6.118344289308,0.163442910812903,TRUE,515.917046250001,"20-CD3380",TRUE,"KK 109"
"463","NQ","M7","M","7","SK2",-0.602059991327962,"G07",2026-02-08,"2-8-26_ZS_M7_SK1-3_lowdil",12.1913338913782,2.23237426209508,6.75600129169688,0.148016549557058,TRUE,490.337377517357,"20-CD3380",TRUE,"KK 109"
"464","NQ","M7","M","7","SK2",-0.602059991327962,"H07",2026-02-08,"2-8-26_ZS_M7_SK1-3_lowdil",12.1880433681224,2.18977268889114,6.05916488850728,0.165039245242649,TRUE,497.858712888843,"20-CD3380",TRUE,"KK 109"
"465","NQ","M7","M","7","SK2",-0.778151250383644,"E08",2026-02-08,"2-8-26_ZS_M7_SK1-3_lowdil",12.3727867552295,2.31799786303603,4.88039252483936,0.204901551444966,TRUE,521.637301724992,"20-CD3380",TRUE,"KK 109"
"466","NQ","M7","M","7","SK2",-0.778151250383644,"F08",2026-02-08,"2-8-26_ZS_M7_SK1-3_lowdil",12.0336640890081,2.21009451414644,5.44333663661895,0.18371084993581,TRUE,499.609351574212,"20-CD3380",TRUE,"KK 109"
"467","NQ","M7","M","7","SK2",-0.778151250383644,"G08",2026-02-08,"2-8-26_ZS_M7_SK1-3_lowdil",12.1111616989417,2.20656247821913,5.78663144009577,0.17281211190866,TRUE,498.890836520368,"20-CD3380",TRUE,"KK 109"
"468","NQ","M7","M","7","SK2",-0.778151250383644,"H08",2026-02-08,"2-8-26_ZS_M7_SK1-3_lowdil",11.7584577992081,2.08404223346009,6.98095603784722,0.143246855384636,TRUE,471.296685728566,"20-CD3380",TRUE,"KK 109"
"469","NQ","M7","M","7","SK3",-1,"E08",2025-01-13,"1-13-25_ZS_M6-SK2_M7-SK3",12.4040413455962,2.2312858471198,7.21726056954859,0.138556726664304,TRUE,488.961879349989,"20-CD3380",TRUE,"KK 109"
"470","NQ","M7","M","7","SK3",-1,"F08",2025-01-13,"1-13-25_ZS_M6-SK2_M7-SK3",11.8685059528765,2.1498556878417,5.71712512188408,0.174913086329384,TRUE,489.047511135626,"20-CD3380",TRUE,"KK 109"
"471","NQ","M7","M","7","SK3",-1,"G08",2025-01-13,"1-13-25_ZS_M6-SK2_M7-SK3",12.5822594808749,2.30379416523146,5.04488306507959,0.198220649933781,TRUE,523.796024618621,"20-CD3380",TRUE,"KK 109"
"472","NQ","M7","M","7","SK3",-1,"H08",2025-01-13,"1-13-25_ZS_M6-SK2_M7-SK3",11.9838885215888,2.16756570434036,5.37872223933525,0.185917761784923,TRUE,497.054995422875,"20-CD3380",TRUE,"KK 109"
"473","NQ","M7","M","7","SK3",-2,"E09",2025-01-13,"1-13-25_ZS_M6-SK2_M7-SK3",10.0318844939089,1.5441542309342,12.8465455102731,0.0778419380681228,TRUE,338.806952173259,"20-CD3380",TRUE,"KK 109"
"474","NQ","M7","M","7","SK3",-2,"F09",2025-01-13,"1-13-25_ZS_M6-SK2_M7-SK3",9.79621189948572,1.40964121289831,11.4703081232493,0.0871816161566827,TRUE,340.396262334323,"20-CD3380",TRUE,"KK 109"
"475","NQ","M7","M","7","SK3",-2,"G09",2025-01-13,"1-13-25_ZS_M6-SK2_M7-SK3",8.7174600632582,1.16942475966778,19.1639638196404,0.0521812715475458,TRUE,248.700125365336,"20-CD3380",TRUE,"KK 109"
"476","NQ","M7","M","7","SK3",-2,"H09",2025-01-13,"1-13-25_ZS_M6-SK2_M7-SK3",10.0312377230007,1.56249279469555,11.5782289252716,0.0863689953320335,TRUE,354.855321544056,"20-CD3380",TRUE,"KK 109"
"477","NQ","M7","M","7","SK3",-0.301029995663981,"E09",2026-02-08,"2-8-26_ZS_M7_SK1-3_lowdil",8.23779026484596,1.41124266724683,14.7150478872667,0.0679576449673213,TRUE,282.271518096617,"20-CD3380",TRUE,"KK 109"
"478","NQ","M7","M","7","SK3",-0.301029995663981,"F09",2026-02-08,"2-8-26_ZS_M7_SK1-3_lowdil",8.13131520578329,1.39037669888734,15.2815041962556,0.0654385842622106,TRUE,278.104788774337,"20-CD3380",TRUE,"KK 109"
"479","NQ","M7","M","7","SK3",-0.301029995663981,"G09",2026-02-08,"2-8-26_ZS_M7_SK1-3_lowdil",8.0695103493414,1.39443171798158,14.8478441764083,0.0673498447396757,TRUE,278.976085044588,"20-CD3380",TRUE,"KK 109"
"480","NQ","M7","M","7","SK3",-0.301029995663981,"H09",2026-02-08,"2-8-26_ZS_M7_SK1-3_lowdil",7.95206290415617,1.30405362100313,15.4041863276987,0.0649174178191984,TRUE,267.480494246941,"20-CD3380",TRUE,"KK 109"
"481","NQ","M7","M","7","SK3",-0.602059991327962,"E10",2026-02-08,"2-8-26_ZS_M7_SK1-3_lowdil",10.6294315188321,1.91765144862935,7.66463435213435,0.130469368016432,TRUE,422.396017665748,"20-CD3380",TRUE,"KK 109"
"482","NQ","M7","M","7","SK3",-0.602059991327962,"F10",2026-02-08,"2-8-26_ZS_M7_SK1-3_lowdil",10.6437831496837,1.93608746559006,7.10136974605181,0.140817903553885,TRUE,427.985153453584,"20-CD3380",TRUE,"KK 109"
"483","NQ","M7","M","7","SK3",-0.602059991327962,"G10",2026-02-08,"2-8-26_ZS_M7_SK1-3_lowdil",10.4934628727265,1.86993701275119,7.88502227946808,0.12682272345684,TRUE,412.52848462973,"20-CD3380",TRUE,"KK 109"
"484","NQ","M7","M","7","SK3",-0.602059991327962,"H10",2026-02-08,"2-8-26_ZS_M7_SK1-3_lowdil",11.4522802747468,2.01028810828526,6.82017208552407,0.146623866298406,TRUE,455.638861100224,"20-CD3380",TRUE,"KK 109"
"485","NQ","M7","M","7","SK3",-0.778151250383644,"E11",2026-02-08,"2-8-26_ZS_M7_SK1-3_lowdil",11.7868347140119,2.08573614223412,5.25198060172265,0.190404359009247,TRUE,487.29201099135,"20-CD3380",TRUE,"KK 109"
"486","NQ","M7","M","7","SK3",-0.778151250383644,"F11",2026-02-08,"2-8-26_ZS_M7_SK1-3_lowdil",11.7455957801908,2.05933419872389,4.98042818780339,0.200785948977019,TRUE,485.255698442297,"20-CD3380",TRUE,"KK 109"
"487","NQ","M7","M","7","SK3",-0.778151250383644,"G11",2026-02-08,"2-8-26_ZS_M7_SK1-3_lowdil",11.3868983098478,2.00919792489105,5.59629327147862,0.178689706112522,TRUE,467.372132060702,"20-CD3380",TRUE,"KK 109"
"488","NQ","M7","M","7","SK3",-0.778151250383644,"H11",2026-02-08,"2-8-26_ZS_M7_SK1-3_lowdil",11.7615676076511,1.94268990402794,5.55556766401637,0.179999607686725,TRUE,470.173909013338,"20-CD3380",TRUE,"KK 109"
"489","NQ","M7","M","7","SK4",-1,"E08",2024-12-10,"12-10-24_ZS_M6-SK3_M7-SK4",2.78649294595767,0.311818812348244,48,0.0208333333333333,FALSE,64.4117551405263,"20-CD3380",TRUE,"KK 109"
"490","NQ","M7","M","7","SK4",-1,"F08",2024-12-10,"12-10-24_ZS_M6-SK3_M7-SK4",5.5385190801112,0.717171819279476,30.6649188400511,0.0326105542693924,TRUE,127.711630022744,"20-CD3380",TRUE,"KK 109"
"491","NQ","M7","M","7","SK4",-1,"G08",2024-12-10,"12-10-24_ZS_M6-SK3_M7-SK4",2.94578514742102,0.368720909673445,48,0.0208333333333333,FALSE,60.7404599495251,"20-CD3380",TRUE,"KK 109"
"492","NQ","M7","M","7","SK4",-1,"H08",2024-12-10,"12-10-24_ZS_M6-SK3_M7-SK4",4.87093840931135,0.675205212486978,35.0158229316505,0.0285585177293123,TRUE,105.216969265276,"20-CD3380",TRUE,"KK 109"
"493","NQ","M7","M","7","SK4",-2,"E09",2024-12-10,"12-10-24_ZS_M6-SK3_M7-SK4",4.58553705196516,0.593877867564976,23.2936711233288,0.0429301158544517,TRUE,145.781620495075,"20-CD3380",TRUE,"KK 109"
"494","NQ","M7","M","7","SK4",-2,"F09",2024-12-10,"12-10-24_ZS_M6-SK3_M7-SK4",1.76053408885406,0.0197498119012375,48,0.0208333333333333,FALSE,58.0768543914643,"20-CD3380",TRUE,"KK 109"
"495","NQ","M7","M","7","SK4",-2,"G09",2024-12-10,"12-10-24_ZS_M6-SK3_M7-SK4",1.66209915963094,0.0192799510709754,48,0.0208333333333333,FALSE,56.0660554075496,"20-CD3380",TRUE,"KK 109"
"496","NQ","M7","M","7","SK4",-2,"H09",2024-12-10,"12-10-24_ZS_M6-SK3_M7-SK4",1.73560089346257,0.0201450103927069,48,0.0208333333333333,FALSE,58.4862241234894,"20-CD3380",TRUE,"KK 109"
"497","NQ","M7","M","7","SK4",-0.301029995663981,"E06",2026-03-20,"3-20-26_ZS_M6&M7&M9_SK4_lowdil",11.2643476884417,2.08246355161145,6.97229263055365,0.143424846458373,TRUE,438.997451251002,"20-CD3380",TRUE,"KK 109"
"498","NQ","M7","M","7","SK4",-0.301029995663981,"F06",2026-03-20,"3-20-26_ZS_M6&M7&M9_SK4_lowdil",11.4145434443942,2.12220156233423,7.62464957699309,0.13115356842332,TRUE,442.410278154682,"20-CD3380",TRUE,"KK 109"
"499","NQ","M7","M","7","SK4",-0.301029995663981,"G06",2026-03-20,"3-20-26_ZS_M6&M7&M9_SK4_lowdil",12.1005334631394,2.32107571247076,6.62415908550423,0.15096255797786,TRUE,473.229406534676,"20-CD3380",TRUE,"KK 109"
"500","NQ","M7","M","7","SK4",-0.301029995663981,"H06",2026-03-20,"3-20-26_ZS_M6&M7&M9_SK4_lowdil",10.2815320073643,1.68144548737915,10.8587847965521,0.0920913360689788,TRUE,366.354159750098,"20-CD3380",TRUE,"KK 109"
"501","NQ","M7","M","7","SK4",-0.602059991327962,"E07",2026-03-20,"3-20-26_ZS_M6&M7&M9_SK4_lowdil",11.0270533030426,2.09857485981731,6.39600518086055,0.156347590679321,TRUE,450.426375978413,"20-CD3380",TRUE,"KK 109"
"502","NQ","M7","M","7","SK4",-0.602059991327962,"F07",2026-03-20,"3-20-26_ZS_M6&M7&M9_SK4_lowdil",10.1999701418263,1.88275911641923,6.70391090002828,0.149166660314024,TRUE,411.585104503608,"20-CD3380",TRUE,"KK 109"
"503","NQ","M7","M","7","SK4",-0.602059991327962,"G07",2026-03-20,"3-20-26_ZS_M6&M7&M9_SK4_lowdil",9.93378165099842,1.79250385851635,6.54148378959613,0.152870515645158,TRUE,403.283968150494,"20-CD3380",TRUE,"KK 109"
"504","NQ","M7","M","7","SK4",-0.602059991327962,"H07",2026-03-20,"3-20-26_ZS_M6&M7&M9_SK4_lowdil",10.6585077223397,1.99237599472253,6.5603436845101,0.152431038386166,TRUE,431.420373170559,"20-CD3380",TRUE,"KK 109"
"505","NQ","M7","M","7","SK4",-0.778151250383644,"E08",2026-03-20,"3-20-26_ZS_M6&M7&M9_SK4_lowdil",10.4339062126166,1.93122568696777,5.33623965259872,0.187397880361877,TRUE,435.900509161416,"20-CD3380",TRUE,"KK 109"
"506","NQ","M7","M","7","SK4",-0.778151250383644,"F08",2026-03-20,"3-20-26_ZS_M6&M7&M9_SK4_lowdil",9.94462736306956,1.68889155761047,5.90373517932348,0.169384291406274,TRUE,409.777458643155,"20-CD3380",TRUE,"KK 109"
"507","NQ","M7","M","7","SK4",-0.778151250383644,"G08",2026-03-20,"3-20-26_ZS_M6&M7&M9_SK4_lowdil",10.4969316498554,1.90218003450704,5.4223167768143,0.184423013475712,TRUE,435.508276735961,"20-CD3380",TRUE,"KK 109"
"508","NQ","M7","M","7","SK4",-0.778151250383644,"H08",2026-03-20,"3-20-26_ZS_M6&M7&M9_SK4_lowdil",10.901240202401,2.0271653933922,5.49716623313387,0.181911908352444,TRUE,453.543744419089,"20-CD3380",TRUE,"KK 109"
"509","NQ","M8","M","8","BR",-1,"E03",2025-01-15,"1-15-25_ZS_M8_BR_Dilution",10.1263548775592,1.72964895847272,11.7662219377708,0.0849890479109439,TRUE,363.431566138098,"21-CD41",TRUE,"KK 109"
"510","NQ","M8","M","8","BR",-1,"F03",2025-01-15,"1-15-25_ZS_M8_BR_Dilution",7.27529104777198,1.06275926669343,12.2888833343748,0.0813743586614393,TRUE,262.433121738258,"21-CD41",TRUE,"KK 109"
"511","NQ","M8","M","8","BR",-1,"G03",2025-01-15,"1-15-25_ZS_M8_BR_Dilution",7.6874305906108,1.19555779909137,11.8880567957637,0.0841180368818856,TRUE,278.967175668854,"21-CD41",TRUE,"KK 109"
"512","NQ","M8","M","8","BR",-1,"H03",2025-01-15,"1-15-25_ZS_M8_BR_Dilution",7.66282619399311,1.2616007440232,11.2891081050741,0.0885809570333136,TRUE,283.701033973412,"21-CD41",TRUE,"KK 109"
"513","NQ","M8","M","8","BR",-2,"E04",2025-01-15,"1-15-25_ZS_M8_BR_Dilution",11.2624331285912,2.03865882922748,4.18515321756895,0.238939878187034,TRUE,475.115972359818,"21-CD41",TRUE,"KK 109"
"514","NQ","M8","M","8","BR",-2,"F04",2025-01-15,"1-15-25_ZS_M8_BR_Dilution",10.7466058864335,1.88101608694216,4.81351982453818,0.207748183543825,TRUE,448.638502130611,"21-CD41",TRUE,"KK 109"
"515","NQ","M8","M","8","BR",-2,"G04",2025-01-15,"1-15-25_ZS_M8_BR_Dilution",7.27120286905108,1.22417153996101,4.42903587443946,0.225782772673197,TRUE,304.318297470195,"21-CD41",TRUE,"KK 109"
"516","NQ","M8","M","8","BR",-2,"H04",2025-01-15,"1-15-25_ZS_M8_BR_Dilution",9.72402440205287,1.69979449770289,4.20900750625521,0.237585701264217,TRUE,414.327902585455,"21-CD41",TRUE,"KK 109"
"517","NQ","M8","M","8","LN",-1,"E08",2025-02-24,"2-24-25_ZS_R12752&M8_LN",16.0558189029699,2.58168606838434,24.2332102081934,0.0412656842163608,TRUE,372.43249975815,"21-CD41",TRUE,"KK 109"
"518","NQ","M8","M","8","LN",-1,"F08",2025-02-24,"2-24-25_ZS_R12752&M8_LN",19.1228304405874,2.79271833343929,7.83860179660137,0.12757377220432,TRUE,668.445188823192,"21-CD41",TRUE,"KK 109"
"519","NQ","M8","M","8","LN",-1,"G08",2025-02-24,"2-24-25_ZS_R12752&M8_LN",5.14072831343136,0.659583100321282,35.2871577574967,0.028338921680014,TRUE,108.900584723182,"21-CD41",TRUE,"KK 109"
"520","NQ","M8","M","8","LN",-1,"H08",2025-02-24,"2-24-25_ZS_R12752&M8_LN",16.3613088177145,2.65344229163921,14.5551302783907,0.0687042974451868,TRUE,519.100793297746,"21-CD41",TRUE,"KK 109"
"521","NQ","M8","M","8","LN",-2,"E09",2025-02-24,"2-24-25_ZS_R12752&M8_LN",1.67282863849765,0.0254738306381499,48,0.0208333333333333,FALSE,62.6130795187794,"21-CD41",TRUE,"KK 109"
"522","NQ","M8","M","8","LN",-2,"F09",2025-02-24,"2-24-25_ZS_R12752&M8_LN",1.67003792667509,0.0332155553394492,48,0.0208333333333333,FALSE,63.7067490032091,"21-CD41",TRUE,"KK 109"
"523","NQ","M8","M","8","LN",-2,"G09",2025-02-24,"2-24-25_ZS_R12752&M8_LN",1.64169763348328,0.0286633200773627,48,0.0208333333333333,FALSE,62.7951178368864,"21-CD41",TRUE,"KK 109"
"524","NQ","M8","M","8","LN",-2,"H09",2025-02-24,"2-24-25_ZS_R12752&M8_LN",7.32808373275946,1.0211396958927,18.4070079979022,0.0543271345410383,TRUE,223.899210114449,"21-CD41",TRUE,"KK 109"
"525","NQ","M9","M","9","BR",-1,"E03",2025-06-05,"6-5-25_ZS_M9_BR",9.1294135353434,0.971055257334292,16.1768715310681,0.0618166496580921,TRUE,293.540552099534,"21-CD11166",TRUE,"KK 109"
"526","NQ","M9","M","9","BR",-1,"F03",2025-06-05,"6-5-25_ZS_M9_BR",11.3444002758285,1.23804630493472,20.730710195407,0.0482376141759752,TRUE,312.988586581755,"21-CD11166",TRUE,"KK 109"
"527","NQ","M9","M","9","BR",-1,"G03",2025-06-05,"6-5-25_ZS_M9_BR",7.28945240353417,0.978432253448477,11.3699643420981,0.0879510234080004,TRUE,267.535894524035,"21-CD11166",TRUE,"KK 109"
"528","NQ","M9","M","9","BR",-1,"H03",2025-06-05,"6-5-25_ZS_M9_BR",11.8829832127381,1.3887968271286,21.9690691635849,0.0455185421172766,TRUE,318.299488199512,"21-CD11166",TRUE,"KK 109"
"529","NQ","M9","M","9","BR",-2,"E04",2025-06-05,"6-5-25_ZS_M9_BR",7.55557976468724,0.935310999308939,17.0989322904332,0.0584831838043768,TRUE,239.610207532782,"21-CD11166",TRUE,"KK 109"
"530","NQ","M9","M","9","BR",-2,"F04",2025-06-05,"6-5-25_ZS_M9_BR",7.02609216635878,0.818360044601994,20.2364139427641,0.0494158699672956,TRUE,208.301923460982,"21-CD11166",TRUE,"KK 109"
"531","NQ","M9","M","9","BR",-2,"G04",2025-06-05,"6-5-25_ZS_M9_BR",6.92399354586545,0.799871719064752,23.61750537023,0.0423414744412637,TRUE,191.105620057927,"21-CD11166",TRUE,"KK 109"
"532","NQ","M9","M","9","BR",-2,"H04",2025-06-05,"6-5-25_ZS_M9_BR",7.75441642389822,0.952940522548856,16.7197904507809,0.0598093620218364,TRUE,245.550065473913,"21-CD11166",TRUE,"KK 109"
"533","NQ","M9","M","9","Ear",-1,"E08",2025-02-19,"2-19-25_ZS_M539&M9_EarSkin",12.1027761370348,2.0543851589333,5.10321088360889,0.195955061001285,TRUE,499.706106024809,"21-CD11166",TRUE,"KK 109"
"534","NQ","M9","M","9","Ear",-1,"F08",2025-02-19,"2-19-25_ZS_M539&M9_EarSkin",12.2551877720417,2.10788316406294,6.20314958152413,0.16120842917902,TRUE,495.955208017005,"21-CD11166",TRUE,"KK 109"
"535","NQ","M9","M","9","Ear",-1,"G08",2025-02-19,"2-19-25_ZS_M539&M9_EarSkin",11.3559254060557,2.16899494240581,7.06185796596035,0.141605793379053,TRUE,457.581436735512,"21-CD11166",TRUE,"KK 109"
"536","NQ","M9","M","9","Ear",-1,"H08",2025-02-19,"2-19-25_ZS_M539&M9_EarSkin",13.2946791226645,2.37239371784457,8.28879259694477,0.120644833165279,TRUE,517.349817221771,"21-CD11166",TRUE,"KK 109"
"537","NQ","M9","M","9","Ear",-2,"E09",2025-02-19,"2-19-25_ZS_M539&M9_EarSkin",7.46126831226169,1.00207371730551,22.9376744923858,0.0435963985944587,TRUE,198.45586243227,"21-CD11166",TRUE,"KK 109"
"538","NQ","M9","M","9","Ear",-2,"F09",2025-02-19,"2-19-25_ZS_M539&M9_EarSkin",7.06601785893448,0.946010724279009,26.5692643955381,0.0376374740795584,TRUE,171.224917226848,"21-CD11166",TRUE,"KK 109"
"539","NQ","M9","M","9","Ear",-2,"G09",2025-02-19,"2-19-25_ZS_M539&M9_EarSkin",6.42819409117589,0.828344094436836,32.3988242125127,0.0308653176251313,TRUE,132.24205145764,"21-CD11166",TRUE,"KK 109"
"540","NQ","M9","M","9","Ear",-2,"H09",2025-02-19,"2-19-25_ZS_M539&M9_EarSkin",9.28210853315212,1.54069184221597,9.32190756464685,0.107274181069171,TRUE,353.534790311621,"21-CD11166",TRUE,"KK 109"
"541","NQ","M9","M","9","Ear",-0.301029995663981,"E03",2026-03-16,"3-16-26_ZS_Pos_Moose_Ear_lowdil",8.68108929110399,1.52678386942181,10.4666236129866,0.0955417942763549,TRUE,323.857267863576,"21-CD11166",TRUE,"KK 109"
"542","NQ","M9","M","9","Ear",-0.301029995663981,"F03",2026-03-16,"3-16-26_ZS_Pos_Moose_Ear_lowdil",8.5800523361499,1.42501925428755,15.53858625,0.0643559191235947,TRUE,286.634202522922,"21-CD11166",TRUE,"KK 109"
"543","NQ","M9","M","9","Ear",-0.301029995663981,"G03",2026-03-16,"3-16-26_ZS_Pos_Moose_Ear_lowdil",8.50117281475541,1.41900338590395,14.1058737643314,0.0708924535060449,TRUE,288.468776313151,"21-CD11166",TRUE,"KK 109"
"544","NQ","M9","M","9","Ear",-0.301029995663981,"H03",2026-03-16,"3-16-26_ZS_Pos_Moose_Ear_lowdil",9.010039999196,1.35056135108395,18.2988571153378,0.0546482216729161,TRUE,275.025430393359,"21-CD11166",TRUE,"KK 109"
"545","NQ","M9","M","9","Ear",-0.602059991327962,"E04",2026-03-16,"3-16-26_ZS_Pos_Moose_Ear_lowdil",9.75483389926144,1.74788154805687,8.61757870773582,0.116041876020502,TRUE,377.691440295425,"21-CD11166",TRUE,"KK 109"
"546","NQ","M9","M","9","Ear",-0.602059991327962,"F04",2026-03-16,"3-16-26_ZS_Pos_Moose_Ear_lowdil",9.5526462840265,1.7103855671749,8.61094419744073,0.116131283291467,TRUE,370.709483765067,"21-CD11166",TRUE,"KK 109"
"547","NQ","M9","M","9","Ear",-0.602059991327962,"G04",2026-03-16,"3-16-26_ZS_Pos_Moose_Ear_lowdil",9.61308679958576,1.73092653477536,8.51189336053799,0.117482674846011,TRUE,373.066389165385,"21-CD11166",TRUE,"KK 109"
"548","NQ","M9","M","9","Ear",-0.602059991327962,"H04",2026-03-16,"3-16-26_ZS_Pos_Moose_Ear_lowdil",9.94808323337266,1.79943096765239,8.70269558052647,0.114906926336438,TRUE,383.345544645247,"21-CD11166",TRUE,"KK 109"
"549","NQ","M9","M","9","Ear",-0.778151250383644,"E05",2026-03-16,"3-16-26_ZS_Pos_Moose_Ear_lowdil",10.0762337754595,1.73963608317519,8.39771773281035,0.119079972894653,TRUE,393.738959954942,"21-CD11166",TRUE,"KK 109"
"550","NQ","M9","M","9","Ear",-0.778151250383644,"F05",2026-03-16,"3-16-26_ZS_Pos_Moose_Ear_lowdil",9.91475984124413,1.72510889716867,7.71552245895485,0.129608850900223,TRUE,392.673181091041,"21-CD11166",TRUE,"KK 109"
"551","NQ","M9","M","9","Ear",-0.778151250383644,"G05",2026-03-16,"3-16-26_ZS_Pos_Moose_Ear_lowdil",10.0979470462604,1.72454245393883,7.71913367648172,0.129548216407594,TRUE,396.727099704678,"21-CD11166",TRUE,"KK 109"
"552","NQ","M9","M","9","Ear",-0.778151250383644,"H05",2026-03-16,"3-16-26_ZS_Pos_Moose_Ear_lowdil",9.5656440597124,1.61722544147777,10.6401196523346,0.0939839055081097,TRUE,356.553717309898,"21-CD11166",TRUE,"KK 109"
"553","NQ","M9","M","9","LN",-1,"E03",2025-06-09,"6-9-25_ZS_M9&M12_LN",7.10510760317476,0.916987176350463,34.2205826109128,0.0292221792764307,TRUE,159.74353720359,"21-CD11166",TRUE,"KK 109"
"554","NQ","M9","M","9","LN",-1,"F03",2025-06-09,"6-9-25_ZS_M9&M12_LN",2.63079624488675,0.0849881576380237,48,0.0208333333333333,FALSE,99.6754200959379,"21-CD11166",TRUE,"KK 109"
"555","NQ","M9","M","9","LN",-1,"G03",2025-06-09,"6-9-25_ZS_M9&M12_LN",7.9350511239463,1.04725604468033,40.6673921394991,0.0245897252661236,TRUE,135.379042840696,"21-CD11166",TRUE,"KK 109"
"556","NQ","M9","M","9","LN",-1,"H03",2025-06-09,"6-9-25_ZS_M9&M12_LN",2.68108165799891,0.0880876607415457,48,0.0208333333333333,FALSE,101.821679975549,"21-CD11166",TRUE,"KK 109"
"557","NQ","M9","M","9","LN",-2,"E04",2025-06-09,"6-9-25_ZS_M9&M12_LN",2.24499405469679,0.0827776456599287,48,0.0208333333333333,FALSE,90.8970249702734,"21-CD11166",TRUE,"KK 109"
"558","NQ","M9","M","9","LN",-2,"F04",2025-06-09,"6-9-25_ZS_M9&M12_LN",2.23559037493005,0.078255068779857,48,0.0208333333333333,FALSE,89.8181143475003,"21-CD11166",TRUE,"KK 109"
"559","NQ","M9","M","9","LN",-2,"G04",2025-06-09,"6-9-25_ZS_M9&M12_LN",2.27513454907745,0.0781692426072621,48,0.0208333333333333,FALSE,91.529592250364,"21-CD11166",TRUE,"KK 109"
"560","NQ","M9","M","9","LN",-2,"H04",2025-06-09,"6-9-25_ZS_M9&M12_LN",3.76432938204988,0.358930038789974,48,0.0208333333333333,FALSE,89.6427197841624,"21-CD11166",TRUE,"KK 109"
"561","NQ","M9","M","9","SK1",-1,"E08",2024-11-14,"11-14-24_ZS_M7-SK1_M9-SK1",12.37558,2.29435111111111,8.0029150262547,0.124954469305167,TRUE,483.522225000001,"21-CD11166",TRUE,"KK 109"
"562","NQ","M9","M","9","SK1",-1,"F08",2024-11-14,"11-14-24_ZS_M7-SK1_M9-SK1",11.7529989094875,2.17070293478186,7.19750054888547,0.138937120352822,TRUE,469.900003343551,"21-CD11166",TRUE,"KK 109"
"563","NQ","M9","M","9","SK1",-1,"G08",2024-11-14,"11-14-24_ZS_M7-SK1_M9-SK1",11.5358244531688,2.05223717828878,8.50255679246991,0.117611681333976,TRUE,448.305642075955,"21-CD11166",TRUE,"KK 109"
"564","NQ","M9","M","9","SK1",-1,"H08",2024-11-14,"11-14-24_ZS_M7-SK1_M9-SK1",12.6111262777929,2.29912066949104,7.06729255436774,0.141496901721152,TRUE,503.042754876087,"21-CD11166",TRUE,"KK 109"
"565","NQ","M9","M","9","SK1",-2,"E09",2024-11-14,"11-14-24_ZS_M7-SK1_M9-SK1",5.33376594229061,0.656192976121937,25.1462512020882,0.0397673590374758,TRUE,148.403716859064,"21-CD11166",TRUE,"KK 109"
"566","NQ","M9","M","9","SK1",-2,"F09",2024-11-14,"11-14-24_ZS_M7-SK1_M9-SK1",1.87924040214004,0.0413702549630588,48,0.0208333333333333,FALSE,69.1829619613145,"21-CD11166",TRUE,"KK 109"
"567","NQ","M9","M","9","SK1",-2,"G09",2024-11-14,"11-14-24_ZS_M7-SK1_M9-SK1",1.93441430102558,0.0324530668388524,48,0.0208333333333333,FALSE,66.6624032684688,"21-CD11166",TRUE,"KK 109"
"568","NQ","M9","M","9","SK1",-2,"H09",2024-11-14,"11-14-24_ZS_M7-SK1_M9-SK1",4.92709671046133,0.637112406291503,41.6955715323722,0.0239833623391781,TRUE,90.2002432579275,"21-CD11166",TRUE,"KK 109"
"569","NQ","M9","M","9","SK1",-0.301029995663981,"E03",2026-02-11,"2-11-26_ZS_M9_SK1-3_lowdil",8.65083949796359,1.04180866095919,23.7283477869129,0.0421436843803991,TRUE,230.177445245616,"21-CD11166",TRUE,"KK 109"
"570","NQ","M9","M","9","SK1",-0.301029995663981,"F03",2026-02-11,"2-11-26_ZS_M9_SK1-3_lowdil",9.0666212391236,1.13481031088747,20.457842007942,0.0488810109889296,TRUE,264.568652374463,"21-CD11166",TRUE,"KK 109"
"571","NQ","M9","M","9","SK1",-0.301029995663981,"G03",2026-02-11,"2-11-26_ZS_M9_SK1-3_lowdil",7.93857936168914,0.888891149036386,29.7814776389563,0.0335779175272327,TRUE,179.40257139806,"21-CD11166",TRUE,"KK 109"
"572","NQ","M9","M","9","SK1",-0.301029995663981,"H03",2026-02-11,"2-11-26_ZS_M9_SK1-3_lowdil",6.45142099044381,0.705250720341618,44.553638772806,0.0224448558533981,TRUE,103.958786353931,"21-CD11166",TRUE,"KK 109"
"573","NQ","M9","M","9","SK1",-0.602059991327962,"E04",2026-02-11,"2-11-26_ZS_M9_SK1-3_lowdil",14.2920035938904,2.41692044872032,14.2673033858156,0.0700903298232371,TRUE,471.002899845544,"21-CD11166",TRUE,"KK 109"
"574","NQ","M9","M","9","SK1",-0.602059991327962,"F04",2026-02-11,"2-11-26_ZS_M9_SK1-3_lowdil",15.7179773422641,2.7678110385255,13.6684353605003,0.0731612634237453,TRUE,526.520237689158,"21-CD11166",TRUE,"KK 109"
"575","NQ","M9","M","9","SK1",-0.602059991327962,"G04",2026-02-11,"2-11-26_ZS_M9_SK1-3_lowdil",11.2914182568334,1.80206521116268,17.1796180152493,0.0582085119187376,TRUE,354.577047447138,"21-CD11166",TRUE,"KK 109"
"576","NQ","M9","M","9","SK1",-0.602059991327962,"H04",2026-02-11,"2-11-26_ZS_M9_SK1-3_lowdil",14.0735497272388,2.26012308705838,15.6719898217379,0.0638081067799667,TRUE,444.133383247119,"21-CD11166",TRUE,"KK 109"
"577","NQ","M9","M","9","SK1",-0.778151250383644,"E05",2026-02-11,"2-11-26_ZS_M9_SK1-3_lowdil",15.1604952270994,2.97187802816321,9.85016937753755,0.101521096914375,TRUE,567.351770766756,"21-CD11166",TRUE,"KK 109"
"578","NQ","M9","M","9","SK1",-0.778151250383644,"F05",2026-02-11,"2-11-26_ZS_M9_SK1-3_lowdil",15.275269293941,2.72172007761129,11.5935084674507,0.0862551662257844,TRUE,541.765244455417,"21-CD11166",TRUE,"KK 109"
"579","NQ","M9","M","9","SK1",-0.778151250383644,"G05",2026-02-11,"2-11-26_ZS_M9_SK1-3_lowdil",15.5180786710879,2.81846935448368,10.0287108037197,0.0997137139131681,TRUE,576.764397254034,"21-CD11166",TRUE,"KK 109"
"580","NQ","M9","M","9","SK1",-0.778151250383644,"H05",2026-02-11,"2-11-26_ZS_M9_SK1-3_lowdil",14.3815889633886,2.60160979549086,10.3270828471926,0.096832766309399,TRUE,533.603074588891,"21-CD11166",TRUE,"KK 109"
"581","NQ","M9","M","9","SK2",-1,"E03",2025-01-15,"1-15-25_ZS_M9-SK2_R7-SK2",7.05374067352289,1.25482288095718,7.93376767117774,0.126043519478502,TRUE,86.6663641863279,"21-CD11166",TRUE,"KK 109"
"582","NQ","M9","M","9","SK2",-1,"F03",2025-01-15,"1-15-25_ZS_M9-SK2_R7-SK2",10.2780638516993,1.87158713811649,8.63614793692678,0.115792365682408,TRUE,113.150514933059,"21-CD11166",TRUE,"KK 109"
"583","NQ","M9","M","9","SK2",-1,"G03",2025-01-15,"1-15-25_ZS_M9-SK2_R7-SK2",10.5068055269128,1.95602758873536,8.9704333986288,0.11147733398844,TRUE,113.769076098165,"21-CD11166",TRUE,"KK 109"
"584","NQ","M9","M","9","SK2",-1,"H03",2025-01-15,"1-15-25_ZS_M9-SK2_R7-SK2",9.74913105704355,1.75667325473091,7.27679730404393,0.137423094009266,TRUE,118.033185953793,"21-CD11166",TRUE,"KK 109"
"585","NQ","M9","M","9","SK2",-2,"E04",2025-01-15,"1-15-25_ZS_M9-SK2_R7-SK2",1.8716429699842,0.0257152887484641,19.5,0.0512820512820513,FALSE,22.1816128554502,"21-CD11166",TRUE,"KK 109"
"586","NQ","M9","M","9","SK2",-2,"F04",2025-01-15,"1-15-25_ZS_M9-SK2_R7-SK2",1.78880831046648,0.023890413345529,19.5,0.0512820512820513,FALSE,22.0657217757742,"21-CD11166",TRUE,"KK 109"
"587","NQ","M9","M","9","SK2",-2,"G04",2025-01-15,"1-15-25_ZS_M9-SK2_R7-SK2",2.14980328861092,0.025488415884865,19.5,0.0512820512820513,FALSE,22.5691137899728,"21-CD11166",TRUE,"KK 109"
"588","NQ","M9","M","9","SK2",-2,"H04",2025-01-15,"1-15-25_ZS_M9-SK2_R7-SK2",2.02882973380211,0.0243317149394498,19.5,0.0512820512820513,FALSE,22.4656830738322,"21-CD11166",TRUE,"KK 109"
"589","NQ","M9","M","9","SK2",-0.301029995663981,"E06",2026-02-11,"2-11-26_ZS_M9_SK1-3_lowdil",13.229244484801,2.00353119489674,15.8282346314773,0.0631782396004744,TRUE,415.827831892193,"21-CD11166",TRUE,"KK 109"
"590","NQ","M9","M","9","SK2",-0.301029995663981,"F06",2026-02-11,"2-11-26_ZS_M9_SK1-3_lowdil",9.53843181547973,1.34290193177365,20.7053636886365,0.0482966643347983,TRUE,269.564175633099,"21-CD11166",TRUE,"KK 109"
"591","NQ","M9","M","9","SK2",-0.301029995663981,"G06",2026-02-11,"2-11-26_ZS_M9_SK1-3_lowdil",11.5274862160506,1.71017176048828,18.7180526781902,0.0534243608131937,TRUE,341.180054114764,"21-CD11166",TRUE,"KK 109"
"592","NQ","M9","M","9","SK2",-0.301029995663981,"H06",2026-02-11,"2-11-26_ZS_M9_SK1-3_lowdil",10.9363630020235,1.75443225001135,19.8617126841447,0.0503481253556892,TRUE,320.10703730101,"21-CD11166",TRUE,"KK 109"
"593","NQ","M9","M","9","SK2",-0.602059991327962,"E07",2026-02-11,"2-11-26_ZS_M9_SK1-3_lowdil",13.0301289338126,2.23628193618055,12.7099848837209,0.0786782997107109,TRUE,451.469776337213,"21-CD11166",TRUE,"KK 109"
"594","NQ","M9","M","9","SK2",-0.602059991327962,"F07",2026-02-11,"2-11-26_ZS_M9_SK1-3_lowdil",12.0119406888782,2.22288838814672,12.2005798315406,0.0819633176297761,TRUE,428.549202528971,"21-CD11166",TRUE,"KK 109"
"595","NQ","M9","M","9","SK2",-0.602059991327962,"G07",2026-02-11,"2-11-26_ZS_M9_SK1-3_lowdil",11.6766219352235,2.08050314465409,12.1944645315607,0.0820044207281001,TRUE,417.150711330844,"21-CD11166",TRUE,"KK 109"
"596","NQ","M9","M","9","SK2",-0.602059991327962,"H07",2026-02-11,"2-11-26_ZS_M9_SK1-3_lowdil",12.4482437942628,2.20062292985964,13.6127904613651,0.0734603241589692,TRUE,426.323421356525,"21-CD11166",TRUE,"KK 109"
"597","NQ","M9","M","9","SK2",-0.778151250383644,"E08",2026-02-11,"2-11-26_ZS_M9_SK1-3_lowdil",12.2708713676205,2.31059513362853,9.8209154676259,0.101823501413534,TRUE,465.760152002664,"21-CD11166",TRUE,"KK 109"
"598","NQ","M9","M","9","SK2",-0.778151250383644,"F08",2026-02-11,"2-11-26_ZS_M9_SK1-3_lowdil",11.8568023596476,2.22345810201967,8.94230171696619,0.111828031713882,TRUE,460.012514524347,"21-CD11166",TRUE,"KK 109"
"599","NQ","M9","M","9","SK2",-0.778151250383644,"G08",2026-02-11,"2-11-26_ZS_M9_SK1-3_lowdil",12.2893376265884,2.2992570321238,9.63376806428088,0.103801544040457,TRUE,468.631674775774,"21-CD11166",TRUE,"KK 109"
"600","NQ","M9","M","9","SK2",-0.778151250383644,"H08",2026-02-11,"2-11-26_ZS_M9_SK1-3_lowdil",11.7272791270679,2.16287803869641,12.0916394431607,0.0827017713107232,TRUE,419.505815356766,"21-CD11166",TRUE,"KK 109"
"601","NQ","M9","M","9","SK3",-1,"E04",2024-11-26,"11-26-24_ZS_M9-SK3_M10-SK1",12.8734364114668,2.33831625184708,11.3630865656143,0.0880042578418868,TRUE,464.820315993054,"21-CD11166",TRUE,"KK 109"
"602","NQ","M9","M","9","SK3",-1,"F04",2024-11-26,"11-26-24_ZS_M9-SK3_M10-SK1",14.5674022352055,2.86771301969885,6.20077961360654,0.161270043819276,TRUE,591.139780499969,"21-CD11166",TRUE,"KK 109"
"603","NQ","M9","M","9","SK3",-1,"G04",2024-11-26,"11-26-24_ZS_M9-SK3_M10-SK1",12.3913308293574,2.17769882358249,9.10414568349875,0.109840070091639,TRUE,471.802917216526,"21-CD11166",TRUE,"KK 109"
"604","NQ","M9","M","9","SK3",-1,"H04",2024-11-26,"11-26-24_ZS_M9-SK3_M10-SK1",14.3086609274978,2.55380526514113,7.64988428627447,0.130720931530195,TRUE,555.548695141773,"21-CD11166",TRUE,"KK 109"
"605","NQ","M9","M","9","SK3",-2,"E05",2024-11-26,"11-26-24_ZS_M9-SK3_M10-SK1",2.10433653077538,0.0367417177369216,48,0.0208333333333333,FALSE,66.0465302757793,"21-CD11166",TRUE,"KK 109"
"606","NQ","M9","M","9","SK3",-2,"F05",2024-11-26,"11-26-24_ZS_M9-SK3_M10-SK1",2.05080177213205,0.0377427533390836,48,0.0208333333333333,FALSE,66.0882586450248,"21-CD11166",TRUE,"KK 109"
"607","NQ","M9","M","9","SK3",-2,"G05",2024-11-26,"11-26-24_ZS_M9-SK3_M10-SK1",2.11841017680382,0.0327108351421397,48,0.0208333333333333,FALSE,65.2532356913896,"21-CD11166",TRUE,"KK 109"
"608","NQ","M9","M","9","SK3",-2,"H05",2024-11-26,"11-26-24_ZS_M9-SK3_M10-SK1",8.24096777052377,1.07233770652872,20.2676568910989,0.0493396945376146,TRUE,232.088789843727,"21-CD11166",TRUE,"KK 109"
"609","NQ","M9","M","9","SK3",-0.301029995663981,"E09",2026-02-11,"2-11-26_ZS_M9_SK1-3_lowdil",7.22693985108317,0.842102993430273,21.1049605781866,0.0473822254391495,TRUE,216.123729661822,"21-CD11166",TRUE,"KK 109"
"610","NQ","M9","M","9","SK3",-0.301029995663981,"F09",2026-02-11,"2-11-26_ZS_M9_SK1-3_lowdil",7.2071327518295,0.808344613964913,22.545321410057,0.044355100635377,TRUE,206.996736674436,"21-CD11166",TRUE,"KK 109"
"611","NQ","M9","M","9","SK3",-0.301029995663981,"G09",2026-02-11,"2-11-26_ZS_M9_SK1-3_lowdil",6.36024311836515,0.504300626976169,26.6215246894098,0.03756358854975,TRUE,170.244371685807,"21-CD11166",TRUE,"KK 109"
"612","NQ","M9","M","9","SK3",-0.301029995663981,"H09",2026-02-11,"2-11-26_ZS_M9_SK1-3_lowdil",7.39529363195376,0.93468882237589,27.4122894707378,0.0364799883303247,TRUE,186.978715553721,"21-CD11166",TRUE,"KK 109"
"613","NQ","M9","M","9","SK3",-0.602059991327962,"E10",2026-02-11,"2-11-26_ZS_M9_SK1-3_lowdil",11.625786163522,2.12229210342418,14.408940397351,0.0694013558543031,TRUE,384.314858490566,"21-CD11166",TRUE,"KK 109"
"614","NQ","M9","M","9","SK3",-0.602059991327962,"F10",2026-02-11,"2-11-26_ZS_M9_SK1-3_lowdil",13.1667179421018,2.2882230801209,13.2279851613403,0.0755973028245125,TRUE,446.056123031272,"21-CD11166",TRUE,"KK 109"
"615","NQ","M9","M","9","SK3",-0.602059991327962,"G10",2026-02-11,"2-11-26_ZS_M9_SK1-3_lowdil",10.7810421630581,1.9150315963949,14.5580357616691,0.0686905854863315,TRUE,357.358971304257,"21-CD11166",TRUE,"KK 109"
"616","NQ","M9","M","9","SK3",-0.602059991327962,"H10",2026-02-11,"2-11-26_ZS_M9_SK1-3_lowdil",11.2474871635289,1.99925084567997,15.6061611535822,0.0640772570626996,TRUE,366.927559514548,"21-CD11166",TRUE,"KK 109"
"617","NQ","M9","M","9","SK3",-0.778151250383644,"E11",2026-02-11,"2-11-26_ZS_M9_SK1-3_lowdil",10.8719607607126,1.87804926978013,12.1935013016774,0.0820108986958842,TRUE,386.872130025277,"21-CD11166",TRUE,"KK 109"
"618","NQ","M9","M","9","SK3",-0.778151250383644,"F11",2026-02-11,"2-11-26_ZS_M9_SK1-3_lowdil",12.3873826745672,2.22889539439342,11.7023232735976,0.0854531170110614,TRUE,445.093412673663,"21-CD11166",TRUE,"KK 109"
"619","NQ","M9","M","9","SK3",-0.778151250383644,"G11",2026-02-11,"2-11-26_ZS_M9_SK1-3_lowdil",10.388923045394,1.8635197139962,12.1168868157077,0.0825294496193239,TRUE,377.802332462342,"21-CD11166",TRUE,"KK 109"
"620","NQ","M9","M","9","SK3",-0.778151250383644,"H11",2026-02-11,"2-11-26_ZS_M9_SK1-3_lowdil",11.721354218105,2.05297349021054,14.3083976705183,0.0698890276205032,TRUE,399.165708268315,"21-CD11166",TRUE,"KK 109"
"621","NQ","M9","M","9","SK4",-1,"E03",2024-11-05,"11-5-24_ZS_M9_SK4",13.5198907916586,2.56153779108924,12.1938100886848,0.0820088219126809,TRUE,479.903007559009,"21-CD11166",TRUE,"KK 109"
"622","NQ","M9","M","9","SK4",-1,"F03",2024-11-05,"11-5-24_ZS_M9_SK4",10.3038350124077,1.72435937573806,27.9780049049955,0.0357423627380039,TRUE,229.540337330815,"21-CD11166",TRUE,"KK 109"
"623","NQ","M9","M","9","SK4",-1,"G03",2024-11-05,"11-5-24_ZS_M9_SK4",11.5417136303415,2.01353432687597,19.1523392088157,0.0522129432387929,TRUE,337.019424423088,"21-CD11166",TRUE,"KK 109"
"624","NQ","M9","M","9","SK4",-1,"H03",2024-11-05,"11-5-24_ZS_M9_SK4",13.4341373291551,2.52845514624241,10.8814886079982,0.0918991910045259,TRUE,491.619166522063,"21-CD11166",TRUE,"KK 109"
"625","NQ","M9","M","9","SK4",-2,"E04",2024-11-05,"11-5-24_ZS_M9_SK4",2.10103082261686,0.042611870903359,48,0.0208333333333333,FALSE,70.1635027556645,"21-CD11166",TRUE,"KK 109"
"626","NQ","M9","M","9","SK4",-2,"F04",2024-11-05,"11-5-24_ZS_M9_SK4",2.06771923345234,0.0327579210381131,48,0.0208333333333333,FALSE,68.3887687738522,"21-CD11166",TRUE,"KK 109"
"627","NQ","M9","M","9","SK4",-2,"G04",2024-11-05,"11-5-24_ZS_M9_SK4",8.94513863142179,1.30849402063968,31.2149309438098,0.0320359510581685,TRUE,176.453050943415,"21-CD11166",TRUE,"KK 109"
"628","NQ","M9","M","9","SK4",-2,"H04",2024-11-05,"11-5-24_ZS_M9_SK4",1.97096226583673,0.0295065294916384,48,0.0208333333333333,FALSE,67.0980693629567,"21-CD11166",TRUE,"KK 109"
"629","NQ","M9","M","9","SK4",-0.301029995663981,"E09",2026-03-20,"3-20-26_ZS_M6&M7&M9_SK4_lowdil",9.83070460816209,1.43963083455733,19.8586578479454,0.0503558703542223,TRUE,284.494878104024,"21-CD11166",TRUE,"KK 109"
"630","NQ","M9","M","9","SK4",-0.301029995663981,"F09",2026-03-20,"3-20-26_ZS_M6&M7&M9_SK4_lowdil",9.4812424783168,1.31974473539814,21.8311381899435,0.0458061321081577,TRUE,258.853838133377,"21-CD11166",TRUE,"KK 109"
"631","NQ","M9","M","9","SK4",-0.301029995663981,"G09",2026-03-20,"3-20-26_ZS_M6&M7&M9_SK4_lowdil",9.93505703892249,1.34252093373684,27.4683620487034,0.0364055198568786,TRUE,223.944752882861,"21-CD11166",TRUE,"KK 109"
"632","NQ","M9","M","9","SK4",-0.301029995663981,"H09",2026-03-20,"3-20-26_ZS_M6&M7&M9_SK4_lowdil",8.7332320562712,0.865615974953581,25.3638586498286,0.0394261777675835,TRUE,208.875039019416,"21-CD11166",TRUE,"KK 109"
"633","NQ","M9","M","9","SK4",-0.602059991327962,"E10",2026-03-20,"3-20-26_ZS_M6&M7&M9_SK4_lowdil",9.81243065543456,1.70775745953474,14.1189373556727,0.0708268600397337,TRUE,333.543811639614,"21-CD11166",TRUE,"KK 109"
"634","NQ","M9","M","9","SK4",-0.602059991327962,"F10",2026-03-20,"3-20-26_ZS_M6&M7&M9_SK4_lowdil",9.6812404359639,1.56122313250448,17.6265236975392,0.0567326840595124,TRUE,296.249293432435,"21-CD11166",TRUE,"KK 109"
"635","NQ","M9","M","9","SK4",-0.602059991327962,"G10",2026-03-20,"3-20-26_ZS_M6&M7&M9_SK4_lowdil",10.2344547119633,1.7248718859696,14.3058356304074,0.069901544085581,TRUE,340.219703633184,"21-CD11166",TRUE,"KK 109"
"636","NQ","M9","M","9","SK4",-0.602059991327962,"H10",2026-03-20,"3-20-26_ZS_M6&M7&M9_SK4_lowdil",9.92642290059264,1.69688611486666,15.8929391581362,0.0629210236099133,TRUE,319.56937498094,"21-CD11166",TRUE,"KK 109"
"637","NQ","M9","M","9","SK4",-0.778151250383644,"E11",2026-03-20,"3-20-26_ZS_M6&M7&M9_SK4_lowdil",9.60385250070055,1.56259679396478,14.5174121977494,0.0688827999355856,TRUE,320.229672402519,"21-CD11166",TRUE,"KK 109"
"638","NQ","M9","M","9","SK4",-0.778151250383644,"F11",2026-03-20,"3-20-26_ZS_M6&M7&M9_SK4_lowdil",9.56585230537558,1.66516079177317,10.2233718007479,0.097815086792289,TRUE,357.026407299531,"21-CD11166",TRUE,"KK 109"
"639","NQ","M9","M","9","SK4",-0.778151250383644,"G11",2026-03-20,"3-20-26_ZS_M6&M7&M9_SK4_lowdil",9.3594358629953,1.56425984283607,12.7798407450159,0.0782482364179689,TRUE,327.792236658573,"21-CD11166",TRUE,"KK 109"
"640","NQ","M9","M","9","SK4",-0.778151250383644,"H11",2026-03-20,"3-20-26_ZS_M6&M7&M9_SK4_lowdil",9.95536679379194,1.55669311144195,16.6860440265014,0.0599303225145375,TRUE,307.595885679033,"21-CD11166",TRUE,"KK 109"
"641","NQ","R10","R","10","BR",-1,"E03",2024-05-21,"5-21-24_ZS_ReindeerR10_Brain_PosDilution",8.50238095238095,1.1505291005291,25.4125939849624,0.0393505676985096,TRUE,210.412946428571,"17-CD20830",TRUE,"A/A"
"642","NQ","R10","R","10","BR",-1,"F03",2024-05-21,"5-21-24_ZS_ReindeerR10_Brain_PosDilution",7.60655737704918,1.1511839708561,15.8247081712062,0.0631923185679686,TRUE,255.987119437939,"17-CD20830",TRUE,"A/A"
"643","NQ","R10","R","10","BR",-1,"G03",2024-05-21,"5-21-24_ZS_ReindeerR10_Brain_PosDilution",6.07626076260763,0.698646986469865,24.5704584040747,0.0406992813709232,TRUE,166.450645756458,"17-CD20830",TRUE,"A/A"
"644","NQ","R10","R","10","BR",-1,"H03",2024-05-21,"5-21-24_ZS_ReindeerR10_Brain_PosDilution",8.78509316770186,1.50034506556246,19.1924518201285,0.052103817134569,TRUE,266.191770186336,"17-CD20830",TRUE,"A/A"
"645","NQ","R10","R","10","BR",-2,"E04",2024-05-21,"5-21-24_ZS_ReindeerR10_Brain_PosDilution",5.0535894843276,0.811594202898551,7.81012658227848,0.128038897893031,TRUE,202.002148634985,"17-CD20830",TRUE,"A/A"
"646","NQ","R10","R","10","BR",-2,"F04",2024-05-21,"5-21-24_ZS_ReindeerR10_Brain_PosDilution",10.1375137513751,1.70712626818237,10.8145280235988,0.0924682055303624,TRUE,369.435231023102,"17-CD20830",TRUE,"A/A"
"647","NQ","R10","R","10","BR",-2,"G04",2024-05-21,"5-21-24_ZS_ReindeerR10_Brain_PosDilution",4.97321428571429,0.795138888888889,7.91605839416058,0.126325495620101,TRUE,200.738839285714,"17-CD20830",TRUE,"A/A"
"648","NQ","R10","R","10","BR",-2,"H04",2024-05-21,"5-21-24_ZS_ReindeerR10_Brain_PosDilution",10.2270642201835,1.66258919469929,10.913164556962,0.0916324494861623,TRUE,368.486955275229,"17-CD20830",TRUE,"A/A"
"649","NQ","R10","R","10","LN",-1,"E03",2026-02-26,"2-26-26_R10&M277_LN",6.88643676305942,0.719891694040146,33.3383385035936,0.0299954960230609,TRUE,139.895686029271,"17-CD20830",TRUE,"A/A"
"650","NQ","R10","R","10","LN",-1,"F03",2026-02-26,"2-26-26_R10&M277_LN",5.62042990997612,0.605566556206522,42.8851946246525,0.0233180706943825,TRUE,95.5873981872742,"17-CD20830",TRUE,"A/A"
"651","NQ","R10","R","10","LN",-1,"G03",2026-02-26,"2-26-26_R10&M277_LN",13.8251819652244,2.29233274924743,20.4794076771628,0.0488295372485372,TRUE,378.182215426608,"17-CD20830",TRUE,"A/A"
"652","NQ","R10","R","10","LN",-1,"H03",2026-02-26,"2-26-26_R10&M277_LN",11.0973029610002,1.82876998319738,19.9536645016133,0.05011610774147,TRUE,319.359221515863,"17-CD20830",TRUE,"A/A"
"653","NQ","R10","R","10","LN",-2,"E04",2026-02-26,"2-26-26_R10&M277_LN",7.10837859036348,1.22517537443918,5.09253976098481,0.196365673501706,TRUE,298.321779966443,"17-CD20830",TRUE,"A/A"
"654","NQ","R10","R","10","LN",-2,"F04",2026-02-26,"2-26-26_R10&M277_LN",6.80285087938818,1.12855539650603,6.56972003844966,0.152213487659663,TRUE,278.030331885205,"17-CD20830",TRUE,"A/A"
"655","NQ","R10","R","10","LN",-2,"G04",2026-02-26,"2-26-26_R10&M277_LN",9.2028368936315,1.65482125100936,5.76471618988785,0.173469077585145,TRUE,376.777569370758,"17-CD20830",TRUE,"A/A"
"656","NQ","R10","R","10","LN",-2,"H04",2026-02-26,"2-26-26_R10&M277_LN",6.55739012599591,1.10610501901311,7.12069572616969,0.140435715617624,TRUE,266.696171829199,"17-CD20830",TRUE,"A/A"
"657","NQ","R10","R","10","SK1",-1,"E03",2024-11-14,"11-14-24_ZS_R10-SK1_R11-SK2",1.67105263157895,0.0258295358214029,48,0.0208333333333333,FALSE,58.179007639131,"17-CD20830",TRUE,"A/A"
"658","NQ","R10","R","10","SK1",-1,"F03",2024-11-14,"11-14-24_ZS_R10-SK1_R11-SK2",1.62205042016807,0.0273602774443111,48,0.0208333333333333,FALSE,58.2718883553421,"17-CD20830",TRUE,"A/A"
"659","NQ","R10","R","10","SK1",-1,"G03",2024-11-14,"11-14-24_ZS_R10-SK1_R11-SK2",1.60556551577892,0.0279014773260335,48,0.0208333333333333,FALSE,60.6573000404835,"17-CD20830",TRUE,"A/A"
"660","NQ","R10","R","10","SK1",-1,"H03",2024-11-14,"11-14-24_ZS_R10-SK1_R11-SK2",1.61254762411279,0.023089502173572,48,0.0208333333333333,FALSE,58.7058884677124,"17-CD20830",TRUE,"A/A"
"661","NQ","R10","R","10","SK1",-2,"E04",2024-11-14,"11-14-24_ZS_R10-SK1_R11-SK2",1.69669395215767,0.0253980237887097,48,0.0208333333333333,FALSE,60.3513445720416,"17-CD20830",TRUE,"A/A"
"662","NQ","R10","R","10","SK1",-2,"F04",2024-11-14,"11-14-24_ZS_R10-SK1_R11-SK2",1.61123032904149,0.0287197068312948,48,0.0208333333333333,FALSE,57.883913554112,"17-CD20830",TRUE,"A/A"
"663","NQ","R10","R","10","SK1",-2,"G04",2024-11-14,"11-14-24_ZS_R10-SK1_R11-SK2",1.60405702615663,0.0241907330313583,48,0.0208333333333333,FALSE,59.2318774055456,"17-CD20830",TRUE,"A/A"
"664","NQ","R10","R","10","SK1",-2,"H04",2024-11-14,"11-14-24_ZS_R10-SK1_R11-SK2",1.63422077032922,0.0244800462519208,48,0.0208333333333333,FALSE,60.5183510690323,"17-CD20830",TRUE,"A/A"
"665","NQ","R10","R","10","SK1",-0.301029995663981,"E03",2026-03-20,"3-20-26_ZS_R10_SK1-3_lowdil",4.82025131852325,0.519353879210839,43.7528130556261,0.0228556732735934,TRUE,98.210013534841,"17-CD20830",TRUE,"A/A"
"666","NQ","R10","R","10","SK1",-0.301029995663981,"F03",2026-03-20,"3-20-26_ZS_R10_SK1-3_lowdil",2.32597859841367,0.0577587893093165,48,0.0208333333333333,FALSE,83.5181156911999,"17-CD20830",TRUE,"A/A"
"667","NQ","R10","R","10","SK1",-0.301029995663981,"G03",2026-03-20,"3-20-26_ZS_R10_SK1-3_lowdil",2.37947116675451,0.0674615407563569,48,0.0208333333333333,FALSE,83.9206638259363,"17-CD20830",TRUE,"A/A"
"668","NQ","R10","R","10","SK1",-0.301029995663981,"H03",2026-03-20,"3-20-26_ZS_R10_SK1-3_lowdil",2.66508625442298,0.0791765372822477,48,0.0208333333333333,FALSE,89.3898765073225,"17-CD20830",TRUE,"A/A"
"669","NQ","R10","R","10","SK1",-0.602059991327962,"E04",2026-03-20,"3-20-26_ZS_R10_SK1-3_lowdil",19.1786522603373,3.29927902750717,14.3209629696951,0.0698277065666687,TRUE,615.626428086438,"17-CD20830",TRUE,"A/A"
"670","NQ","R10","R","10","SK1",-0.602059991327962,"F04",2026-03-20,"3-20-26_ZS_R10_SK1-3_lowdil",2.10601819454164,0.0535922556566364,48,0.0208333333333333,FALSE,79.1419225274085,"17-CD20830",TRUE,"A/A"
"671","NQ","R10","R","10","SK1",-0.602059991327962,"G04",2026-03-20,"3-20-26_ZS_R10_SK1-3_lowdil",2.06861442251319,0.0517447288993117,48,0.0208333333333333,FALSE,77.691594195818,"17-CD20830",TRUE,"A/A"
"672","NQ","R10","R","10","SK1",-0.602059991327962,"H04",2026-03-20,"3-20-26_ZS_R10_SK1-3_lowdil",2.10402806219932,0.056616488719488,48,0.0208333333333333,FALSE,78.0656972927422,"17-CD20830",TRUE,"A/A"
"673","NQ","R10","R","10","SK1",-0.778151250383644,"E05",2026-03-20,"3-20-26_ZS_R10_SK1-3_lowdil",2.15975154310454,0.0590133881992726,48,0.0208333333333333,FALSE,80.4119857537078,"17-CD20830",TRUE,"A/A"
"674","NQ","R10","R","10","SK1",-0.778151250383644,"F05",2026-03-20,"3-20-26_ZS_R10_SK1-3_lowdil",1.90726368733351,0.0474906688807038,48,0.0208333333333333,FALSE,73.5765485704394,"17-CD20830",TRUE,"A/A"
"675","NQ","R10","R","10","SK1",-0.778151250383644,"G05",2026-03-20,"3-20-26_ZS_R10_SK1-3_lowdil",1.95935062033052,0.0501359621141218,48,0.0208333333333333,FALSE,75.3741474705864,"17-CD20830",TRUE,"A/A"
"676","NQ","R10","R","10","SK1",-0.778151250383644,"H05",2026-03-20,"3-20-26_ZS_R10_SK1-3_lowdil",1.9377591752897,0.0455158099618046,48,0.0208333333333333,FALSE,73.7427661027787,"17-CD20830",TRUE,"A/A"
"677","NQ","R10","R","10","SK2",-1,"E07",2024-11-26,"11-26-24_ZS_R7-SK1_R10-SK2_R11-SK3",1.66239571511061,0.0182076826243841,48,0.0208333333333333,FALSE,57.061559195986,"17-CD20830",TRUE,"A/A"
"678","NQ","R10","R","10","SK2",-1,"F07",2024-11-26,"11-26-24_ZS_R7-SK1_R10-SK2_R11-SK3",1.62219840091264,0.0205562603603574,48,0.0208333333333333,FALSE,56.5736123540809,"17-CD20830",TRUE,"A/A"
"679","NQ","R10","R","10","SK2",-1,"G07",2024-11-26,"11-26-24_ZS_R7-SK1_R10-SK2_R11-SK3",1.57743079499557,0.0177782156109415,48,0.0208333333333333,FALSE,56.1705632450006,"17-CD20830",TRUE,"A/A"
"680","NQ","R10","R","10","SK2",-1,"H07",2024-11-26,"11-26-24_ZS_R7-SK1_R10-SK2_R11-SK3",1.64024179107431,0.0176143852278361,48,0.0208333333333333,FALSE,56.7909766123528,"17-CD20830",TRUE,"A/A"
"681","NQ","R10","R","10","SK2",-2,"E08",2024-11-26,"11-26-24_ZS_R7-SK1_R10-SK2_R11-SK3",1.68895471857808,0.0227403511364578,48,0.0208333333333333,FALSE,58.1704930173509,"17-CD20830",TRUE,"A/A"
"682","NQ","R10","R","10","SK2",-2,"F08",2024-11-26,"11-26-24_ZS_R7-SK1_R10-SK2_R11-SK3",1.62843290919888,0.0178653521851956,48,0.0208333333333333,FALSE,56.1746487991511,"17-CD20830",TRUE,"A/A"
"683","NQ","R10","R","10","SK2",-2,"G08",2024-11-26,"11-26-24_ZS_R7-SK1_R10-SK2_R11-SK3",1.61291053674014,0.0190398610823707,48,0.0208333333333333,FALSE,55.7463035680853,"17-CD20830",TRUE,"A/A"
"684","NQ","R10","R","10","SK2",-2,"H08",2024-11-26,"11-26-24_ZS_R7-SK1_R10-SK2_R11-SK3",1.58358464501819,0.0161833915944078,48,0.0208333333333333,FALSE,55.7933999066094,"17-CD20830",TRUE,"A/A"
"685","NQ","R10","R","10","SK2",-0.301029995663981,"E06",2026-03-20,"3-20-26_ZS_R10_SK1-3_lowdil",2.5767715558731,0.0808968892681792,48,0.0208333333333333,FALSE,88.5563357744634,"17-CD20830",TRUE,"A/A"
"686","NQ","R10","R","10","SK2",-0.301029995663981,"F06",2026-03-20,"3-20-26_ZS_R10_SK1-3_lowdil",2.55869014140294,0.0797102406006435,48,0.0208333333333333,FALSE,86.6933917891233,"17-CD20830",TRUE,"A/A"
"687","NQ","R10","R","10","SK2",-0.301029995663981,"G06",2026-03-20,"3-20-26_ZS_R10_SK1-3_lowdil",2.47059559318772,0.0985064733741727,48,0.0208333333333333,FALSE,82.447305878957,"17-CD20830",TRUE,"A/A"
"688","NQ","R10","R","10","SK2",-0.301029995663981,"H06",2026-03-20,"3-20-26_ZS_R10_SK1-3_lowdil",2.49565294886521,0.0864745206251126,48,0.0208333333333333,FALSE,84.8135273497842,"17-CD20830",TRUE,"A/A"
"689","NQ","R10","R","10","SK2",-0.602059991327962,"E07",2026-03-20,"3-20-26_ZS_R10_SK1-3_lowdil",2.20331938146727,0.0640838489925805,48,0.0208333333333333,FALSE,80.2040823741424,"17-CD20830",TRUE,"A/A"
"690","NQ","R10","R","10","SK2",-0.602059991327962,"F07",2026-03-20,"3-20-26_ZS_R10_SK1-3_lowdil",1.98374888908421,0.0487793761943363,48,0.0208333333333333,FALSE,74.9095433769885,"17-CD20830",TRUE,"A/A"
"691","NQ","R10","R","10","SK2",-0.602059991327962,"G07",2026-03-20,"3-20-26_ZS_R10_SK1-3_lowdil",2.03420126393832,0.0532085388684586,48,0.0208333333333333,FALSE,75.6462944522771,"17-CD20830",TRUE,"A/A"
"692","NQ","R10","R","10","SK2",-0.602059991327962,"H07",2026-03-20,"3-20-26_ZS_R10_SK1-3_lowdil",1.97485161963444,0.045189435821049,48,0.0208333333333333,FALSE,74.6001739716723,"17-CD20830",TRUE,"A/A"
"693","NQ","R10","R","10","SK2",-0.778151250383644,"E08",2026-03-20,"3-20-26_ZS_R10_SK1-3_lowdil",1.99378161992239,0.0544034579301537,48,0.0208333333333333,FALSE,75.68942605236,"17-CD20830",TRUE,"A/A"
"694","NQ","R10","R","10","SK2",-0.778151250383644,"F08",2026-03-20,"3-20-26_ZS_R10_SK1-3_lowdil",1.89859029968454,0.0473295653697862,48,0.0208333333333333,FALSE,73.7383342369874,"17-CD20830",TRUE,"A/A"
"695","NQ","R10","R","10","SK2",-0.778151250383644,"G08",2026-03-20,"3-20-26_ZS_R10_SK1-3_lowdil",1.88572584464793,0.0412697786197944,48,0.0208333333333333,FALSE,73.5561256709821,"17-CD20830",TRUE,"A/A"
"696","NQ","R10","R","10","SK2",-0.778151250383644,"H08",2026-03-20,"3-20-26_ZS_R10_SK1-3_lowdil",1.95042501337455,0.0408633682722727,48,0.0208333333333333,FALSE,73.9319235570349,"17-CD20830",TRUE,"A/A"
"697","NQ","R10","R","10","SK3",-1,"E03",2025-01-13,"1-13-25-ZS_R10-SK3-4",2.08761182419292,0.0227321837590216,48,0.0208333333333333,FALSE,60.8592473745624,"17-CD20830",TRUE,"A/A"
"698","NQ","R10","R","10","SK3",-1,"F03",2025-01-13,"1-13-25-ZS_R10-SK3-4",1.90222177742194,0.0264211369095276,48,0.0208333333333333,FALSE,60.1266638310648,"17-CD20830",TRUE,"A/A"
"699","NQ","R10","R","10","SK3",-1,"G03",2025-01-13,"1-13-25-ZS_R10-SK3-4",1.86336439431094,0.0214920167838265,48,0.0208333333333333,FALSE,59.0243746934771,"17-CD20830",TRUE,"A/A"
"700","NQ","R10","R","10","SK3",-1,"H03",2025-01-13,"1-13-25-ZS_R10-SK3-4",1.87313432835821,0.0197014925373135,48,0.0208333333333333,FALSE,57.7015298507463,"17-CD20830",TRUE,"A/A"
"701","NQ","R10","R","10","SK3",-2,"E04",2025-01-13,"1-13-25-ZS_R10-SK3-4",2.0592845659164,0.0227759914255091,48,0.0208333333333333,FALSE,61.370415494373,"17-CD20830",TRUE,"A/A"
"702","NQ","R10","R","10","SK3",-2,"F04",2025-01-13,"1-13-25-ZS_R10-SK3-4",1.9967,0.0228222222222222,48,0.0208333333333333,FALSE,59.988525,"17-CD20830",TRUE,"A/A"
"703","NQ","R10","R","10","SK3",-2,"G04",2025-01-13,"1-13-25-ZS_R10-SK3-4",1.91439886271324,0.0266269518909649,48,0.0208333333333333,FALSE,60.2749669983752,"17-CD20830",TRUE,"A/A"
"704","NQ","R10","R","10","SK3",-2,"H04",2025-01-13,"1-13-25-ZS_R10-SK3-4",1.83267986669281,0.0208673680541941,48,0.0208333333333333,FALSE,58.1842530876298,"17-CD20830",TRUE,"A/A"
"705","NQ","R10","R","10","SK3",-0.301029995663981,"E09",2026-03-20,"3-20-26_ZS_R10_SK1-3_lowdil",2.63353269785891,0.0858582712049786,48,0.0208333333333333,FALSE,90.1452868980127,"17-CD20830",TRUE,"A/A"
"706","NQ","R10","R","10","SK3",-0.301029995663981,"F09",2026-03-20,"3-20-26_ZS_R10_SK1-3_lowdil",2.5,0.0820981470502048,48,0.0208333333333333,FALSE,85.8157212806411,"17-CD20830",TRUE,"A/A"
"707","NQ","R10","R","10","SK3",-0.301029995663981,"G09",2026-03-20,"3-20-26_ZS_R10_SK1-3_lowdil",2.37324954743128,0.0711856491211035,48,0.0208333333333333,FALSE,83.7000171663997,"17-CD20830",TRUE,"A/A"
"708","NQ","R10","R","10","SK3",-0.301029995663981,"H09",2026-03-20,"3-20-26_ZS_R10_SK1-3_lowdil",5.7117850431388,0.678433367595198,41.4352866056875,0.0241340191396851,TRUE,102.013510076103,"17-CD20830",TRUE,"A/A"
"709","NQ","R10","R","10","SK3",-0.602059991327962,"E10",2026-03-20,"3-20-26_ZS_R10_SK1-3_lowdil",1.92179307069788,0.0468658967442086,48,0.0208333333333333,FALSE,74.2694441421477,"17-CD20830",TRUE,"A/A"
"710","NQ","R10","R","10","SK3",-0.602059991327962,"F10",2026-03-20,"3-20-26_ZS_R10_SK1-3_lowdil",1.97612537240338,0.0461417422809906,48,0.0208333333333333,FALSE,75.9341368914011,"17-CD20830",TRUE,"A/A"
"711","NQ","R10","R","10","SK3",-0.602059991327962,"G10",2026-03-20,"3-20-26_ZS_R10_SK1-3_lowdil",11.4722600355387,2.04209459217617,41.1899542716121,0.024277764267614,TRUE,133.587549229474,"17-CD20830",TRUE,"A/A"
"712","NQ","R10","R","10","SK3",-0.602059991327962,"H10",2026-03-20,"3-20-26_ZS_R10_SK1-3_lowdil",1.9113867829033,0.0438802468880763,48,0.0208333333333333,FALSE,73.8510507261346,"17-CD20830",TRUE,"A/A"
"713","NQ","R10","R","10","SK3",-0.778151250383644,"E11",2026-03-20,"3-20-26_ZS_R10_SK1-3_lowdil",9.33337676786913,1.63533477446896,43.0391657584465,0.0232346510992432,TRUE,106.429662363306,"17-CD20830",TRUE,"A/A"
"714","NQ","R10","R","10","SK3",-0.778151250383644,"F11",2026-03-20,"3-20-26_ZS_R10_SK1-3_lowdil",1.86117769459093,0.0507190449152321,48,0.0208333333333333,FALSE,73.8142818164199,"17-CD20830",TRUE,"A/A"
"715","NQ","R10","R","10","SK3",-0.778151250383644,"G11",2026-03-20,"3-20-26_ZS_R10_SK1-3_lowdil",1.83688806401558,0.0451809706685418,48,0.0208333333333333,FALSE,73.2405300149085,"17-CD20830",TRUE,"A/A"
"716","NQ","R10","R","10","SK3",-0.778151250383644,"H11",2026-03-20,"3-20-26_ZS_R10_SK1-3_lowdil",1.78849565505006,0.0413792028188997,48,0.0208333333333333,FALSE,71.5523273295848,"17-CD20830",TRUE,"A/A"
"717","NQ","R10","R","10","SK4",-1,"E08",2025-01-13,"1-13-25-ZS_R10-SK3-4",2.2015894553208,0.0372165148284551,48,0.0208333333333333,FALSE,56.7789542547005,"17-CD20830",TRUE,"A/A"
"718","NQ","R10","R","10","SK4",-1,"F08",2025-01-13,"1-13-25-ZS_R10-SK3-4",1.93785598047193,0.0203643431877768,48,0.0208333333333333,FALSE,60.7587342351504,"17-CD20830",TRUE,"A/A"
"719","NQ","R10","R","10","SK4",-1,"G08",2025-01-13,"1-13-25-ZS_R10-SK3-4",1.9198089236711,0.026538379013224,48,0.0208333333333333,FALSE,60.4357150116882,"17-CD20830",TRUE,"A/A"
"720","NQ","R10","R","10","SK4",-1,"H08",2025-01-13,"1-13-25-ZS_R10-SK3-4",1.08732559274076,0.00732862826725644,48,0.0208333333333333,FALSE,42.1914333105668,"17-CD20830",TRUE,"A/A"
"721","NQ","R10","R","10","SK4",-2,"E09",2025-01-13,"1-13-25-ZS_R10-SK3-4",2.36769794422959,0.0260307121695276,48,0.0208333333333333,FALSE,62.8218501933645,"17-CD20830",TRUE,"A/A"
"722","NQ","R10","R","10","SK4",-2,"F09",2025-01-13,"1-13-25-ZS_R10-SK3-4",1.91109979633401,0.022968997510749,48,0.0208333333333333,FALSE,59.9125127291243,"17-CD20830",TRUE,"A/A"
"723","NQ","R10","R","10","SK4",-2,"G09",2025-01-13,"1-13-25-ZS_R10-SK3-4",1.86193313806686,0.0188533144800189,48,0.0208333333333333,FALSE,58.787470962529,"17-CD20830",TRUE,"A/A"
"724","NQ","R10","R","10","SK4",-2,"H09",2025-01-13,"1-13-25-ZS_R10-SK3-4",1.10122514561157,0.00609225413402958,48,0.0208333333333333,FALSE,42.0965931914039,"17-CD20830",TRUE,"A/A"
"725","NQ","R11","R","11","BR",-1,"E08",2025-01-15,"1-15-25_ZS_R5381&R11_BR_Dilution",6.24746926052656,0.937065729844619,26.0216223742839,0.0384295792789714,TRUE,164.722316705419,"17-CD24077",TRUE,"A/B"
"726","NQ","R11","R","11","BR",-1,"F08",2025-01-15,"1-15-25_ZS_R5381&R11_BR_Dilution",6.19997354443517,0.943409964024954,24.602839025662,0.0406457156817125,TRUE,169.466875852175,"17-CD24077",TRUE,"A/B"
"727","NQ","R11","R","11","BR",-1,"G08",2025-01-15,"1-15-25_ZS_R5381&R11_BR_Dilution",6.55884357150015,0.985064190355302,26.7600721269434,0.0373691070508419,TRUE,166.010560927949,"17-CD24077",TRUE,"A/B"
"728","NQ","R11","R","11","BR",-1,"H08",2025-01-15,"1-15-25_ZS_R5381&R11_BR_Dilution",6.74744939107993,0.877122707028345,28.7819409647053,0.0347440084470425,TRUE,155.889146806194,"17-CD24077",TRUE,"A/B"
"729","NQ","R11","R","11","BR",-2,"E09",2025-01-15,"1-15-25_ZS_R5381&R11_BR_Dilution",8.2455307462199,1.3036188505575,8.94447844650307,0.111800817228305,TRUE,314.112208643451,"17-CD24077",TRUE,"A/B"
"730","NQ","R11","R","11","BR",-2,"F09",2025-01-15,"1-15-25_ZS_R5381&R11_BR_Dilution",8.39291595556753,1.29316579671381,7.42298484382714,0.134716696994416,TRUE,329.127949190096,"17-CD24077",TRUE,"A/B"
"731","NQ","R11","R","11","BR",-2,"G09",2025-01-15,"1-15-25_ZS_R5381&R11_BR_Dilution",8.35409472864813,1.3033694160019,8.97311027602765,0.111444077832363,TRUE,319.439915121455,"17-CD24077",TRUE,"A/B"
"732","NQ","R11","R","11","BR",-2,"H09",2025-01-15,"1-15-25_ZS_R5381&R11_BR_Dilution",7.59539100496217,1.07771650427544,13.9078205875104,0.0719019916677693,TRUE,254.829226967357,"17-CD24077",TRUE,"A/B"
"733","NQ","R11","R","11","LN",-1,"E08",2024-05-22,"5-22-24_ZS_R11&5381_LN_Dilution",4.974,0.58,24.1836734693878,0.0413502109704641,TRUE,146.5965,"17-CD24077",TRUE,"A/B"
"734","NQ","R11","R","11","LN",-1,"F08",2024-05-22,"5-22-24_ZS_R11&5381_LN_Dilution",5.448,0.711111111111111,16.3404977375566,0.0611976462443752,TRUE,184.62075,"17-CD24077",TRUE,"A/B"
"735","NQ","R11","R","11","LN",-1,"G08",2024-05-22,"5-22-24_ZS_R11&5381_LN_Dilution",11.5100574712644,1.81768837803321,10.0623310810811,0.0993805502862227,TRUE,417.890086206897,"17-CD24077",TRUE,"A/B"
"736","NQ","R11","R","11","LN",-1,"H08",2024-05-22,"5-22-24_ZS_R11&5381_LN_Dilution",6.8156862745098,1.03355119825708,11.0037442396313,0.0908781573092527,TRUE,252.177205882354,"17-CD24077",TRUE,"A/B"
"737","NQ","R11","R","11","LN",-2,"E09",2024-05-22,"5-22-24_ZS_R11&5381_LN_Dilution",4.42880794701987,0.532744665194996,31.385593220339,0.0318617523963818,TRUE,123.108650662252,"17-CD24077",TRUE,"A/B"
"738","NQ","R11","R","11","LN",-2,"F09",2024-05-22,"5-22-24_ZS_R11&5381_LN_Dilution",4.77739130434783,0.618357487922705,32.1086956521739,0.031144211238998,TRUE,117.288913043478,"17-CD24077",TRUE,"A/B"
"739","NQ","R11","R","11","LN",-2,"G09",2024-05-22,"5-22-24_ZS_R11&5381_LN_Dilution",6.69014084507042,1.12402190923318,11.4109907120743,0.0876348097402157,TRUE,249.29511443662,"17-CD24077",TRUE,"A/B"
"740","NQ","R11","R","11","LN",-2,"H09",2024-05-22,"5-22-24_ZS_R11&5381_LN_Dilution",7.16817359855335,1.30279284709664,6.31322033898305,0.158397766323024,TRUE,290.578887884268,"17-CD24077",TRUE,"A/B"
"741","NQ","R11","R","11","SK1",-1,"E03",2024-11-05,"11-5-24_ZS_R11_SK1",1.96563520927079,0.0322906892591908,48,0.0208333333333333,FALSE,68.2690393268815,"17-CD24077",TRUE,"A/B"
"742","NQ","R11","R","11","SK1",-1,"E03",2025-01-13,"1-13-25_ZS_R11-SK1-4",2.01132852729145,0.0301178624556585,48,0.0208333333333333,FALSE,65.4973995880534,"17-CD24077",TRUE,"A/B"
"743","NQ","R11","R","11","SK1",-1,"F03",2024-11-05,"11-5-24_ZS_R11_SK1",1.9344232589043,0.0377536616085351,48,0.0208333333333333,FALSE,66.8526989751747,"17-CD24077",TRUE,"A/B"
"744","NQ","R11","R","11","SK1",-1,"F03",2025-01-13,"1-13-25_ZS_R11-SK1-4",1.91177362304194,0.0293975633035764,48,0.0208333333333333,FALSE,63.7145654370895,"17-CD24077",TRUE,"A/B"
"745","NQ","R11","R","11","SK1",-1,"G03",2024-11-05,"11-5-24_ZS_R11_SK1",1.90477046985231,0.0294315539833856,48,0.0208333333333333,FALSE,66.5522101145152,"17-CD24077",TRUE,"A/B"
"746","NQ","R11","R","11","SK1",-1,"G03",2025-01-13,"1-13-25_ZS_R11-SK1-4",1.84028892455859,0.0275994292848226,48,0.0208333333333333,FALSE,62.2999598715892,"17-CD24077",TRUE,"A/B"
"747","NQ","R11","R","11","SK1",-1,"H03",2024-11-05,"11-5-24_ZS_R11_SK1",1.89736058459443,0.032832055577576,48,0.0208333333333333,FALSE,66.5810626772229,"17-CD24077",TRUE,"A/B"
"748","NQ","R11","R","11","SK1",-1,"H03",2025-01-13,"1-13-25_ZS_R11-SK1-4",1.90375138288243,0.025389162671673,48,0.0208333333333333,FALSE,64.7064894900936,"17-CD24077",TRUE,"A/B"
"749","NQ","R11","R","11","SK1",-2,"E04",2024-11-05,"11-5-24_ZS_R11_SK1",1.98925527973323,0.0310631738321006,48,0.0208333333333333,FALSE,68.1654432197111,"17-CD24077",TRUE,"A/B"
"750","NQ","R11","R","11","SK1",-2,"E04",2025-01-13,"1-13-25_ZS_R11-SK1-4",2.01084900965462,0.0327792707607578,48,0.0208333333333333,FALSE,64.2008435353837,"17-CD24077",TRUE,"A/B"
"751","NQ","R11","R","11","SK1",-2,"F04",2024-11-05,"11-5-24_ZS_R11_SK1",1.92147207862005,0.0385160919736341,48,0.0208333333333333,FALSE,67.2763167323542,"17-CD24077",TRUE,"A/B"
"752","NQ","R11","R","11","SK1",-2,"F04",2025-01-13,"1-13-25_ZS_R11-SK1-4",1.93045417680454,0.0273272055510499,48,0.0208333333333333,FALSE,62.9102798053527,"17-CD24077",TRUE,"A/B"
"753","NQ","R11","R","11","SK1",-2,"G04",2024-11-05,"11-5-24_ZS_R11_SK1",1.91482707499848,0.0332830139292234,48,0.0208333333333333,FALSE,65.5212031132594,"17-CD24077",TRUE,"A/B"
"754","NQ","R11","R","11","SK1",-2,"G04",2025-01-13,"1-13-25_ZS_R11-SK1-4",1.9401246551548,0.0315838470533474,48,0.0208333333333333,FALSE,64.8356110146112,"17-CD24077",TRUE,"A/B"
"755","NQ","R11","R","11","SK1",-2,"H04",2024-11-05,"11-5-24_ZS_R11_SK1",1.85376732015779,0.0262585816137068,48,0.0208333333333333,FALSE,64.3943247368525,"17-CD24077",TRUE,"A/B"
"756","NQ","R11","R","11","SK1",-2,"H04",2025-01-13,"1-13-25_ZS_R11-SK1-4",1.8902390438247,0.0282647189021691,48,0.0208333333333333,FALSE,63.6261080677291,"17-CD24077",TRUE,"A/B"
"757","NQ","R11","R","11","SK1",-0.301029995663981,"E03",2026-03-20,"3-20-26_ZS_R11_SK1-3_lowdil",2.3876623505778,0.0597158409080361,48,0.0208333333333333,FALSE,84.523420251805,"17-CD24077",TRUE,"A/B"
"758","NQ","R11","R","11","SK1",-0.301029995663981,"F03",2026-03-20,"3-20-26_ZS_R11_SK1-3_lowdil",2.46169488754228,0.0680752692933484,48,0.0208333333333333,FALSE,85.4250605462962,"17-CD24077",TRUE,"A/B"
"759","NQ","R11","R","11","SK1",-0.301029995663981,"G03",2026-03-20,"3-20-26_ZS_R11_SK1-3_lowdil",2.40740702775842,0.0672958209757586,48,0.0208333333333333,FALSE,84.16402117758,"17-CD24077",TRUE,"A/B"
"760","NQ","R11","R","11","SK1",-0.301029995663981,"H03",2026-03-20,"3-20-26_ZS_R11_SK1-3_lowdil",2.32906293205487,0.0683750482133167,48,0.0208333333333333,FALSE,81.8998888468921,"17-CD24077",TRUE,"A/B"
"761","NQ","R11","R","11","SK1",-0.602059991327962,"E04",2026-03-20,"3-20-26_ZS_R11_SK1-3_lowdil",2.13736171556582,0.0606066587059571,48,0.0208333333333333,FALSE,78.8148703259615,"17-CD24077",TRUE,"A/B"
"762","NQ","R11","R","11","SK1",-0.602059991327962,"F04",2026-03-20,"3-20-26_ZS_R11_SK1-3_lowdil",2.22268304032046,0.0592904300444408,48,0.0208333333333333,FALSE,79.4454520625543,"17-CD24077",TRUE,"A/B"
"763","NQ","R11","R","11","SK1",-0.602059991327962,"G04",2026-03-20,"3-20-26_ZS_R11_SK1-3_lowdil",2.17416857507651,0.0514561335954441,48,0.0208333333333333,FALSE,79.4665986056784,"17-CD24077",TRUE,"A/B"
"764","NQ","R11","R","11","SK1",-0.602059991327962,"H04",2026-03-20,"3-20-26_ZS_R11_SK1-3_lowdil",2.22130924415498,0.0728612508583674,48,0.0208333333333333,FALSE,79.6013993769345,"17-CD24077",TRUE,"A/B"
"765","NQ","R11","R","11","SK1",-0.778151250383644,"E05",2026-03-20,"3-20-26_ZS_R11_SK1-3_lowdil",2.04642533672247,0.0498610042537351,48,0.0208333333333333,FALSE,76.1005164051771,"17-CD24077",TRUE,"A/B"
"766","NQ","R11","R","11","SK1",-0.778151250383644,"F05",2026-03-20,"3-20-26_ZS_R11_SK1-3_lowdil",2.12705089164774,0.0642095007247926,48,0.0208333333333333,FALSE,79.2003941378362,"17-CD24077",TRUE,"A/B"
"767","NQ","R11","R","11","SK1",-0.778151250383644,"G05",2026-03-20,"3-20-26_ZS_R11_SK1-3_lowdil",1.98620634428084,0.0565404194597096,48,0.0208333333333333,FALSE,75.4034569223531,"17-CD24077",TRUE,"A/B"
"768","NQ","R11","R","11","SK1",-0.778151250383644,"H05",2026-03-20,"3-20-26_ZS_R11_SK1-3_lowdil",1.93687622285025,0.0460219898943984,48,0.0208333333333333,FALSE,73.0714465700903,"17-CD24077",TRUE,"A/B"
"769","NQ","R11","R","11","SK2",-1,"E05",2025-01-13,"1-13-25_ZS_R11-SK1-4",2.06084762865792,0.0317524386141944,48,0.0208333333333333,FALSE,65.5565842583248,"17-CD24077",TRUE,"A/B"
"770","NQ","R11","R","11","SK2",-1,"E08",2024-11-14,"11-14-24_ZS_R10-SK1_R11-SK2",1.70288852847235,0.0219257077596796,48,0.0208333333333333,FALSE,59.5882317091373,"17-CD24077",TRUE,"A/B"
"771","NQ","R11","R","11","SK2",-1,"F05",2025-01-13,"1-13-25_ZS_R11-SK1-4",1.94588306696338,0.0280980960730101,48,0.0208333333333333,FALSE,63.6261885494639,"17-CD24077",TRUE,"A/B"
"772","NQ","R11","R","11","SK2",-1,"F08",2024-11-14,"11-14-24_ZS_R10-SK1_R11-SK2",1.69511231177147,0.0246357718967655,48,0.0208333333333333,FALSE,60.1614663064687,"17-CD24077",TRUE,"A/B"
"773","NQ","R11","R","11","SK2",-1,"G05",2025-01-13,"1-13-25_ZS_R11-SK1-4",2.00337354324269,0.0320770576342034,48,0.0208333333333333,FALSE,64.1232365569413,"17-CD24077",TRUE,"A/B"
"774","NQ","R11","R","11","SK2",-1,"G08",2024-11-14,"11-14-24_ZS_R10-SK1_R11-SK2",1.68390718488108,0.0219973651995468,48,0.0208333333333333,FALSE,60.6185797548771,"17-CD24077",TRUE,"A/B"
"775","NQ","R11","R","11","SK2",-1,"H05",2025-01-13,"1-13-25_ZS_R11-SK1-4",1.93816003249391,0.0274618647892409,48,0.0208333333333333,FALSE,64.1087403533711,"17-CD24077",TRUE,"A/B"
"776","NQ","R11","R","11","SK2",-1,"H08",2024-11-14,"11-14-24_ZS_R10-SK1_R11-SK2",1.66666334621668,0.0233007043781241,48,0.0208333333333333,FALSE,60.2751424473046,"17-CD24077",TRUE,"A/B"
"777","NQ","R11","R","11","SK2",-2,"E06",2025-01-13,"1-13-25_ZS_R11-SK1-4",7.8971093592076,1.22186285739955,16.1404262516915,0.0619562324071338,TRUE,256.570800485142,"17-CD24077",TRUE,"A/B"
"778","NQ","R11","R","11","SK2",-2,"E09",2024-11-14,"11-14-24_ZS_R10-SK1_R11-SK2",1.68177417761533,0.024064012644473,48,0.0208333333333333,FALSE,59.7822940333895,"17-CD24077",TRUE,"A/B"
"779","NQ","R11","R","11","SK2",-2,"F06",2025-01-13,"1-13-25_ZS_R11-SK1-4",1.790273556231,0.0289766970618034,48,0.0208333333333333,FALSE,61.6169072948327,"17-CD24077",TRUE,"A/B"
"780","NQ","R11","R","11","SK2",-2,"F09",2024-11-14,"11-14-24_ZS_R10-SK1_R11-SK2",1.64046387959538,0.0253895369816212,48,0.0208333333333333,FALSE,59.9603340266673,"17-CD24077",TRUE,"A/B"
"781","NQ","R11","R","11","SK2",-2,"G06",2025-01-13,"1-13-25_ZS_R11-SK1-4",1.91426563598032,0.0315452486921215,48,0.0208333333333333,FALSE,64.8090427667905,"17-CD24077",TRUE,"A/B"
"782","NQ","R11","R","11","SK2",-2,"G09",2024-11-14,"11-14-24_ZS_R10-SK1_R11-SK2",1.64540796293388,0.0240257927159137,48,0.0208333333333333,FALSE,58.9217976971102,"17-CD24077",TRUE,"A/B"
"783","NQ","R11","R","11","SK2",-2,"H06",2025-01-13,"1-13-25_ZS_R11-SK1-4",1.8966826538769,0.0264455102584599,48,0.0208333333333333,FALSE,63.3240407673861,"17-CD24077",TRUE,"A/B"
"784","NQ","R11","R","11","SK2",-2,"H09",2024-11-14,"11-14-24_ZS_R10-SK1_R11-SK2",1.60874821841058,0.023691180244972,48,0.0208333333333333,FALSE,60.5846881604167,"17-CD24077",TRUE,"A/B"
"785","NQ","R11","R","11","SK2",-0.301029995663981,"E06",2026-03-20,"3-20-26_ZS_R11_SK1-3_lowdil",2.28310497742955,0.055808547824377,48,0.0208333333333333,FALSE,80.911855946865,"17-CD24077",TRUE,"A/B"
"786","NQ","R11","R","11","SK2",-0.301029995663981,"F06",2026-03-20,"3-20-26_ZS_R11_SK1-3_lowdil",2.3640678588927,0.0599084508320177,48,0.0208333333333333,FALSE,83.7765418299853,"17-CD24077",TRUE,"A/B"
"787","NQ","R11","R","11","SK2",-0.301029995663981,"G06",2026-03-20,"3-20-26_ZS_R11_SK1-3_lowdil",2.32719911292866,0.0593980619616168,48,0.0208333333333333,FALSE,81.5721991637927,"17-CD24077",TRUE,"A/B"
"788","NQ","R11","R","11","SK2",-0.301029995663981,"H06",2026-03-20,"3-20-26_ZS_R11_SK1-3_lowdil",2.26126568299641,0.0535553805899522,48,0.0208333333333333,FALSE,79.9682198840455,"17-CD24077",TRUE,"A/B"
"789","NQ","R11","R","11","SK2",-0.602059991327962,"E07",2026-03-20,"3-20-26_ZS_R11_SK1-3_lowdil",2.13275110038054,0.053769886611402,48,0.0208333333333333,FALSE,79.1431115681542,"17-CD24077",TRUE,"A/B"
"790","NQ","R11","R","11","SK2",-0.602059991327962,"F07",2026-03-20,"3-20-26_ZS_R11_SK1-3_lowdil",2.0204968696415,0.045537522209373,48,0.0208333333333333,FALSE,75.4628357159947,"17-CD24077",TRUE,"A/B"
"791","NQ","R11","R","11","SK2",-0.602059991327962,"G07",2026-03-20,"3-20-26_ZS_R11_SK1-3_lowdil",2.0041564792176,0.0537037037037038,48,0.0208333333333333,FALSE,75.7269674511003,"17-CD24077",TRUE,"A/B"
"792","NQ","R11","R","11","SK2",-0.602059991327962,"H07",2026-03-20,"3-20-26_ZS_R11_SK1-3_lowdil",1.96949955280917,0.0479307260752907,48,0.0208333333333333,FALSE,75.033699386129,"17-CD24077",TRUE,"A/B"
"793","NQ","R11","R","11","SK2",-0.778151250383644,"E08",2026-03-20,"3-20-26_ZS_R11_SK1-3_lowdil",2.0718803570373,0.0479202380248665,48,0.0208333333333333,FALSE,76.9369458237277,"17-CD24077",TRUE,"A/B"
"794","NQ","R11","R","11","SK2",-0.778151250383644,"F08",2026-03-20,"3-20-26_ZS_R11_SK1-3_lowdil",1.96821607915771,0.0470821544086007,48,0.0208333333333333,FALSE,74.351372532512,"17-CD24077",TRUE,"A/B"
"795","NQ","R11","R","11","SK2",-0.778151250383644,"G08",2026-03-20,"3-20-26_ZS_R11_SK1-3_lowdil",1.97014558382083,0.0488034214303846,48,0.0208333333333333,FALSE,75.2083905355148,"17-CD24077",TRUE,"A/B"
"796","NQ","R11","R","11","SK2",-0.778151250383644,"H08",2026-03-20,"3-20-26_ZS_R11_SK1-3_lowdil",1.90321994732647,0.0448027769649146,48,0.0208333333333333,FALSE,73.2300367806581,"17-CD24077",TRUE,"A/B"
"797","NQ","R11","R","11","SK3",-1,"E07",2025-01-13,"1-13-25_ZS_R11-SK1-4",2.09887776766758,0.0264662600119076,48,0.0208333333333333,FALSE,65.034008189263,"17-CD24077",TRUE,"A/B"
"798","NQ","R11","R","11","SK3",-1,"E10",2024-11-26,"11-26-24_ZS_R7-SK1_R10-SK2_R11-SK3",3.16251733737789,0.419405445738303,48,0.0208333333333333,FALSE,58.6097830208447,"17-CD24077",TRUE,"A/B"
"799","NQ","R11","R","11","SK3",-1,"F07",2025-01-13,"1-13-25_ZS_R11-SK1-4",1.94823361241576,0.0269779683706578,48,0.0208333333333333,FALSE,63.1461098631814,"17-CD24077",TRUE,"A/B"
"800","NQ","R11","R","11","SK3",-1,"F10",2024-11-26,"11-26-24_ZS_R7-SK1_R10-SK2_R11-SK3",3.70432236782739,0.549805989753051,48,0.0208333333333333,FALSE,58.7761976498191,"17-CD24077",TRUE,"A/B"
"801","NQ","R11","R","11","SK3",-1,"G07",2025-01-13,"1-13-25_ZS_R11-SK1-4",6.86383793590002,1.05818719344218,32.382489390779,0.0308808871341668,TRUE,141.35152942955,"17-CD24077",TRUE,"A/B"
"802","NQ","R11","R","11","SK3",-1,"G10",2024-11-26,"11-26-24_ZS_R7-SK1_R10-SK2_R11-SK3",4.37833425676745,0.62127768103706,37.4063409059427,0.0267334354492057,TRUE,94.3427123733575,"17-CD24077",TRUE,"A/B"
"803","NQ","R11","R","11","SK3",-1,"H07",2025-01-13,"1-13-25_ZS_R11-SK1-4",1.90306978580594,0.0200923458252449,48,0.0208333333333333,FALSE,61.9011696772284,"17-CD24077",TRUE,"A/B"
"804","NQ","R11","R","11","SK3",-1,"H10",2024-11-26,"11-26-24_ZS_R7-SK1_R10-SK2_R11-SK3",4.82631563219078,0.707224452435581,38.9527882797732,0.0256721031834136,TRUE,88.9953941666915,"17-CD24077",TRUE,"A/B"
"805","NQ","R11","R","11","SK3",-2,"E08",2025-01-13,"1-13-25_ZS_R11-SK1-4",1.9005424954792,0.0321032304154667,48,0.0208333333333333,FALSE,66.0432112718506,"17-CD24077",TRUE,"A/B"
"806","NQ","R11","R","11","SK3",-2,"E11",2024-11-26,"11-26-24_ZS_R7-SK1_R10-SK2_R11-SK3",1.67103408161052,0.0199562491715933,48,0.0208333333333333,FALSE,56.5405859039957,"17-CD24077",TRUE,"A/B"
"807","NQ","R11","R","11","SK3",-2,"F08",2025-01-13,"1-13-25_ZS_R11-SK1-4",1.91410371255101,0.0277805425610741,48,0.0208333333333333,FALSE,63.4232606748285,"17-CD24077",TRUE,"A/B"
"808","NQ","R11","R","11","SK3",-2,"F11",2024-11-26,"11-26-24_ZS_R7-SK1_R10-SK2_R11-SK3",1.66803092763171,0.0208836027885713,48,0.0208333333333333,FALSE,57.1644670013216,"17-CD24077",TRUE,"A/B"
"809","NQ","R11","R","11","SK3",-2,"G08",2025-01-13,"1-13-25_ZS_R11-SK1-4",1.93005595523581,0.025779376498801,48,0.0208333333333333,FALSE,63.8326963429256,"17-CD24077",TRUE,"A/B"
"810","NQ","R11","R","11","SK3",-2,"G11",2024-11-26,"11-26-24_ZS_R7-SK1_R10-SK2_R11-SK3",1.60869608211538,0.0172018625828724,48,0.0208333333333333,FALSE,55.3862569962225,"17-CD24077",TRUE,"A/B"
"811","NQ","R11","R","11","SK3",-2,"H08",2025-01-13,"1-13-25_ZS_R11-SK1-4",1.86999311091428,0.0238821638290195,48,0.0208333333333333,FALSE,62.1158104517272,"17-CD24077",TRUE,"A/B"
"812","NQ","R11","R","11","SK3",-2,"H11",2024-11-26,"11-26-24_ZS_R7-SK1_R10-SK2_R11-SK3",1.65331547089368,0.0184991421900177,48,0.0208333333333333,FALSE,56.0670012614534,"17-CD24077",TRUE,"A/B"
"813","NQ","R11","R","11","SK3",-0.301029995663981,"E09",2026-03-20,"3-20-26_ZS_R11_SK1-3_lowdil",2.34762916906696,0.0672193418662499,48,0.0208333333333333,FALSE,81.8556817504618,"17-CD24077",TRUE,"A/B"
"814","NQ","R11","R","11","SK3",-0.301029995663981,"F09",2026-03-20,"3-20-26_ZS_R11_SK1-3_lowdil",2.16157388446593,0.060165530682667,48,0.0208333333333333,FALSE,77.9387954629453,"17-CD24077",TRUE,"A/B"
"815","NQ","R11","R","11","SK3",-0.301029995663981,"G09",2026-03-20,"3-20-26_ZS_R11_SK1-3_lowdil",2.14791729097992,0.0642626444244664,48,0.0208333333333333,FALSE,78.430023224453,"17-CD24077",TRUE,"A/B"
"816","NQ","R11","R","11","SK3",-0.301029995663981,"H09",2026-03-20,"3-20-26_ZS_R11_SK1-3_lowdil",2.1566006998914,0.0522013506205614,48,0.0208333333333333,FALSE,77.9302446603112,"17-CD24077",TRUE,"A/B"
"817","NQ","R11","R","11","SK3",-0.602059991327962,"E10",2026-03-20,"3-20-26_ZS_R11_SK1-3_lowdil",1.96495589889303,0.0549822302027358,48,0.0208333333333333,FALSE,74.4049421357959,"17-CD24077",TRUE,"A/B"
"818","NQ","R11","R","11","SK3",-0.602059991327962,"F10",2026-03-20,"3-20-26_ZS_R11_SK1-3_lowdil",1.96816072662652,0.0467107644716491,48,0.0208333333333333,FALSE,74.9261921216309,"17-CD24077",TRUE,"A/B"
"819","NQ","R11","R","11","SK3",-0.602059991327962,"G10",2026-03-20,"3-20-26_ZS_R11_SK1-3_lowdil",1.92082989887618,0.0467599945495444,48,0.0208333333333333,FALSE,73.8741103918296,"17-CD24077",TRUE,"A/B"
"820","NQ","R11","R","11","SK3",-0.602059991327962,"H10",2026-03-20,"3-20-26_ZS_R11_SK1-3_lowdil",1.9077621213154,0.0442579085692893,48,0.0208333333333333,FALSE,72.5393425421896,"17-CD24077",TRUE,"A/B"
"821","NQ","R11","R","11","SK3",-0.778151250383644,"E11",2026-03-20,"3-20-26_ZS_R11_SK1-3_lowdil",1.89874210758162,0.0426628380619864,48,0.0208333333333333,FALSE,72.6955313004746,"17-CD24077",TRUE,"A/B"
"822","NQ","R11","R","11","SK3",-0.778151250383644,"F11",2026-03-20,"3-20-26_ZS_R11_SK1-3_lowdil",1.87158762233052,0.0439773542709475,48,0.0208333333333333,FALSE,72.6184736419825,"17-CD24077",TRUE,"A/B"
"823","NQ","R11","R","11","SK3",-0.778151250383644,"G11",2026-03-20,"3-20-26_ZS_R11_SK1-3_lowdil",1.88560300204407,0.0437854591597485,48,0.0208333333333333,FALSE,73.5145678459926,"17-CD24077",TRUE,"A/B"
"824","NQ","R11","R","11","SK3",-0.778151250383644,"H11",2026-03-20,"3-20-26_ZS_R11_SK1-3_lowdil",1.83122568093385,0.0375076100479102,48,0.0208333333333333,FALSE,71.2412302469625,"17-CD24077",TRUE,"A/B"
"825","NQ","R11","R","11","SK4",-1,"E10",2025-01-13,"1-13-25_ZS_R11-SK1-4",1.95199513874823,0.0342538203587423,48,0.0208333333333333,FALSE,63.0693867733441,"17-CD24077",TRUE,"A/B"
"826","NQ","R11","R","11","SK4",-1,"F10",2025-01-13,"1-13-25_ZS_R11-SK1-4",1.89034831679315,0.0236535426261054,48,0.0208333333333333,FALSE,61.193994454174,"17-CD24077",TRUE,"A/B"
"827","NQ","R11","R","11","SK4",-1,"G10",2025-01-13,"1-13-25_ZS_R11-SK1-4",1.84877953904503,0.0223886241585357,48,0.0208333333333333,FALSE,61.2619736458232,"17-CD24077",TRUE,"A/B"
"828","NQ","R11","R","11","SK4",-1,"H10",2025-01-13,"1-13-25_ZS_R11-SK1-4",1.84282393957002,0.0205522198549508,48,0.0208333333333333,FALSE,59.4593259732715,"17-CD24077",TRUE,"A/B"
"829","NQ","R11","R","11","SK4",-2,"E11",2025-01-13,"1-13-25_ZS_R11-SK1-4",1.9984,0.0269777777777778,48,0.0208333333333333,FALSE,64.9481624999999,"17-CD24077",TRUE,"A/B"
"830","NQ","R11","R","11","SK4",-2,"F11",2025-01-13,"1-13-25_ZS_R11-SK1-4",1.86560609018153,0.027739822586592,48,0.0208333333333333,FALSE,62.3737434120633,"17-CD24077",TRUE,"A/B"
"831","NQ","R11","R","11","SK4",-2,"G11",2025-01-13,"1-13-25_ZS_R11-SK1-4",1.83185666469778,0.0242392421955328,48,0.0208333333333333,FALSE,62.3851520968697,"17-CD24077",TRUE,"A/B"
"832","NQ","R11","R","11","SK4",-2,"H11",2025-01-13,"1-13-25_ZS_R11-SK1-4",1.81806628213902,0.0229413106527194,48,0.0208333333333333,FALSE,62.5210675530354,"17-CD24077",TRUE,"A/B"
"833","NQ","R12752","R","12752","BR",-1,"E03",2026-02-11,"2-11-26_ZS_R12752_BR",2.35070392513119,0.0538846990597414,48,0.0208333333333333,FALSE,79.0958431876086,"17-CD12752",FALSE,NA
"834","NQ","R12752","R","12752","BR",-1,"F03",2026-02-11,"2-11-26_ZS_R12752_BR",2.24409582150506,0.0481188195516598,48,0.0208333333333333,FALSE,76.3665844912593,"17-CD12752",FALSE,NA
"835","NQ","R12752","R","12752","BR",-1,"G03",2026-02-11,"2-11-26_ZS_R12752_BR",2.17579020937718,0.0486107693132214,48,0.0208333333333333,FALSE,74.7797552836487,"17-CD12752",FALSE,NA
"836","NQ","R12752","R","12752","BR",-1,"H03",2026-02-11,"2-11-26_ZS_R12752_BR",2.07349672554078,0.0490000220502304,48,0.0208333333333333,FALSE,76.6151418932329,"17-CD12752",FALSE,NA
"837","NQ","R12752","R","12752","BR",-2,"E04",2026-02-11,"2-11-26_ZS_R12752_BR",7.02083773319254,0.958754742070476,15.9565420048256,0.0626702201327567,TRUE,229.133549554987,"17-CD12752",FALSE,NA
"838","NQ","R12752","R","12752","BR",-2,"F04",2026-02-11,"2-11-26_ZS_R12752_BR",6.79511,0.9599,34.2883730539039,0.0291644050427217,TRUE,136.652985,"17-CD12752",FALSE,NA
"839","NQ","R12752","R","12752","BR",-2,"G04",2026-02-11,"2-11-26_ZS_R12752_BR",5.27119944143418,0.6814240806118,32.5806433809036,0.0306930709841699,TRUE,123.076984727945,"17-CD12752",FALSE,NA
"840","NQ","R12752","R","12752","BR",-2,"H04",2026-02-11,"2-11-26_ZS_R12752_BR",3.80587905218496,0.44729493376386,48,0.0208333333333333,FALSE,72.6190909225149,"17-CD12752",FALSE,NA
"841","NQ","R12752","R","12752","LN",-1,"E03",2025-02-24,"2-24-25_ZS_R12752&M8_LN",4.09535671582304,0.569549621363093,47.5321056062581,0.0210384115587831,TRUE,71.5197040653647,"17-CD12752",FALSE,NA
"842","NQ","R12752","R","12752","LN",-1,"F03",2025-02-24,"2-24-25_ZS_R12752&M8_LN",2.03188929001203,0.0295939742389803,48,0.0208333333333333,FALSE,64.1096570397112,"17-CD12752",FALSE,NA
"843","NQ","R12752","R","12752","LN",-1,"G03",2025-02-24,"2-24-25_ZS_R12752&M8_LN",7.4265784114053,1.3020140303236,46.2705990220049,0.0216119959787949,TRUE,74.8501909368636,"17-CD12752",FALSE,NA
"844","NQ","R12752","R","12752","LN",-1,"H03",2025-02-24,"2-24-25_ZS_R12752&M8_LN",4.94688104202707,0.694956073403209,44.2442481511915,0.0226018079589193,TRUE,78.2848656761983,"17-CD12752",FALSE,NA
"845","NQ","R12752","R","12752","LN",-2,"E04",2025-02-24,"2-24-25_ZS_R12752&M8_LN",1.71425752343365,0.0280436331743683,48,0.0208333333333333,FALSE,63.0572027627036,"17-CD12752",FALSE,NA
"846","NQ","R12752","R","12752","LN",-2,"F04",2025-02-24,"2-24-25_ZS_R12752&M8_LN",1.75741239892183,0.0289064146506495,48,0.0208333333333333,FALSE,64.322888589398,"17-CD12752",FALSE,NA
"847","NQ","R12752","R","12752","LN",-2,"G04",2025-02-24,"2-24-25_ZS_R12752&M8_LN",1.75031809728883,0.0286450686763891,48,0.0208333333333333,FALSE,63.5333023392386,"17-CD12752",FALSE,NA
"848","NQ","R12752","R","12752","LN",-2,"H04",2025-02-24,"2-24-25_ZS_R12752&M8_LN",1.63703487807248,0.0345650226151538,48,0.0208333333333333,FALSE,62.411687554649,"17-CD12752",FALSE,NA
"849","NQ","R16","R","16","BR",-1,"E03",2024-06-15,"6-15-24_R16&R21_BR_Dilution",22.1230923557884,4.08532741196674,14.2279297213086,0.0702842943132013,TRUE,727.308900797632,"18-CD2788",TRUE,"A/C"
"850","NQ","R16","R","16","BR",-1,"F03",2024-06-15,"6-15-24_R16&R21_BR_Dilution",17.1349369374733,2.46932103727079,15.281701295552,0.0654377402528518,TRUE,523.904423803995,"18-CD2788",TRUE,"A/C"
"851","NQ","R16","R","16","BR",-1,"G03",2024-06-15,"6-15-24_R16&R21_BR_Dilution",15.2302249074093,2.55827522707993,17.4300251133829,0.0573722638662289,TRUE,456.771725186734,"18-CD2788",TRUE,"A/C"
"852","NQ","R16","R","16","BR",-1,"H03",2024-06-15,"6-15-24_R16&R21_BR_Dilution",16.5908821132895,2.59159409890229,14.842453080004,0.0673743076437424,TRUE,525.979423392248,"18-CD2788",TRUE,"A/C"
"853","NQ","R16","R","16","BR",-2,"E04",2024-06-15,"6-15-24_R16&R21_BR_Dilution",18.0358789110271,3.58695038663431,3.94948177520715,0.253197775535387,TRUE,769.32324885703,"18-CD2788",TRUE,"A/C"
"854","NQ","R16","R","16","BR",-2,"F04",2024-06-15,"6-15-24_R16&R21_BR_Dilution",9.85823143040165,1.87062869089391,4.19924131211016,0.238138255383445,TRUE,412.232004053809,"18-CD2788",TRUE,"A/C"
"855","NQ","R16","R","16","BR",-2,"G04",2024-06-15,"6-15-24_R16&R21_BR_Dilution",9.73543310142734,1.73476034763259,4.65309521486897,0.214910710789777,TRUE,406.988745524409,"18-CD2788",TRUE,"A/C"
"856","NQ","R16","R","16","BR",-2,"H04",2024-06-15,"6-15-24_R16&R21_BR_Dilution",7.657666015625,1.30113715277778,5.16163241440863,0.193737159044591,TRUE,320.932873535156,"18-CD2788",TRUE,"A/C"
"857","NQ","R16","R","16","LN",-1,"E08",2025-02-24,"2-24-25_ZS_R4100&R16_LN",7.96895874263261,1.45976860947391,4.7353086216816,0.211179477388505,TRUE,331.993504420432,"18-CD2788",TRUE,"A/C"
"858","NQ","R16","R","16","LN",-1,"F08",2025-02-24,"2-24-25_ZS_R4100&R16_LN",7.91540065534703,1.45160471761604,5.00838083052228,0.199665327745398,TRUE,328.396522192434,"18-CD2788",TRUE,"A/C"
"859","NQ","R16","R","16","LN",-1,"G08",2025-02-24,"2-24-25_ZS_R4100&R16_LN",7.87265480703801,1.44162535238651,4.96930802363585,0.201235261578399,TRUE,323.949365704287,"18-CD2788",TRUE,"A/C"
"860","NQ","R16","R","16","LN",-1,"H08",2025-02-24,"2-24-25_ZS_R4100&R16_LN",7.84818225884634,1.47588732697797,4.97063361995573,0.201181595035545,TRUE,324.921194861851,"18-CD2788",TRUE,"A/C"
"861","NQ","R16","R","16","LN",-2,"E09",2025-02-24,"2-24-25_ZS_R4100&R16_LN",7.3086383601757,1.2601485819641,9.13928177086072,0.109417788516857,TRUE,279.645571010248,"18-CD2788",TRUE,"A/C"
"862","NQ","R16","R","16","LN",-2,"F09",2025-02-24,"2-24-25_ZS_R4100&R16_LN",7.09876543209877,1.26615037317866,7.55527484305619,0.132357858684528,TRUE,278.302894429863,"18-CD2788",TRUE,"A/C"
"863","NQ","R16","R","16","LN",-2,"G09",2025-02-24,"2-24-25_ZS_R4100&R16_LN",7.13113967766692,1.21337511725079,8.67473245572497,0.115277330465684,TRUE,275.752458269379,"18-CD2788",TRUE,"A/C"
"864","NQ","R16","R","16","LN",-2,"H09",2025-02-24,"2-24-25_ZS_R4100&R16_LN",7.41403105232892,1.27465763635976,7.909279894728,0.126433760507901,TRUE,289.92563973548,"18-CD2788",TRUE,"A/C"
"865","NQ","R18","R","18","BR",-1,"E03",2025-05-09,"5-9-25_ZS_R18_BR",2.63058540121088,0.0331665766559602,48,0.0208333333333333,FALSE,63.9387071501662,"18-CD3207",TRUE,"A/B"
"866","NQ","R18","R","18","BR",-1,"F03",2025-05-09,"5-9-25_ZS_R18_BR",2.57818412429976,0.086464902699973,48,0.0208333333333333,FALSE,62.5796282105484,"18-CD3207",TRUE,"A/B"
"867","NQ","R18","R","18","BR",-1,"G03",2025-05-09,"5-9-25_ZS_R18_BR",2.52284898442972,0.0277786757179031,48,0.0208333333333333,FALSE,62.1172417973171,"18-CD3207",TRUE,"A/B"
"868","NQ","R18","R","18","BR",-1,"H03",2025-05-09,"5-9-25_ZS_R18_BR",3.16383089937382,0.366235345572469,48,0.0208333333333333,FALSE,66.2247687827357,"18-CD3207",TRUE,"A/B"
"869","NQ","R18","R","18","BR",-2,"E04",2025-05-09,"5-9-25_ZS_R18_BR",8.25275825433148,1.22125967091642,32.5842696107993,0.0306896552215052,TRUE,157.811238354037,"18-CD3207",TRUE,"A/B"
"870","NQ","R18","R","18","BR",-2,"F04",2025-05-09,"5-9-25_ZS_R18_BR",6.62393031940332,0.977022995094365,29.6010114962069,0.033782629358059,TRUE,151.267647821973,"18-CD3207",TRUE,"A/B"
"871","NQ","R18","R","18","BR",-2,"G04",2025-05-09,"5-9-25_ZS_R18_BR",6.98928725347343,1.17444811569219,42.2761253731343,0.0236540125466531,TRUE,92.818910716851,"18-CD3207",TRUE,"A/B"
"872","NQ","R18","R","18","BR",-2,"H04",2025-05-09,"5-9-25_ZS_R18_BR",7.08849784526985,0.999867752012222,22.8466409671828,0.0437701105136817,TRUE,191.181614252001,"18-CD3207",TRUE,"A/B"
"873","NQ","R21","R","21","BR",-1,"E08",2024-06-15,"6-15-24_R16&R21_BR_Dilution",16.7975890519243,3.11375041856737,14.5538555015466,0.0687103152765074,TRUE,546.890214169262,"22-CD11202",TRUE,NA
"874","NQ","R21","R","21","BR",-1,"F08",2024-06-15,"6-15-24_R16&R21_BR_Dilution",21.2763988765164,3.66860111241697,12.1150592863398,0.0825418990006543,TRUE,706.763365022609,"22-CD11202",TRUE,NA
"875","NQ","R21","R","21","BR",-1,"G08",2024-06-15,"6-15-24_R16&R21_BR_Dilution",12.502189766358,1.88838218454306,13.3780966546377,0.0747490488232748,TRUE,426.080003063664,"22-CD11202",TRUE,NA
"876","NQ","R21","R","21","BR",-1,"H08",2024-06-15,"6-15-24_R16&R21_BR_Dilution",11.9426563737134,1.92222442157121,18.3236828682549,0.0545741817946686,TRUE,356.842139251781,"22-CD11202",TRUE,NA
"877","NQ","R21","R","21","BR",-2,"E09",2024-06-15,"6-15-24_R16&R21_BR_Dilution",8.87825252807866,1.59885376003126,4.25128894790686,0.235222778845074,TRUE,375.945234122068,"22-CD11202",TRUE,NA
"878","NQ","R21","R","21","BR",-2,"F09",2024-06-15,"6-15-24_R16&R21_BR_Dilution",10.7923152000822,1.95957146852508,4.80662731881745,0.208046085887521,TRUE,457.673489751888,"22-CD11202",TRUE,NA
"879","NQ","R21","R","21","BR",-2,"G09",2024-06-15,"6-15-24_R16&R21_BR_Dilution",7.89015,1.39436222222222,4.29953197243964,0.232583454759747,TRUE,336.125411249999,"22-CD11202",TRUE,NA
"880","NQ","R21","R","21","BR",-2,"H09",2024-06-15,"6-15-24_R16&R21_BR_Dilution",8.42598745669935,1.51993877594532,4.30993462499128,0.232022080845837,TRUE,360.305958825252,"22-CD11202",TRUE,NA
"881","NQ","R21","R","21","LN",-1,"E03",2024-06-04,"6-4-24_PRC_R21_LN_PosDilution_42C",23.6062476056367,4.00148407381714,13.6173311208518,0.0734358290273733,TRUE,756.66773226618,"22-CD11202",TRUE,NA
"882","NQ","R21","R","21","LN",-1,"E08",2024-06-06,"6-6-24_ZS_R21&5381_LN_Dilution",10.5257145096656,2.04148200403455,5.50916174355439,0.181515817931826,TRUE,428.760063637165,"22-CD11202",TRUE,NA
"883","NQ","R21","R","21","LN",-1,"F03",2024-06-04,"6-4-24_PRC_R21_LN_PosDilution_42C",6.98746774047779,0.884242848232686,24.5245118107013,0.0407755313426321,TRUE,185.476563519878,"22-CD11202",TRUE,NA
"884","NQ","R21","R","21","LN",-1,"F08",2024-06-06,"6-6-24_ZS_R21&5381_LN_Dilution",9.66290464143735,1.83822717859581,6.40002981321914,0.156249272141595,TRUE,385.178633383241,"22-CD11202",TRUE,NA
"885","NQ","R21","R","21","LN",-1,"G03",2024-06-04,"6-4-24_PRC_R21_LN_PosDilution_42C",16.1780547315562,1.84264930699685,23.0482051717805,0.0433873263686653,TRUE,340.359480829782,"22-CD11202",TRUE,NA
"886","NQ","R21","R","21","LN",-1,"G08",2024-06-06,"6-6-24_ZS_R21&5381_LN_Dilution",14.4290460466341,2.83942989238453,5.47976470947033,0.182489587239351,TRUE,584.135759577011,"22-CD11202",TRUE,NA
"887","NQ","R21","R","21","LN",-1,"H03",2024-06-04,"6-4-24_PRC_R21_LN_PosDilution_42C",7.565039697504,0.988393675124823,28.501730399841,0.035085589049203,TRUE,171.179353475952,"22-CD11202",TRUE,NA
"888","NQ","R21","R","21","LN",-1,"H08",2024-06-06,"6-6-24_ZS_R21&5381_LN_Dilution",18.7175387789106,3.90329405852872,4.51321329377604,0.221571624230358,TRUE,774.51828981037,"22-CD11202",TRUE,NA
"889","NQ","R21","R","21","LN",-2,"E04",2024-06-04,"6-4-24_PRC_R21_LN_PosDilution_42C",7.94972379056826,1.35095973751078,8.93729897881237,0.111890628518829,TRUE,303.098502426988,"22-CD11202",TRUE,NA
"890","NQ","R21","R","21","LN",-2,"E09",2024-06-06,"6-6-24_ZS_R21&5381_LN_Dilution",10.5479432029704,1.83932630138203,10.5250253660487,0.0950116474992796,TRUE,387.031699817759,"22-CD11202",TRUE,NA
"891","NQ","R21","R","21","LN",-2,"F04",2024-06-04,"6-4-24_PRC_R21_LN_PosDilution_42C",7.9306357231002,1.37615054248548,8.33388126457433,0.119992110308891,TRUE,308.711797400581,"22-CD11202",TRUE,NA
"892","NQ","R21","R","21","LN",-2,"F09",2024-06-06,"6-6-24_ZS_R21&5381_LN_Dilution",8.47896849064424,1.40300368299923,11.6614209487518,0.0857528430192752,TRUE,301.634472013586,"22-CD11202",TRUE,NA
"893","NQ","R21","R","21","LN",-2,"G04",2024-06-04,"6-4-24_PRC_R21_LN_PosDilution_42C",8.23933668504703,1.44531390780985,7.23830497016373,0.138153891570195,TRUE,327.495372810574,"22-CD11202",TRUE,NA
"894","NQ","R21","R","21","LN",-2,"G09",2024-06-06,"6-6-24_ZS_R21&5381_LN_Dilution",7.55955287914311,1.27065166751521,12.2551302450069,0.0815984799841218,TRUE,271.97996541526,"22-CD11202",TRUE,NA
"895","NQ","R21","R","21","LN",-2,"H04",2024-06-04,"6-4-24_PRC_R21_LN_PosDilution_42C",7.48453128404207,1.30663884982647,8.51546232574554,0.117433435995203,TRUE,293.348056012201,"22-CD11202",TRUE,NA
"896","NQ","R21","R","21","LN",-2,"H09",2024-06-06,"6-6-24_ZS_R21&5381_LN_Dilution",9.08568396249379,1.63441292962339,8.65927913703298,0.11548305397886,TRUE,352.872287080221,"22-CD11202",TRUE,NA
"897","NQ","R3","R","3","BR",-1,"E08",2025-05-08,"5-8-25_ZS_R3_BR_LN",2.52497086732146,0.0371002349111222,48,0.0208333333333333,FALSE,70.325422423839,"21-Reindeer 3",FALSE,NA
"898","NQ","R3","R","3","BR",-1,"F08",2025-05-08,"5-8-25_ZS_R3_BR_LN",2.49481037095468,0.0352479604757852,48,0.0208333333333333,FALSE,68.5218483382807,"21-Reindeer 3",FALSE,NA
"899","NQ","R3","R","3","BR",-1,"G08",2025-05-08,"5-8-25_ZS_R3_BR_LN",2.42612889083735,0.0316903613703263,48,0.0208333333333333,FALSE,68.1246946827832,"21-Reindeer 3",FALSE,NA
"900","NQ","R3","R","3","BR",-1,"H08",2025-05-08,"5-8-25_ZS_R3_BR_LN",2.22298766112489,0.0320168918191024,48,0.0208333333333333,FALSE,67.6538493922415,"21-Reindeer 3",FALSE,NA
"901","NQ","R3","R","3","BR",-2,"E09",2025-05-08,"5-8-25_ZS_R3_BR_LN",2.15482304231856,0.0263280119962313,48,0.0208333333333333,FALSE,62.6878993490982,"21-Reindeer 3",FALSE,NA
"902","NQ","R3","R","3","BR",-2,"F09",2025-05-08,"5-8-25_ZS_R3_BR_LN",8.54571212307189,1.50507571521442,43.1279784595701,0.0231868043835498,TRUE,93.6907642383699,"21-Reindeer 3",FALSE,NA
"903","NQ","R3","R","3","BR",-2,"G09",2025-05-08,"5-8-25_ZS_R3_BR_LN",2.14354536713729,0.0272388374407503,48,0.0208333333333333,FALSE,63.0083156216792,"21-Reindeer 3",FALSE,NA
"904","NQ","R3","R","3","BR",-2,"H09",2025-05-08,"5-8-25_ZS_R3_BR_LN",1.79300262351551,0.023596063169091,48,0.0208333333333333,FALSE,59.2942305188952,"21-Reindeer 3",FALSE,NA
"905","NQ","R3","R","3","LN",-1,"E03",2025-05-08,"5-8-25_ZS_R3_BR_LN",2.45519942369545,0.0422488052841445,48,0.0208333333333333,FALSE,69.7367135421421,"21-Reindeer 3",FALSE,NA
"906","NQ","R3","R","3","LN",-1,"F03",2025-05-08,"5-8-25_ZS_R3_BR_LN",2.44828047500463,0.0375073461986137,48,0.0208333333333333,FALSE,68.9231616209431,"21-Reindeer 3",FALSE,NA
"907","NQ","R3","R","3","LN",-1,"G03",2025-05-08,"5-8-25_ZS_R3_BR_LN",5.94735481818724,0.83191846093693,38.1848812479347,0.0261883752762512,TRUE,105.77143432275,"21-Reindeer 3",FALSE,NA
"908","NQ","R3","R","3","LN",-1,"H03",2025-05-08,"5-8-25_ZS_R3_BR_LN",6.15710031830783,0.799751286351553,26.1197365832639,0.0382852253050954,TRUE,160.109336174145,"21-Reindeer 3",FALSE,NA
"909","NQ","R3","R","3","LN",-2,"E04",2025-05-08,"5-8-25_ZS_R3_BR_LN",2.15874747639538,0.0356420208776592,48,0.0208333333333333,FALSE,67.6134245569672,"21-Reindeer 3",FALSE,NA
"910","NQ","R3","R","3","LN",-2,"F04",2025-05-08,"5-8-25_ZS_R3_BR_LN",2.15056759968854,0.0320046081900104,48,0.0208333333333333,FALSE,65.1958692778985,"21-Reindeer 3",FALSE,NA
"911","NQ","R3","R","3","LN",-2,"G04",2025-05-08,"5-8-25_ZS_R3_BR_LN",2.14593056346044,0.0313252042335708,48,0.0208333333333333,FALSE,63.7205308635587,"21-Reindeer 3",FALSE,NA
"912","NQ","R3","R","3","LN",-2,"H04",2025-05-08,"5-8-25_ZS_R3_BR_LN",1.97118913628578,0.0267401607626712,48,0.0208333333333333,FALSE,60.1208251773917,"21-Reindeer 3",FALSE,NA
"913","NQ","R4100","R","4100","BR",-1,"E03",2024-05-21,"5-21-24_ZS_Reindeer4100_Brain_NegDilution",1.56427604871448,0.0213501729063299,48,0.0208333333333333,FALSE,58.1914749661704,"23-CD4100",FALSE,NA
"914","NQ","R4100","R","4100","BR",-1,"F03",2024-05-21,"5-21-24_ZS_Reindeer4100_Brain_NegDilution",1.48464619492657,0.0178015131286159,48,0.0208333333333333,FALSE,56.9949933244326,"23-CD4100",FALSE,NA
"915","NQ","R4100","R","4100","BR",-1,"G03",2024-05-21,"5-21-24_ZS_Reindeer4100_Brain_NegDilution",1.48387096774194,0.0206093189964158,48,0.0208333333333333,FALSE,58.2973790322582,"23-CD4100",FALSE,NA
"916","NQ","R4100","R","4100","BR",-1,"H03",2024-05-21,"5-21-24_ZS_Reindeer4100_Brain_NegDilution",1.4009900990099,0.0195269526952695,48,0.0208333333333333,FALSE,54.8405012376238,"23-CD4100",FALSE,NA
"917","NQ","R4100","R","4100","BR",-2,"E04",2024-05-21,"5-21-24_ZS_Reindeer4100_Brain_NegDilution",1.41422121896163,0.0203160270880361,48,0.0208333333333333,FALSE,57.424520316027,"23-CD4100",FALSE,NA
"918","NQ","R4100","R","4100","BR",-2,"F04",2024-05-21,"5-21-24_ZS_Reindeer4100_Brain_NegDilution",1.40308370044053,0.0181106216348507,48,0.0208333333333333,FALSE,57.4613160792952,"23-CD4100",FALSE,NA
"919","NQ","R4100","R","4100","BR",-2,"G04",2024-05-21,"5-21-24_ZS_Reindeer4100_Brain_NegDilution",3.66446644664466,0.511184451778511,48,0.0208333333333333,FALSE,62.7182343234324,"23-CD4100",FALSE,NA
"920","NQ","R4100","R","4100","BR",-2,"H04",2024-05-21,"5-21-24_ZS_Reindeer4100_Brain_NegDilution",1.42006615214994,0.0183755972069092,48,0.0208333333333333,FALSE,57.1397464167585,"23-CD4100",FALSE,NA
"921","NQ","R4100","R","4100","LN",-1,"E03",2025-02-24,"2-24-25_ZS_R4100&R16_LN",2.14773067331671,0.0366638958160155,48,0.0208333333333333,FALSE,69.2491645885286,"23-CD4100",FALSE,NA
"922","NQ","R4100","R","4100","LN",-1,"F03",2025-02-24,"2-24-25_ZS_R4100&R16_LN",2.33976637887252,0.0339709948648497,48,0.0208333333333333,FALSE,69.5941340782122,"23-CD4100",FALSE,NA
"923","NQ","R4100","R","4100","LN",-1,"G03",2025-02-24,"2-24-25_ZS_R4100&R16_LN",2.05952852614897,0.0322680049304455,48,0.0208333333333333,FALSE,66.9527288034865,"23-CD4100",FALSE,NA
"924","NQ","R4100","R","4100","LN",-1,"H03",2025-02-24,"2-24-25_ZS_R4100&R16_LN",2.00243878645986,0.0275311893690589,48,0.0208333333333333,FALSE,67.8038118232366,"23-CD4100",FALSE,NA
"925","NQ","R4100","R","4100","LN",-2,"E04",2025-02-24,"2-24-25_ZS_R4100&R16_LN",1.82400154723915,0.0324490431830148,48,0.0208333333333333,FALSE,64.9224325500434,"23-CD4100",FALSE,NA
"926","NQ","R4100","R","4100","LN",-2,"F04",2025-02-24,"2-24-25_ZS_R4100&R16_LN",1.74298927482043,0.0334765543857347,48,0.0208333333333333,FALSE,67.0672168650988,"23-CD4100",FALSE,NA
"927","NQ","R4100","R","4100","LN",-2,"G04",2025-02-24,"2-24-25_ZS_R4100&R16_LN",1.7336580613736,0.0282729880391839,48,0.0208333333333333,FALSE,66.619654164637,"23-CD4100",FALSE,NA
"928","NQ","R4100","R","4100","LN",-2,"H04",2025-02-24,"2-24-25_ZS_R4100&R16_LN",1.71594508975713,0.0311030047038495,48,0.0208333333333333,FALSE,65.874040030719,"23-CD4100",FALSE,NA
"929","NQ","R5","R","5","BR",-1,"E08",2025-05-08,"5-8-25_ZS_R5_BR_LN",2.47844512640655,0.0306511810238246,48,0.0208333333333333,FALSE,66.7805826078786,"21-Reindeer 5",FALSE,NA
"930","NQ","R5","R","5","BR",-1,"F08",2025-05-08,"5-8-25_ZS_R5_BR_LN",2.49359247729114,0.0293995005709791,48,0.0208333333333333,FALSE,67.6898308563266,"21-Reindeer 5",FALSE,NA
"931","NQ","R5","R","5","BR",-1,"G08",2025-05-08,"5-8-25_ZS_R5_BR_LN",2.45637212411099,0.02956681368846,48,0.0208333333333333,FALSE,66.481003206166,"21-Reindeer 5",FALSE,NA
"932","NQ","R5","R","5","BR",-1,"H08",2025-05-08,"5-8-25_ZS_R5_BR_LN",2.52827131882752,0.0333986619553763,48,0.0208333333333333,FALSE,69.0166328698338,"21-Reindeer 5",FALSE,NA
"933","NQ","R5","R","5","BR",-2,"E09",2025-05-08,"5-8-25_ZS_R5_BR_LN",2.12547661022508,0.0241846947189082,48,0.0208333333333333,FALSE,62.7849027305153,"21-Reindeer 5",FALSE,NA
"934","NQ","R5","R","5","BR",-2,"F09",2025-05-08,"5-8-25_ZS_R5_BR_LN",4.18972585974789,0.607688890701986,47.4064640319905,0.0210941697597439,TRUE,67.3347815444865,"21-Reindeer 5",FALSE,NA
"935","NQ","R5","R","5","BR",-2,"G09",2025-05-08,"5-8-25_ZS_R5_BR_LN",2.08556483642468,0.0244077759125051,48,0.0208333333333333,FALSE,60.9874593108955,"21-Reindeer 5",FALSE,NA
"936","NQ","R5","R","5","BR",-2,"H09",2025-05-08,"5-8-25_ZS_R5_BR_LN",2.08108888728428,0.0265998232638424,48,0.0208333333333333,FALSE,60.9750085101554,"21-Reindeer 5",FALSE,NA
"937","NQ","R5","R","5","LN",-1,"E03",2025-05-08,"5-8-25_ZS_R5_BR_LN",4.63919440374734,0.575977475587471,34.783771235986,0.0287490391198709,TRUE,109.0739125276,"21-Reindeer 5",FALSE,NA
"938","NQ","R5","R","5","LN",-1,"F03",2025-05-08,"5-8-25_ZS_R5_BR_LN",4.298019649195,0.537688390514891,42.732702542874,0.0234012814657976,TRUE,85.8329882722082,"21-Reindeer 5",FALSE,NA
"939","NQ","R5","R","5","LN",-1,"G03",2025-05-08,"5-8-25_ZS_R5_BR_LN",3.36687481966943,0.391167351350361,48,0.0208333333333333,FALSE,69.5714727340176,"21-Reindeer 5",FALSE,NA
"940","NQ","R5","R","5","LN",-1,"H03",2025-05-08,"5-8-25_ZS_R5_BR_LN",4.30028377949206,0.598475353984467,46.6408275921092,0.0214404428829042,TRUE,72.9263799674218,"21-Reindeer 5",FALSE,NA
"941","NQ","R5","R","5","LN",-2,"E04",2025-05-08,"5-8-25_ZS_R5_BR_LN",2.08300591465991,0.0312209547950993,48,0.0208333333333333,FALSE,66.8809371039292,"21-Reindeer 5",FALSE,NA
"942","NQ","R5","R","5","LN",-2,"F04",2025-05-08,"5-8-25_ZS_R5_BR_LN",2.07287432557463,0.0368518383758578,48,0.0208333333333333,FALSE,68.0848515484495,"21-Reindeer 5",FALSE,NA
"943","NQ","R5","R","5","LN",-2,"G04",2025-05-08,"5-8-25_ZS_R5_BR_LN",2.0245694178653,0.0308500981999346,48,0.0208333333333333,FALSE,65.114598123341,"21-Reindeer 5",FALSE,NA
"944","NQ","R5","R","5","LN",-2,"H04",2025-05-08,"5-8-25_ZS_R5_BR_LN",2.02641661417079,0.0287895425916555,48,0.0208333333333333,FALSE,64.3793360734462,"21-Reindeer 5",FALSE,NA
"945","NQ","R5381","R","5381","BR",-1,"E03",2025-01-15,"1-15-25_ZS_R5381&R11_BR_Dilution",2.52285895818911,0.0269487987575061,48,0.0208333333333333,FALSE,59.0522636105869,"17-CD5381",FALSE,NA
"946","NQ","R5381","R","5381","BR",-1,"F03",2025-01-15,"1-15-25_ZS_R5381&R11_BR_Dilution",2.4117657923901,0.0326807043467554,48,0.0208333333333333,FALSE,59.0148561599557,"17-CD5381",FALSE,NA
"947","NQ","R5381","R","5381","BR",-1,"G03",2025-01-15,"1-15-25_ZS_R5381&R11_BR_Dilution",2.56934032983508,0.030813540598122,48,0.0208333333333333,FALSE,60.3602824410165,"17-CD5381",FALSE,NA
"948","NQ","R5381","R","5381","BR",-1,"H03",2025-01-15,"1-15-25_ZS_R5381&R11_BR_Dilution",2.21371950652202,0.0291935187080421,48,0.0208333333333333,FALSE,60.401229973391,"17-CD5381",FALSE,NA
"949","NQ","R5381","R","5381","BR",-2,"E04",2025-01-15,"1-15-25_ZS_R5381&R11_BR_Dilution",2.29740055216394,0.181330550910984,48,0.0208333333333333,FALSE,63.4036422891472,"17-CD5381",FALSE,NA
"950","NQ","R5381","R","5381","BR",-2,"F04",2025-01-15,"1-15-25_ZS_R5381&R11_BR_Dilution",2.19160575200468,0.0324409827671916,48,0.0208333333333333,FALSE,63.1231330414539,"17-CD5381",FALSE,NA
"951","NQ","R5381","R","5381","BR",-2,"G04",2025-01-15,"1-15-25_ZS_R5381&R11_BR_Dilution",6.81275670217208,1.05410394421842,40.374995679151,0.0247678045081843,TRUE,99.7237035023159,"17-CD5381",FALSE,NA
"952","NQ","R5381","R","5381","BR",-2,"H04",2025-01-15,"1-15-25_ZS_R5381&R11_BR_Dilution",8.19999803364434,1.24693822038259,35.9766617266474,0.0277957973865962,TRUE,134.216364257553,"17-CD5381",FALSE,NA
"953","NQ","R5381","R","5381","LN",-1,"E03",2024-05-22,"5-22-24_ZS_R11&5381_LN_Dilution",15.9429133858268,2.40638670166229,29.8997695852535,0.0334450737872308,TRUE,292.596702755905,"17-CD5381",FALSE,NA
"954","NQ","R5381","R","5381","LN",-1,"E03",2024-06-06,"6-6-24_ZS_R21&5381_LN_Dilution",2.65314368000663,0.0459192189174474,48,0.0208333333333333,FALSE,66.0720769836419,"17-CD5381",FALSE,NA
"955","NQ","R5381","R","5381","LN",-1,"F03",2024-05-22,"5-22-24_ZS_R11&5381_LN_Dilution",12.4844357976654,2.1011673151751,30.9752475247525,0.0322838420968515,TRUE,237.889348249028,"17-CD5381",FALSE,NA
"956","NQ","R5381","R","5381","LN",-1,"F03",2024-06-06,"6-6-24_ZS_R21&5381_LN_Dilution",2.58986894891682,0.0589486196546908,48,0.0208333333333333,FALSE,71.1817036640812,"17-CD5381",FALSE,NA
"957","NQ","R5381","R","5381","LN",-1,"G03",2024-05-22,"5-22-24_ZS_R11&5381_LN_Dilution",11.047619047619,1.86243386243386,35.4221140472879,0.0282309519602646,TRUE,174.232142857143,"17-CD5381",FALSE,NA
"958","NQ","R5381","R","5381","LN",-1,"G03",2024-06-06,"6-6-24_ZS_R21&5381_LN_Dilution",2.7723292469352,0.0739443471492508,48,0.0208333333333333,FALSE,67.4553415061296,"17-CD5381",FALSE,NA
"959","NQ","R5381","R","5381","LN",-1,"H03",2024-05-22,"5-22-24_ZS_R11&5381_LN_Dilution",6.83057851239669,1.00780532598714,39.1235294117647,0.0255600661554653,TRUE,106.747159090909,"17-CD5381",FALSE,NA
"960","NQ","R5381","R","5381","LN",-1,"H03",2024-06-06,"6-6-24_ZS_R21&5381_LN_Dilution",2.54310753685947,0.0383132281678524,48,0.0208333333333333,FALSE,62.1794965975873,"17-CD5381",FALSE,NA
"961","NQ","R5381","R","5381","LN",-2,"E04",2024-05-22,"5-22-24_ZS_R11&5381_LN_Dilution",1.59895833333333,0.0308641975308642,48,0.0208333333333333,FALSE,64.9114583333335,"17-CD5381",FALSE,NA
"962","NQ","R5381","R","5381","LN",-2,"E04",2024-06-06,"6-6-24_ZS_R21&5381_LN_Dilution",2.0126882168099,0.034921232827677,48,0.0208333333333333,FALSE,64.8783975674307,"17-CD5381",FALSE,NA
"963","NQ","R5381","R","5381","LN",-2,"F04",2024-05-22,"5-22-24_ZS_R11&5381_LN_Dilution",1.45993031358885,0.0309717382888115,48,0.0208333333333333,FALSE,62.8987369337981,"17-CD5381",FALSE,NA
"964","NQ","R5381","R","5381","LN",-2,"F04",2024-06-06,"6-6-24_ZS_R21&5381_LN_Dilution",2.08415841584158,0.03997066373304,48,0.0208333333333333,FALSE,67.8706683168316,"17-CD5381",FALSE,NA
"965","NQ","R5381","R","5381","LN",-2,"G04",2024-05-22,"5-22-24_ZS_R11&5381_LN_Dilution",1.45847750865052,0.0288350634371396,48,0.0208333333333333,FALSE,61.9839965397925,"17-CD5381",FALSE,NA
"966","NQ","R5381","R","5381","LN",-2,"G04",2024-06-06,"6-6-24_ZS_R21&5381_LN_Dilution",2.10248399644706,0.0500361306511572,48,0.0208333333333333,FALSE,67.6838609145764,"17-CD5381",FALSE,NA
"967","NQ","R5381","R","5381","LN",-2,"H04",2024-05-22,"5-22-24_ZS_R11&5381_LN_Dilution",1.46892655367232,0.0301318267419962,48,0.0208333333333333,FALSE,62.388418079096,"17-CD5381",FALSE,NA
"968","NQ","R5381","R","5381","LN",-2,"H04",2024-06-06,"6-6-24_ZS_R21&5381_LN_Dilution",4.64182407176676,0.607600852784008,36.809963099631,0.0271665580672648,TRUE,100.84115001246,"17-CD5381",FALSE,NA
"969","NQ","R7","R","7","SK1",-1,"E04",2024-11-26,"11-26-24_ZS_R7-SK1_R10-SK2_R11-SK3",1.63592181209681,0.0252973543947013,48,0.0208333333333333,FALSE,58.8631226657612,"17-CD11087",TRUE,"A/B"
"970","NQ","R7","R","7","SK1",-1,"F04",2024-11-26,"11-26-24_ZS_R7-SK1_R10-SK2_R11-SK3",1.67350928641251,0.0223742804387965,48,0.0208333333333333,FALSE,58.5582844574781,"17-CD11087",TRUE,"A/B"
"971","NQ","R7","R","7","SK1",-1,"G04",2024-11-26,"11-26-24_ZS_R7-SK1_R10-SK2_R11-SK3",1.57905550174635,0.0239456385739149,48,0.0208333333333333,FALSE,57.5302640075138,"17-CD11087",TRUE,"A/B"
"972","NQ","R7","R","7","SK1",-1,"H04",2024-11-26,"11-26-24_ZS_R7-SK1_R10-SK2_R11-SK3",1.56217879907665,0.0249413935304368,48,0.0208333333333333,FALSE,55.7387276881134,"17-CD11087",TRUE,"A/B"
"973","NQ","R7","R","7","SK1",-2,"E05",2024-11-26,"11-26-24_ZS_R7-SK1_R10-SK2_R11-SK3",1.64966556833652,0.0194630239813042,48,0.0208333333333333,FALSE,56.7335534104138,"17-CD11087",TRUE,"A/B"
"974","NQ","R7","R","7","SK1",-2,"F05",2024-11-26,"11-26-24_ZS_R7-SK1_R10-SK2_R11-SK3",1.61426736100895,0.0214295910550581,48,0.0208333333333333,FALSE,57.2720438965548,"17-CD11087",TRUE,"A/B"
"975","NQ","R7","R","7","SK1",-2,"G05",2024-11-26,"11-26-24_ZS_R7-SK1_R10-SK2_R11-SK3",1.59146323347363,0.0259712250006878,48,0.0208333333333333,FALSE,56.8105372616984,"17-CD11087",TRUE,"A/B"
"976","NQ","R7","R","7","SK1",-2,"H05",2024-11-26,"11-26-24_ZS_R7-SK1_R10-SK2_R11-SK3",1.58410326218129,0.0199521791319515,48,0.0208333333333333,FALSE,55.9670909722826,"17-CD11087",TRUE,"A/B"
"977","NQ","R7","R","7","SK1",-0.301029995663981,"E03",2026-02-23,"2-23-26_ZS_R7_SK_lowdil",2.32380323266519,0.0597861862853709,48,0.0208333333333333,FALSE,83.9159089032471,"17-CD11087",TRUE,"A/B"
"978","NQ","R7","R","7","SK1",-0.301029995663981,"F03",2026-02-23,"2-23-26_ZS_R7_SK_lowdil",2.24490404693248,0.0589572768552583,48,0.0208333333333333,FALSE,81.3478771005271,"17-CD11087",TRUE,"A/B"
"979","NQ","R7","R","7","SK1",-0.301029995663981,"G03",2026-02-23,"2-23-26_ZS_R7_SK_lowdil",2.21945645884211,0.0573160326007003,48,0.0208333333333333,FALSE,78.5470768234914,"17-CD11087",TRUE,"A/B"
"980","NQ","R7","R","7","SK1",-0.301029995663981,"H03",2026-02-23,"2-23-26_ZS_R7_SK_lowdil",2.16981,0.0518866666666667,48,0.0208333333333333,FALSE,79.6892849999999,"17-CD11087",TRUE,"A/B"
"981","NQ","R7","R","7","SK1",-0.602059991327962,"E04",2026-02-23,"2-23-26_ZS_R7_SK_lowdil",6.00223127865512,0.818921152431086,26.6918809164242,0.0374645759559295,TRUE,161.201209882832,"17-CD11087",TRUE,"A/B"
"982","NQ","R7","R","7","SK1",-0.602059991327962,"F04",2026-02-23,"2-23-26_ZS_R7_SK_lowdil",2.09111441186644,0.0568815096660133,48,0.0208333333333333,FALSE,79.0170407145911,"17-CD11087",TRUE,"A/B"
"983","NQ","R7","R","7","SK1",-0.602059991327962,"G04",2026-02-23,"2-23-26_ZS_R7_SK_lowdil",4.5572533446886,0.50444032925886,39.6827193675889,0.025199885893323,TRUE,99.6216515978253,"17-CD11087",TRUE,"A/B"
"984","NQ","R7","R","7","SK1",-0.602059991327962,"H04",2026-02-23,"2-23-26_ZS_R7_SK_lowdil",2.01587301587302,0.051902557319224,48,0.0208333333333333,FALSE,77.2466220238093,"17-CD11087",TRUE,"A/B"
"985","NQ","R7","R","7","SK1",-0.778151250383644,"E05",2026-02-23,"2-23-26_ZS_R7_SK_lowdil",1.90545648284043,0.0420148731936262,48,0.0208333333333333,FALSE,74.1409281449164,"17-CD11087",TRUE,"A/B"
"986","NQ","R7","R","7","SK1",-0.778151250383644,"F05",2026-02-23,"2-23-26_ZS_R7_SK_lowdil",1.89406314762892,0.0466089642000894,48,0.0208333333333333,FALSE,74.236392173595,"17-CD11087",TRUE,"A/B"
"987","NQ","R7","R","7","SK1",-0.778151250383644,"G05",2026-02-23,"2-23-26_ZS_R7_SK_lowdil",1.94168930122786,0.0398368277026683,48,0.0208333333333333,FALSE,75.0011749626146,"17-CD11087",TRUE,"A/B"
"988","NQ","R7","R","7","SK1",-0.778151250383644,"H05",2026-02-23,"2-23-26_ZS_R7_SK_lowdil",1.85682470902403,0.0460097523835116,48,0.0208333333333333,FALSE,73.4537272635662,"17-CD11087",TRUE,"A/B"
"989","NQ","R7","R","7","SK2",-1,"E08",2025-01-15,"1-15-25_ZS_M9-SK2_R7-SK2",2.23009211873081,0.026839531445468,19.5,0.0512820512820513,FALSE,22.4715967246673,"17-CD11087",TRUE,"A/B"
"990","NQ","R7","R","7","SK2",-1,"F08",2025-01-15,"1-15-25_ZS_M9-SK2_R7-SK2",1.93453970137447,0.0230066910577145,19.5,0.0512820512820513,FALSE,22.1309700385642,"17-CD11087",TRUE,"A/B"
"991","NQ","R7","R","7","SK2",-1,"G08",2025-01-15,"1-15-25_ZS_M9-SK2_R7-SK2",2.1320306038048,0.026491131329841,19.5,0.0512820512820513,FALSE,22.1321727667494,"17-CD11087",TRUE,"A/B"
"992","NQ","R7","R","7","SK2",-1,"H08",2025-01-15,"1-15-25_ZS_M9-SK2_R7-SK2",1.92429867986799,0.0233773377337734,19.5,0.0512820512820513,FALSE,22.8637453589109,"17-CD11087",TRUE,"A/B"
"993","NQ","R7","R","7","SK2",-2,"E09",2025-01-15,"1-15-25_ZS_M9-SK2_R7-SK2",2.34654757125652,0.0247557875016727,19.5,0.0512820512820513,FALSE,22.7400015054195,"17-CD11087",TRUE,"A/B"
"994","NQ","R7","R","7","SK2",-2,"F09",2025-01-15,"1-15-25_ZS_M9-SK2_R7-SK2",1.97167624231428,0.028715743260648,19.5,0.0512820512820513,FALSE,22.9744481403084,"17-CD11087",TRUE,"A/B"
"995","NQ","R7","R","7","SK2",-2,"G09",2025-01-15,"1-15-25_ZS_M9-SK2_R7-SK2",2.00702458605118,0.0280314433851814,19.5,0.0512820512820513,FALSE,22.363171098846,"17-CD11087",TRUE,"A/B"
"996","NQ","R7","R","7","SK2",-2,"H09",2025-01-15,"1-15-25_ZS_M9-SK2_R7-SK2",1.86614730878187,0.0233148972525743,19.5,0.0512820512820513,FALSE,22.54643868879,"17-CD11087",TRUE,"A/B"
"997","NQ","R7","R","7","SK2",-0.301029995663981,"E06",2026-02-23,"2-23-26_ZS_R7_SK_lowdil",2.23233198438344,0.050111619657292,48,0.0208333333333333,FALSE,82.0443547976065,"17-CD11087",TRUE,"A/B"
"998","NQ","R7","R","7","SK2",-0.301029995663981,"F06",2026-02-23,"2-23-26_ZS_R7_SK_lowdil",4.95099781648301,0.586487020204585,31.4779463537301,0.0317682732146057,TRUE,125.412758340527,"17-CD11087",TRUE,"A/B"
"999","NQ","R7","R","7","SK2",-0.301029995663981,"G06",2026-02-23,"2-23-26_ZS_R7_SK_lowdil",2.11831032796946,0.0515861045521842,48,0.0208333333333333,FALSE,79.1428456265537,"17-CD11087",TRUE,"A/B"
"1000","NQ","R7","R","7","SK2",-0.301029995663981,"H06",2026-02-23,"2-23-26_ZS_R7_SK_lowdil",2.10682072383611,0.0484860508256402,48,0.0208333333333333,FALSE,77.9309128502969,"17-CD11087",TRUE,"A/B"
"1001","NQ","R7","R","7","SK2",-0.602059991327962,"E07",2026-02-23,"2-23-26_ZS_R7_SK_lowdil",1.96405638214565,0.0399351779343949,48,0.0208333333333333,FALSE,74.9967257243541,"17-CD11087",TRUE,"A/B"
"1002","NQ","R7","R","7","SK2",-0.602059991327962,"F07",2026-02-23,"2-23-26_ZS_R7_SK_lowdil",1.98713294938352,0.0481627190136275,48,0.0208333333333333,FALSE,76.3167966215119,"17-CD11087",TRUE,"A/B"
"1003","NQ","R7","R","7","SK2",-0.602059991327962,"G07",2026-02-23,"2-23-26_ZS_R7_SK_lowdil",1.86331882150451,0.0615142004227759,48,0.0208333333333333,FALSE,70.4854482866531,"17-CD11087",TRUE,"A/B"
"1004","NQ","R7","R","7","SK2",-0.602059991327962,"H07",2026-02-23,"2-23-26_ZS_R7_SK_lowdil",1.96507347498692,0.039787574442701,48,0.0208333333333333,FALSE,74.0611880347783,"17-CD11087",TRUE,"A/B"
"1005","NQ","R7","R","7","SK2",-0.778151250383644,"E08",2026-02-23,"2-23-26_ZS_R7_SK_lowdil",1.97436629192869,0.047958306578469,48,0.0208333333333333,FALSE,76.5778795878221,"17-CD11087",TRUE,"A/B"
"1006","NQ","R7","R","7","SK2",-0.778151250383644,"F08",2026-02-23,"2-23-26_ZS_R7_SK_lowdil",1.87367810949321,0.041168415629491,48,0.0208333333333333,FALSE,73.1682105669893,"17-CD11087",TRUE,"A/B"
"1007","NQ","R7","R","7","SK2",-0.778151250383644,"G08",2026-02-23,"2-23-26_ZS_R7_SK_lowdil",1.86140333165068,0.0398003253126928,48,0.0208333333333333,FALSE,73.1687014134275,"17-CD11087",TRUE,"A/B"
"1008","NQ","R7","R","7","SK2",-0.778151250383644,"H08",2026-02-23,"2-23-26_ZS_R7_SK_lowdil",1.91125603624235,0.0384814943882998,48,0.0208333333333333,FALSE,73.4608702145665,"17-CD11087",TRUE,"A/B"
"1009","NQ","R7","R","7","SK4",-1,"E03",2025-05-09,"5-9-25_ZS_R7-SK4_M10-SK4",1.90455488588084,0.0303659058722787,48,0.0208333333333333,FALSE,63.6430688667126,"17-CD11087",TRUE,"A/B"
"1010","NQ","R7","R","7","SK4",-1,"F03",2025-05-09,"5-9-25_ZS_R7-SK4_M10-SK4",1.87743787743788,0.0302940302940303,48,0.0208333333333333,FALSE,64.037125037125,"17-CD11087",TRUE,"A/B"
"1011","NQ","R7","R","7","SK4",-1,"G03",2025-05-09,"5-9-25_ZS_R7-SK4_M10-SK4",1.86643529995042,0.0293505205751115,48,0.0208333333333333,FALSE,64.3359816559248,"17-CD11087",TRUE,"A/B"
"1012","NQ","R7","R","7","SK4",-1,"H03",2025-05-09,"5-9-25_ZS_R7-SK4_M10-SK4",1.8164426567252,0.0310234692654,48,0.0208333333333333,FALSE,64.9992396742864,"17-CD11087",TRUE,"A/B"
"1013","NQ","R7","R","7","SK4",-2,"E04",2025-05-09,"5-9-25_ZS_R7-SK4_M10-SK4",1.87621529517891,0.0312719254284855,48,0.0208333333333333,FALSE,66.2798311115564,"17-CD11087",TRUE,"A/B"
"1014","NQ","R7","R","7","SK4",-2,"F04",2025-05-09,"5-9-25_ZS_R7-SK4_M10-SK4",1.84621586213847,0.0383172651639849,48,0.0208333333333333,FALSE,67.414101078303,"17-CD11087",TRUE,"A/B"
"1015","NQ","R7","R","7","SK4",-2,"G04",2025-05-09,"5-9-25_ZS_R7-SK4_M10-SK4",1.83698345059954,0.030896618548982,48,0.0208333333333333,FALSE,64.4329600634228,"17-CD11087",TRUE,"A/B"
"1016","NQ","R7","R","7","SK4",-2,"H04",2025-05-09,"5-9-25_ZS_R7-SK4_M10-SK4",1.81952929394091,0.0305792021365381,48,0.0208333333333333,FALSE,64.4477591387081,"17-CD11087",TRUE,"A/B"
"1017","NQ","R7","R","7","SK4",-0.301029995663981,"E09",2026-02-23,"2-23-26_ZS_R7_SK_lowdil",2.12825835054663,0.0545876926349494,48,0.0208333333333333,FALSE,79.4192075167514,"17-CD11087",TRUE,"A/B"
"1018","NQ","R7","R","7","SK4",-0.301029995663981,"F09",2026-02-23,"2-23-26_ZS_R7_SK_lowdil",2.07096237197641,0.0449217450344159,48,0.0208333333333333,FALSE,77.1249619355035,"17-CD11087",TRUE,"A/B"
"1019","NQ","R7","R","7","SK4",-0.301029995663981,"G09",2026-02-23,"2-23-26_ZS_R7_SK_lowdil",2.18574619721306,0.0734342682220567,48,0.0208333333333333,FALSE,79.7139865439847,"17-CD11087",TRUE,"A/B"
"1020","NQ","R7","R","7","SK4",-0.301029995663981,"H09",2026-02-23,"2-23-26_ZS_R7_SK_lowdil",2.0896596321235,0.0459777193846827,48,0.0208333333333333,FALSE,77.892573955083,"17-CD11087",TRUE,"A/B"
"1021","NQ","R7","R","7","SK4",-0.602059991327962,"E10",2026-02-23,"2-23-26_ZS_R7_SK_lowdil",1.9157694495107,0.0417568241890181,48,0.0208333333333333,FALSE,73.9028063775961,"17-CD11087",TRUE,"A/B"
"1022","NQ","R7","R","7","SK4",-0.602059991327962,"F10",2026-02-23,"2-23-26_ZS_R7_SK_lowdil",1.86308087877615,0.0373447873820153,48,0.0208333333333333,FALSE,70.7601855436758,"17-CD11087",TRUE,"A/B"
"1023","NQ","R7","R","7","SK4",-0.602059991327962,"G10",2026-02-23,"2-23-26_ZS_R7_SK_lowdil",1.8448557485144,0.0414644384541469,48,0.0208333333333333,FALSE,71.5847609002817,"17-CD11087",TRUE,"A/B"
"1024","NQ","R7","R","7","SK4",-0.602059991327962,"H10",2026-02-23,"2-23-26_ZS_R7_SK_lowdil",1.88738725240478,0.036536491542335,48,0.0208333333333333,FALSE,73.1357878097749,"17-CD11087",TRUE,"A/B"
"1025","NQ","R7","R","7","SK4",-0.778151250383644,"E11",2026-02-23,"2-23-26_ZS_R7_SK_lowdil",1.82626767237975,0.04237422004581,48,0.0208333333333333,FALSE,72.2665999427377,"17-CD11087",TRUE,"A/B"
"1026","NQ","R7","R","7","SK4",-0.778151250383644,"F11",2026-02-23,"2-23-26_ZS_R7_SK_lowdil",1.82795720568846,0.0382317320692304,48,0.0208333333333333,FALSE,72.0403008283095,"17-CD11087",TRUE,"A/B"
"1027","NQ","R7","R","7","SK4",-0.778151250383644,"G11",2026-02-23,"2-23-26_ZS_R7_SK_lowdil",1.84483332492814,0.042144782333395,48,0.0208333333333333,FALSE,73.0848126481417,"17-CD11087",TRUE,"A/B"
"1028","NQ","R7","R","7","SK4",-0.778151250383644,"H11",2026-02-23,"2-23-26_ZS_R7_SK_lowdil",1.8662199699326,0.0370366682928286,48,0.0208333333333333,FALSE,72.6707221154709,"17-CD11087",TRUE,"A/B"
"1029","NQ","R9","R","9","BR",-1,"E03",2025-05-09,"5-9-25_ZS_R9_BR",2.56686043056001,0.0358527442440284,48,0.0208333333333333,FALSE,71.8986244978944,"17-CD19903",TRUE,"B/C"
"1030","NQ","R9","R","9","BR",-1,"F03",2025-05-09,"5-9-25_ZS_R9_BR",2.61363710020677,0.038720469610229,48,0.0208333333333333,FALSE,70.4431994099384,"17-CD19903",TRUE,"B/C"
"1031","NQ","R9","R","9","BR",-1,"G03",2025-05-09,"5-9-25_ZS_R9_BR",2.60334243902649,0.0398513753712236,48,0.0208333333333333,FALSE,69.4712878597816,"17-CD19903",TRUE,"B/C"
"1032","NQ","R9","R","9","BR",-1,"H03",2025-05-09,"5-9-25_ZS_R9_BR",2.50000053424112,0.0377706094492057,48,0.0208333333333333,FALSE,70.3762645487211,"17-CD19903",TRUE,"B/C"
"1033","NQ","R9","R","9","BR",-2,"E04",2025-05-09,"5-9-25_ZS_R9_BR",3.95558159615147,0.443880231532877,48,0.0208333333333333,FALSE,88.7302851702232,"17-CD19903",TRUE,"B/C"
"1034","NQ","R9","R","9","BR",-2,"F04",2025-05-09,"5-9-25_ZS_R9_BR",2.17037886776923,0.0323284492342338,48,0.0208333333333333,FALSE,64.4773597571955,"17-CD19903",TRUE,"B/C"
"1035","NQ","R9","R","9","BR",-2,"G04",2025-05-09,"5-9-25_ZS_R9_BR",2.15045340540278,0.0293990926489437,48,0.0208333333333333,FALSE,63.0320916515059,"17-CD19903",TRUE,"B/C"
"1036","NQ","R9","R","9","BR",-2,"H04",2025-05-09,"5-9-25_ZS_R9_BR",2.19835790772162,0.0243198292656475,48,0.0208333333333333,FALSE,62.0068303466469,"17-CD19903",TRUE,"B/C"
"1037","NQ","RD1","RD","1","BR",-1,"E03",2025-07-03,"7-3-25_ZS_RD1&RD231_BR",9.62294203231488,1.23335332805813,15.8959697697415,0.0629090275387623,TRUE,311.058526447277,"17-CD14051",TRUE,"EE226"
"1038","NQ","RD1","RD","1","BR",-1,"F03",2025-07-03,"7-3-25_ZS_RD1&RD231_BR",11.2625665859564,1.63029109496906,42.9873553620422,0.023262654601055,TRUE,126.248593220339,"17-CD14051",TRUE,"EE226"
"1039","NQ","RD1","RD","1","BR",-1,"G03",2025-07-03,"7-3-25_ZS_RD1&RD231_BR",8.09464803332502,0.900398219423808,22.1417070670295,0.0451636360725352,TRUE,225.851886289905,"17-CD14051",TRUE,"EE226"
"1040","NQ","RD1","RD","1","BR",-1,"H03",2025-07-03,"7-3-25_ZS_RD1&RD231_BR",13.3845763328799,1.54903989220739,27.9282912504823,0.0358059858023978,TRUE,278.8536178854,"17-CD14051",TRUE,"EE226"
"1041","NQ","RD1","RD","1","BR",-2,"E04",2025-07-03,"7-3-25_ZS_RD1&RD231_BR",5.17534410532615,0.618329842409735,29.2177708279725,0.0342257458958032,TRUE,138.96486128254,"17-CD14051",TRUE,"EE226"
"1042","NQ","RD1","RD","1","BR",-2,"F04",2025-07-03,"7-3-25_ZS_RD1&RD231_BR",7.8222310000094,1.1421531284974,12.0670338774205,0.0828704062786444,TRUE,279.699697401461,"17-CD14051",TRUE,"EE226"
"1043","NQ","RD1","RD","1","BR",-2,"G04",2025-07-03,"7-3-25_ZS_RD1&RD231_BR",9.26835620930342,1.31877599246316,18.3279709093039,0.0545614135328185,TRUE,278.543756733968,"17-CD14051",TRUE,"EE226"
"1044","NQ","RD1","RD","1","BR",-2,"H04",2025-07-03,"7-3-25_ZS_RD1&RD231_BR",4.40585883986714,0.495672281961621,40.0901412227387,0.024943788410324,TRUE,103.434017677857,"17-CD14051",TRUE,"EE226"
"1045","NQ","RD1","RD","1","LN",-1,"E03",2025-03-11,"3-11-25_ZS_RD1&RD3_LN",6.45796949820933,0.955995511023478,39.8980039869792,0.0250639104734751,TRUE,103.234043650155,"17-CD14051",TRUE,"EE226"
"1046","NQ","RD1","RD","1","LN",-1,"F03",2025-03-11,"3-11-25_ZS_RD1&RD3_LN",1.83066631689402,0.0460377036977246,48,0.0208333333333333,FALSE,65.2713659799015,"17-CD14051",TRUE,"EE226"
"1047","NQ","RD1","RD","1","LN",-1,"G03",2025-03-11,"3-11-25_ZS_RD1&RD3_LN",5.7950792636418,0.868851370077947,30.8963065100858,0.0323663283076752,TRUE,137.171469469583,"17-CD14051",TRUE,"EE226"
"1048","NQ","RD1","RD","1","LN",-1,"H03",2025-03-11,"3-11-25_ZS_RD1&RD3_LN",7.67845966532838,1.22729920429682,15.7217710493571,0.0636060655546114,TRUE,259.277104023909,"17-CD14051",TRUE,"EE226"
"1049","NQ","RD1","RD","1","LN",-2,"E04",2025-03-11,"3-11-25_ZS_RD1&RD3_LN",1.62158363583049,0.0376703056204366,48,0.0208333333333333,FALSE,66.9909731139851,"17-CD14051",TRUE,"EE226"
"1050","NQ","RD1","RD","1","LN",-2,"F04",2025-03-11,"3-11-25_ZS_RD1&RD3_LN",1.62074175687631,0.03212534694955,48,0.0208333333333333,FALSE,66.2594310082604,"17-CD14051",TRUE,"EE226"
"1051","NQ","RD1","RD","1","LN",-2,"G04",2025-03-11,"3-11-25_ZS_RD1&RD3_LN",1.61642870993091,0.0376693960536715,48,0.0208333333333333,FALSE,67.6409421657975,"17-CD14051",TRUE,"EE226"
"1052","NQ","RD1","RD","1","LN",-2,"H04",2025-03-11,"3-11-25_ZS_RD1&RD3_LN",1.56401058512202,0.039217223692378,48,0.0208333333333333,FALSE,65.3440936489267,"17-CD14051",TRUE,"EE226"
"1053","NQ","RD1","RD","1","SK1",-1,"E04",2024-11-26,"11-26-24_ZS_RD1-SK1_RD527-SK1",1.79703004308695,0.0246896616404012,48,0.0208333333333333,FALSE,58.4565400885294,"17-CD14051",TRUE,"EE226"
"1054","NQ","RD1","RD","1","SK1",-1,"F04",2024-11-26,"11-26-24_ZS_RD1-SK1_RD527-SK1",1.92471503048511,0.032622177713633,48,0.0208333333333333,FALSE,65.6523114193985,"17-CD14051",TRUE,"EE226"
"1055","NQ","RD1","RD","1","SK1",-1,"G04",2024-11-26,"11-26-24_ZS_RD1-SK1_RD527-SK1",1.7994395280236,0.0247590953785644,48,0.0208333333333333,FALSE,59.4154424778762,"17-CD14051",TRUE,"EE226"
"1056","NQ","RD1","RD","1","SK1",-1,"H04",2024-11-26,"11-26-24_ZS_RD1-SK1_RD527-SK1",1.78179882916445,0.0250483467915908,48,0.0208333333333333,FALSE,60.1253400153745,"17-CD14051",TRUE,"EE226"
"1057","NQ","RD1","RD","1","SK1",-2,"E05",2024-11-26,"11-26-24_ZS_RD1-SK1_RD527-SK1",1.78178313729366,0.0237641813010005,48,0.0208333333333333,FALSE,60.8695240683998,"17-CD14051",TRUE,"EE226"
"1058","NQ","RD1","RD","1","SK1",-2,"F05",2024-11-26,"11-26-24_ZS_RD1-SK1_RD527-SK1",1.94818627208393,0.0305218763574779,48,0.0208333333333333,FALSE,64.6687620626517,"17-CD14051",TRUE,"EE226"
"1059","NQ","RD1","RD","1","SK1",-2,"G05",2024-11-26,"11-26-24_ZS_RD1-SK1_RD527-SK1",1.7528862228341,0.0256902787338425,48,0.0208333333333333,FALSE,60.071496705674,"17-CD14051",TRUE,"EE226"
"1060","NQ","RD1","RD","1","SK1",-2,"H05",2024-11-26,"11-26-24_ZS_RD1-SK1_RD527-SK1",1.76114989572216,0.027176425919217,48,0.0208333333333333,FALSE,61.3563756352137,"17-CD14051",TRUE,"EE226"
"1061","NQ","RD1","RD","1","SK1",-0.301029995663981,"E03",2025-12-15,"12-15-25_Z_RD1_SK1-3_lowdil",10.1192908625237,1.23355771580548,4.98107389789977,0.200759920550796,TRUE,391.408785906749,"17-CD14051",TRUE,"EE226"
"1062","NQ","RD1","RD","1","SK1",-0.301029995663981,"F03",2025-12-15,"12-15-25_Z_RD1_SK1-3_lowdil",10.4206929464541,1.26600065752495,5.04537037394246,0.198201504722952,TRUE,398.602787057363,"17-CD14051",TRUE,"EE226"
"1063","NQ","RD1","RD","1","SK1",-0.301029995663981,"G03",2025-12-15,"12-15-25_Z_RD1_SK1-3_lowdil",9.27457957262979,1.33720975082928,4.73133382030016,0.211356889617346,TRUE,369.985850352928,"17-CD14051",TRUE,"EE226"
"1064","NQ","RD1","RD","1","SK1",-0.301029995663981,"H03",2025-12-15,"12-15-25_Z_RD1_SK1-3_lowdil",8.94744840670616,1.13592364579703,4.69680429428967,0.212910723407358,TRUE,351.499607968405,"17-CD14051",TRUE,"EE226"
"1065","NQ","RD1","RD","1","SK1",-0.602059991327962,"E04",2025-12-15,"12-15-25_Z_RD1_SK1-3_lowdil",10.953514480155,1.54192262900226,15.83333617762,0.0631578833912131,TRUE,334.26311907009,"17-CD14051",TRUE,"EE226"
"1066","NQ","RD1","RD","1","SK1",-0.602059991327962,"F04",2025-12-15,"12-15-25_Z_RD1_SK1-3_lowdil",9.99068544299351,1.50134331703955,17.9384966784537,0.0557460314498438,TRUE,297.56621315079,"17-CD14051",TRUE,"EE226"
"1067","NQ","RD1","RD","1","SK1",-0.602059991327962,"G04",2025-12-15,"12-15-25_Z_RD1_SK1-3_lowdil",10.9981257251659,1.76668418634325,14.8073018032105,0.0675342485275191,TRUE,358.461075327998,"17-CD14051",TRUE,"EE226"
"1068","NQ","RD1","RD","1","SK1",-0.602059991327962,"H04",2025-12-15,"12-15-25_Z_RD1_SK1-3_lowdil",10.766127091106,1.7825517176823,10.9369466161386,0.0914331974999671,TRUE,382.641367793958,"17-CD14051",TRUE,"EE226"
"1069","NQ","RD1","RD","1","SK1",-0.778151250383644,"E05",2025-12-15,"12-15-25_Z_RD1_SK1-3_lowdil",11.6865570906781,1.78399325957687,31.0518304833403,0.0322042206348033,TRUE,221.20985811696,"17-CD14051",TRUE,"EE226"
"1070","NQ","RD1","RD","1","SK1",-0.778151250383644,"F05",2025-12-15,"12-15-25_Z_RD1_SK1-3_lowdil",1.86964877335922,0.0430378029345068,48,0.0208333333333333,FALSE,75.4553059345192,"17-CD14051",TRUE,"EE226"
"1071","NQ","RD1","RD","1","SK1",-0.778151250383644,"G05",2025-12-15,"12-15-25_Z_RD1_SK1-3_lowdil",1.83092895749893,0.0435660803705288,48,0.0208333333333333,FALSE,73.2785936831667,"17-CD14051",TRUE,"EE226"
"1072","NQ","RD1","RD","1","SK1",-0.778151250383644,"H05",2025-12-15,"12-15-25_Z_RD1_SK1-3_lowdil",1.825188080693,0.0430244815913362,48,0.0208333333333333,FALSE,73.9371697538747,"17-CD14051",TRUE,"EE226"
"1073","NQ","RD1","RD","1","SK2",-1,"E04",2024-12-12,"12-12-24_ZS_RD1-SK2-3",11.3892444426611,1.92824501333048,38.6977435648837,0.0258412999797604,TRUE,142.830517464489,"17-CD14051",TRUE,"EE226"
"1074","NQ","RD1","RD","1","SK2",-1,"F04",2024-12-12,"12-12-24_ZS_RD1-SK2-3",1.84561268107338,0.0254712085631108,48,0.0208333333333333,FALSE,61.7626157682259,"17-CD14051",TRUE,"EE226"
"1075","NQ","RD1","RD","1","SK2",-1,"G04",2024-12-12,"12-12-24_ZS_RD1-SK2-3",1.81206603164668,0.0262961731461741,48,0.0208333333333333,FALSE,59.8424254796878,"17-CD14051",TRUE,"EE226"
"1076","NQ","RD1","RD","1","SK2",-1,"H04",2024-12-12,"12-12-24_ZS_RD1-SK2-3",1.69609968033412,0.0249750656211272,48,0.0208333333333333,FALSE,59.4929077224547,"17-CD14051",TRUE,"EE226"
"1077","NQ","RD1","RD","1","SK2",-2,"E05",2024-12-12,"12-12-24_ZS_RD1-SK2-3",1.89238070805541,0.0287524174132691,48,0.0208333333333333,FALSE,61.155859020405,"17-CD14051",TRUE,"EE226"
"1078","NQ","RD1","RD","1","SK2",-2,"F05",2024-12-12,"12-12-24_ZS_RD1-SK2-3",1.88610489489988,0.0253100233555814,48,0.0208333333333333,FALSE,60.3920806011864,"17-CD14051",TRUE,"EE226"
"1079","NQ","RD1","RD","1","SK2",-2,"G05",2024-12-12,"12-12-24_ZS_RD1-SK2-3",1.8451613543051,0.0270565704248787,48,0.0208333333333333,FALSE,59.3397279191543,"17-CD14051",TRUE,"EE226"
"1080","NQ","RD1","RD","1","SK2",-2,"H05",2024-12-12,"12-12-24_ZS_RD1-SK2-3",1.71541712712538,0.0267076824978296,48,0.0208333333333333,FALSE,57.7873298726225,"17-CD14051",TRUE,"EE226"
"1081","NQ","RD1","RD","1","SK2",-0.301029995663981,"E06",2025-12-15,"12-15-25_Z_RD1_SK1-3_lowdil",10.0379336991715,1.55850530226209,18.112005599781,0.055211997064096,TRUE,301.793409044223,"17-CD14051",TRUE,"EE226"
"1082","NQ","RD1","RD","1","SK2",-0.301029995663981,"F06",2025-12-15,"12-15-25_Z_RD1_SK1-3_lowdil",10.9162317096033,1.43831064540283,20.9587600752284,0.047712746193508,TRUE,274.938088918709,"17-CD14051",TRUE,"EE226"
"1083","NQ","RD1","RD","1","SK2",-0.301029995663981,"G06",2025-12-15,"12-15-25_Z_RD1_SK1-3_lowdil",10.0358063592094,1.53421770924907,13.6929775170123,0.0730301352468875,TRUE,331.837736692381,"17-CD14051",TRUE,"EE226"
"1084","NQ","RD1","RD","1","SK2",-0.301029995663981,"H06",2025-12-15,"12-15-25_Z_RD1_SK1-3_lowdil",9.61189723592607,1.52624409585799,14.0434353185801,0.0712076480800216,TRUE,321.738357064783,"17-CD14051",TRUE,"EE226"
"1085","NQ","RD1","RD","1","SK2",-0.602059991327962,"E07",2025-12-15,"12-15-25_Z_RD1_SK1-3_lowdil",10.1358507990043,1.62767338526192,10.3187196061684,0.0969112485043406,TRUE,369.932779751867,"17-CD14051",TRUE,"EE226"
"1086","NQ","RD1","RD","1","SK2",-0.602059991327962,"F07",2025-12-15,"12-15-25_Z_RD1_SK1-3_lowdil",9.98707467102702,1.46510637009352,30.6407576122533,0.0326362687455254,TRUE,197.268577727166,"17-CD14051",TRUE,"EE226"
"1087","NQ","RD1","RD","1","SK2",-0.602059991327962,"G07",2025-12-15,"12-15-25_Z_RD1_SK1-3_lowdil",9.68070745886294,1.44382916762462,13.4861023203602,0.0741504087871471,TRUE,327.046700413834,"17-CD14051",TRUE,"EE226"
"1088","NQ","RD1","RD","1","SK2",-0.602059991327962,"H07",2025-12-15,"12-15-25_Z_RD1_SK1-3_lowdil",5.50674611660867,0.855063259694167,47.5980119088372,0.0210092808480166,TRUE,72.2891109512607,"17-CD14051",TRUE,"EE226"
"1089","NQ","RD1","RD","1","SK2",-0.778151250383644,"E08",2025-12-15,"12-15-25_Z_RD1_SK1-3_lowdil",1.75370820578943,0.0419754787612739,48,0.0208333333333333,FALSE,71.3550379432868,"17-CD14051",TRUE,"EE226"
"1090","NQ","RD1","RD","1","SK2",-0.778151250383644,"F08",2025-12-15,"12-15-25_Z_RD1_SK1-3_lowdil",1.72426781534588,0.0392159433877732,48,0.0208333333333333,FALSE,69.6405595385613,"17-CD14051",TRUE,"EE226"
"1091","NQ","RD1","RD","1","SK2",-0.778151250383644,"G08",2025-12-15,"12-15-25_Z_RD1_SK1-3_lowdil",1.71170816110737,0.0396402747070824,48,0.0208333333333333,FALSE,69.6634937037395,"17-CD14051",TRUE,"EE226"
"1092","NQ","RD1","RD","1","SK2",-0.778151250383644,"H08",2025-12-15,"12-15-25_Z_RD1_SK1-3_lowdil",1.68855483161944,0.0346050187089515,48,0.0208333333333333,FALSE,69.0190348045373,"17-CD14051",TRUE,"EE226"
"1093","NQ","RD1","RD","1","SK3",-1,"E08",2024-12-12,"12-12-24_ZS_RD1-SK2-3",1.86940273479048,0.0214366859696923,48,0.0208333333333333,FALSE,58.8632676625879,"17-CD14051",TRUE,"EE226"
"1094","NQ","RD1","RD","1","SK3",-1,"F08",2024-12-12,"12-12-24_ZS_RD1-SK2-3",1.84578732849844,0.0228434868209835,48,0.0208333333333333,FALSE,59.68357603475,"17-CD14051",TRUE,"EE226"
"1095","NQ","RD1","RD","1","SK3",-1,"G08",2024-12-12,"12-12-24_ZS_RD1-SK2-3",1.81443567276828,0.0244385966603369,48,0.0208333333333333,FALSE,59.4125386773084,"17-CD14051",TRUE,"EE226"
"1096","NQ","RD1","RD","1","SK3",-1,"H08",2024-12-12,"12-12-24_ZS_RD1-SK2-3",1.74035654509361,0.0231339120055013,48,0.0208333333333333,FALSE,58.9313572846522,"17-CD14051",TRUE,"EE226"
"1097","NQ","RD1","RD","1","SK3",-2,"E09",2024-12-12,"12-12-24_ZS_RD1-SK2-3",1.90312032261447,0.0196708391726172,48,0.0208333333333333,FALSE,57.5407188754255,"17-CD14051",TRUE,"EE226"
"1098","NQ","RD1","RD","1","SK3",-2,"E10",2024-12-12,"12-12-24_ZS_RD1-SK2-3",1.86480119786749,0.0208418770405552,48,0.0208333333333333,FALSE,58.0693613916626,"17-CD14051",TRUE,"EE226"
"1099","NQ","RD1","RD","1","SK3",-2,"F09",2024-12-12,"12-12-24_ZS_RD1-SK2-3",1.88537978024087,0.0197516647207161,48,0.0208333333333333,FALSE,58.1424175903268,"17-CD14051",TRUE,"EE226"
"1100","NQ","RD1","RD","1","SK3",-2,"F10",2024-12-12,"12-12-24_ZS_RD1-SK2-3",10.1858371289083,1.96077638365961,44.2333239335063,0.0226073898833207,TRUE,85.7947488661423,"17-CD14051",TRUE,"EE226"
"1101","NQ","RD1","RD","1","SK3",-2,"G09",2024-12-12,"12-12-24_ZS_RD1-SK2-3",1.82261279564534,0.0232810723093239,48,0.0208333333333333,FALSE,58.0887283417028,"17-CD14051",TRUE,"EE226"
"1102","NQ","RD1","RD","1","SK3",-2,"G10",2024-12-12,"12-12-24_ZS_RD1-SK2-3",1.82360386621663,0.0241041901060312,48,0.0208333333333333,FALSE,59.6001924957808,"17-CD14051",TRUE,"EE226"
"1103","NQ","RD1","RD","1","SK3",-2,"H09",2024-12-12,"12-12-24_ZS_RD1-SK2-3",1.7571075640308,0.0242226554206636,48,0.0208333333333333,FALSE,59.6111431452781,"17-CD14051",TRUE,"EE226"
"1104","NQ","RD1","RD","1","SK3",-2,"H10",2024-12-12,"12-12-24_ZS_RD1-SK2-3",1.73597216600166,0.0231050457153505,48,0.0208333333333333,FALSE,57.4365639276007,"17-CD14051",TRUE,"EE226"
"1105","NQ","RD1","RD","1","SK3",-0.301029995663981,"E09",2025-12-15,"12-15-25_Z_RD1_SK1-3_lowdil",1.99998986643967,0.045801440767088,48,0.0208333333333333,FALSE,76.7180792849758,"17-CD14051",TRUE,"EE226"
"1106","NQ","RD1","RD","1","SK3",-0.301029995663981,"F09",2025-12-15,"12-15-25_Z_RD1_SK1-3_lowdil",11.8992250363728,1.8407931967717,26.1329905053937,0.0382658081092406,TRUE,270.292519077169,"17-CD14051",TRUE,"EE226"
"1107","NQ","RD1","RD","1","SK3",-0.301029995663981,"G09",2025-12-15,"12-15-25_Z_RD1_SK1-3_lowdil",1.88761118044413,0.0414809532299281,48,0.0208333333333333,FALSE,73.4568439115708,"17-CD14051",TRUE,"EE226"
"1108","NQ","RD1","RD","1","SK3",-0.301029995663981,"H09",2025-12-15,"12-15-25_Z_RD1_SK1-3_lowdil",12.1907251264755,1.87772817952364,26.8262668326765,0.0372768975361834,TRUE,271.721380567405,"17-CD14051",TRUE,"EE226"
"1109","NQ","RD1","RD","1","SK3",-0.602059991327962,"E10",2025-12-15,"12-15-25_Z_RD1_SK1-3_lowdil",1.7537372922223,0.0389721585261438,48,0.0208333333333333,FALSE,71.3992641052644,"17-CD14051",TRUE,"EE226"
"1110","NQ","RD1","RD","1","SK3",-0.602059991327962,"F10",2025-12-15,"12-15-25_Z_RD1_SK1-3_lowdil",1.77052594179012,0.039802304401655,48,0.0208333333333333,FALSE,71.2977803657609,"17-CD14051",TRUE,"EE226"
"1111","NQ","RD1","RD","1","SK3",-0.602059991327962,"G10",2025-12-15,"12-15-25_Z_RD1_SK1-3_lowdil",1.67472144304192,0.0392382213910966,48,0.0208333333333333,FALSE,69.2967362085087,"17-CD14051",TRUE,"EE226"
"1112","NQ","RD1","RD","1","SK3",-0.602059991327962,"H10",2025-12-15,"12-15-25_Z_RD1_SK1-3_lowdil",1.66927134397427,0.0382694746199197,48,0.0208333333333333,FALSE,69.8798617102632,"17-CD14051",TRUE,"EE226"
"1113","NQ","RD1","RD","1","SK3",-0.778151250383644,"E11",2025-12-15,"12-15-25_Z_RD1_SK1-3_lowdil",1.72504363085883,0.0376644928910359,48,0.0208333333333333,FALSE,70.4688786628226,"17-CD14051",TRUE,"EE226"
"1114","NQ","RD1","RD","1","SK3",-0.778151250383644,"F11",2025-12-15,"12-15-25_Z_RD1_SK1-3_lowdil",1.74525476487397,0.0397119200131799,48,0.0208333333333333,FALSE,71.5952729308024,"17-CD14051",TRUE,"EE226"
"1115","NQ","RD1","RD","1","SK3",-0.778151250383644,"G11",2025-12-15,"12-15-25_Z_RD1_SK1-3_lowdil",1.73076847115518,0.0393155978643704,48,0.0208333333333333,FALSE,71.2080547765293,"17-CD14051",TRUE,"EE226"
"1116","NQ","RD1","RD","1","SK3",-0.778151250383644,"H11",2025-12-15,"12-15-25_Z_RD1_SK1-3_lowdil",1.68190854870775,0.0397614314115308,48,0.0208333333333333,FALSE,70.6483598409543,"17-CD14051",TRUE,"EE226"
"1117","NQ","RD1","RD","1","SK4",-1,"E04",2024-12-12,"12-12-24_ZS_RD1-SK4_RD527-SK3-4",1.55602474712757,0.01714840638537,48,0.0208333333333333,FALSE,58.4694564470195,"17-CD14051",TRUE,"EE226"
"1118","NQ","RD1","RD","1","SK4",-1,"F04",2024-12-12,"12-12-24_ZS_RD1-SK4_RD527-SK3-4",1.56380156064893,0.0195271492646587,48,0.0208333333333333,FALSE,58.0554280035639,"17-CD14051",TRUE,"EE226"
"1119","NQ","RD1","RD","1","SK4",-1,"G04",2024-12-12,"12-12-24_ZS_RD1-SK4_RD527-SK3-4",1.52609527547466,0.0164690619088892,48,0.0208333333333333,FALSE,56.7185043909141,"17-CD14051",TRUE,"EE226"
"1120","NQ","RD1","RD","1","SK4",-1,"H04",2024-12-12,"12-12-24_ZS_RD1-SK4_RD527-SK3-4",1.45983787767133,0.018557275034799,48,0.0208333333333333,FALSE,55.9880619012528,"17-CD14051",TRUE,"EE226"
"1121","NQ","RD1","RD","1","SK4",-2,"E05",2024-12-12,"12-12-24_ZS_RD1-SK4_RD527-SK3-4",1.5540421534668,0.0181890926328195,48,0.0208333333333333,FALSE,57.6569710268302,"17-CD14051",TRUE,"EE226"
"1122","NQ","RD1","RD","1","SK4",-2,"F05",2024-12-12,"12-12-24_ZS_RD1-SK4_RD527-SK3-4",1.52814131654711,0.0163763236227004,48,0.0208333333333333,FALSE,56.4796735470649,"17-CD14051",TRUE,"EE226"
"1123","NQ","RD1","RD","1","SK4",-2,"G05",2024-12-12,"12-12-24_ZS_RD1-SK4_RD527-SK3-4",1.5030786124674,0.0157765271595497,48,0.0208333333333333,FALSE,55.5040884757927,"17-CD14051",TRUE,"EE226"
"1124","NQ","RD1","RD","1","SK4",-2,"H05",2024-12-12,"12-12-24_ZS_RD1-SK4_RD527-SK3-4",1.47027480388771,0.0146255091244977,48,0.0208333333333333,FALSE,55.7316197148355,"17-CD14051",TRUE,"EE226"
"1125","NQ","RD1","RD","1","SK4",-0.301029995663981,"E06",2025-12-15,"12-15-25_ZS_RD1&M6&M539_SK_lowdil",12.2994618580979,2.06228043713082,11.7044411980014,0.0854376542274188,TRUE,430.162397456234,"17-CD14051",TRUE,"EE226"
"1126","NQ","RD1","RD","1","SK4",-0.301029995663981,"F06",2025-12-15,"12-15-25_ZS_RD1&M6&M539_SK_lowdil",12.1666782215972,1.97530986471928,16.1993504751686,0.0617308701069752,TRUE,376.962347846325,"17-CD14051",TRUE,"EE226"
"1127","NQ","RD1","RD","1","SK4",-0.301029995663981,"G06",2025-12-15,"12-15-25_ZS_RD1&M6&M539_SK_lowdil",12.5346927413181,2.02143945243674,10.9298474173511,0.091492585560939,TRUE,441.567661781812,"17-CD14051",TRUE,"EE226"
"1128","NQ","RD1","RD","1","SK4",-0.301029995663981,"H06",2025-12-15,"12-15-25_ZS_RD1&M6&M539_SK_lowdil",12.5094930747648,2.05111664116453,11.1858536382016,0.0893986308371518,TRUE,446.798485321675,"17-CD14051",TRUE,"EE226"
"1129","NQ","RD1","RD","1","SK4",-0.602059991327962,"E07",2025-12-15,"12-15-25_ZS_RD1&M6&M539_SK_lowdil",1.94463819506683,0.0483792056873925,48,0.0208333333333333,FALSE,75.8312819039083,"17-CD14051",TRUE,"EE226"
"1130","NQ","RD1","RD","1","SK4",-0.602059991327962,"F07",2025-12-15,"12-15-25_ZS_RD1&M6&M539_SK_lowdil",11.3643212660886,1.96447874946533,8.8467530602721,0.113035821525377,TRUE,429.798371456624,"17-CD14051",TRUE,"EE226"
"1131","NQ","RD1","RD","1","SK4",-0.602059991327962,"G07",2025-12-15,"12-15-25_ZS_RD1&M6&M539_SK_lowdil",1.83942326871385,0.0490677507289876,48,0.0208333333333333,FALSE,73.3688962130639,"17-CD14051",TRUE,"EE226"
"1132","NQ","RD1","RD","1","SK4",-0.602059991327962,"H07",2025-12-15,"12-15-25_ZS_RD1&M6&M539_SK_lowdil",10.7329310263542,1.75526325439107,19.1070651203669,0.0523366615280995,TRUE,311.152402055537,"17-CD14051",TRUE,"EE226"
"1133","NQ","RD1","RD","1","SK4",-0.778151250383644,"E08",2025-12-15,"12-15-25_ZS_RD1&M6&M539_SK_lowdil",1.85920448504181,0.0413169440282678,48,0.0208333333333333,FALSE,72.7091887777294,"17-CD14051",TRUE,"EE226"
"1134","NQ","RD1","RD","1","SK4",-0.778151250383644,"F08",2025-12-15,"12-15-25_ZS_RD1&M6&M539_SK_lowdil",1.8444776119403,0.0429957738190767,48,0.0208333333333333,FALSE,72.0771557534906,"17-CD14051",TRUE,"EE226"
"1135","NQ","RD1","RD","1","SK4",-0.778151250383644,"G08",2025-12-15,"12-15-25_ZS_RD1&M6&M539_SK_lowdil",1.77999866999801,0.0383842797986419,48,0.0208333333333333,FALSE,69.7051302451953,"17-CD14051",TRUE,"EE226"
"1136","NQ","RD1","RD","1","SK4",-0.778151250383644,"H08",2025-12-15,"12-15-25_ZS_RD1&M6&M539_SK_lowdil",1.68440038629779,0.0393998497730816,48,0.0208333333333333,FALSE,68.2127549281374,"17-CD14051",TRUE,"EE226"
"1137","NQ","RD231","RD","231","BR",-1,"E08",2025-07-03,"7-3-25_ZS_RD1&RD231_BR",2.39253458273235,0.0682845609517633,48,0.0208333333333333,FALSE,91.525715613293,"19-CD23231",FALSE,NA
"1138","NQ","RD231","RD","231","BR",-1,"F08",2025-07-03,"7-3-25_ZS_RD1&RD231_BR",2.32979960331031,0.0654505424357008,48,0.0208333333333333,FALSE,90.1643086753886,"19-CD23231",FALSE,NA
"1139","NQ","RD231","RD","231","BR",-1,"G08",2025-07-03,"7-3-25_ZS_RD1&RD231_BR",2.29616355866356,0.0631054131054131,48,0.0208333333333333,FALSE,88.864881993007,"19-CD23231",FALSE,NA
"1140","NQ","RD231","RD","231","BR",-1,"H08",2025-07-03,"7-3-25_ZS_RD1&RD231_BR",2.33038376454747,0.0615733170893313,48,0.0208333333333333,FALSE,89.4082487736846,"19-CD23231",FALSE,NA
"1141","NQ","RD231","RD","231","BR",-2,"E09",2025-07-03,"7-3-25_ZS_RD1&RD231_BR",5.08526445123868,0.643716551365778,39.7658852424381,0.0251471831672642,TRUE,106.757957824956,"19-CD23231",FALSE,NA
"1142","NQ","RD231","RD","231","BR",-2,"F09",2025-07-03,"7-3-25_ZS_RD1&RD231_BR",1.92018970583956,0.0597178982351667,48,0.0208333333333333,FALSE,80.4622843259915,"19-CD23231",FALSE,NA
"1143","NQ","RD231","RD","231","BR",-2,"G09",2025-07-03,"7-3-25_ZS_RD1&RD231_BR",7.81068779174495,1.10931625421544,33.4938107653953,0.0298562623108018,TRUE,159.664651891379,"19-CD23231",FALSE,NA
"1144","NQ","RD231","RD","231","BR",-2,"H09",2025-07-03,"7-3-25_ZS_RD1&RD231_BR",2.00814797021379,0.0569162196065871,48,0.0208333333333333,FALSE,81.1526951717512,"19-CD23231",FALSE,NA
"1145","NQ","RD231","RD","231","LN",-1,"E03",2025-06-09,"6-9-25_ZS_RD231&RD242&RD533_LN",2.29979951524582,0.0789415646233624,48,0.0208333333333333,FALSE,91.8067641162215,"19-CD23231",FALSE,NA
"1146","NQ","RD231","RD","231","LN",-1,"F03",2025-06-09,"6-9-25_ZS_RD231&RD242&RD533_LN",2.98731650444276,0.296109177771104,48,0.0208333333333333,FALSE,74.2245391633837,"19-CD23231",FALSE,NA
"1147","NQ","RD231","RD","231","LN",-1,"G03",2025-06-09,"6-9-25_ZS_RD231&RD242&RD533_LN",2.34606347223462,0.0717651115319239,48,0.0208333333333333,FALSE,87.8876669343565,"19-CD23231",FALSE,NA
"1148","NQ","RD231","RD","231","LN",-1,"H03",2025-06-09,"6-9-25_ZS_RD231&RD242&RD533_LN",4.46880579400224,0.488345533061431,42.918663381583,0.023299886837322,TRUE,100.061012790381,"19-CD23231",FALSE,NA
"1149","NQ","RD231","RD","231","LN",-2,"E04",2025-06-09,"6-9-25_ZS_RD231&RD242&RD533_LN",2.27324825191922,0.0771274428308314,48,0.0208333333333333,FALSE,91.3054056036378,"19-CD23231",FALSE,NA
"1150","NQ","RD231","RD","231","LN",-2,"F04",2025-06-09,"6-9-25_ZS_RD231&RD242&RD533_LN",2.19214914838722,0.0737196701847111,48,0.0208333333333333,FALSE,89.1990255632111,"19-CD23231",FALSE,NA
"1151","NQ","RD231","RD","231","LN",-2,"G04",2025-06-09,"6-9-25_ZS_RD231&RD242&RD533_LN",2.18574758244483,0.0697247706422018,48,0.0208333333333333,FALSE,88.4077758492438,"19-CD23231",FALSE,NA
"1152","NQ","RD231","RD","231","LN",-2,"H04",2025-06-09,"6-9-25_ZS_RD231&RD242&RD533_LN",2.06457018432856,0.0717535685576706,48,0.0208333333333333,FALSE,86.2038300605063,"19-CD23231",FALSE,NA
"1153","NQ","RD242","RD","242","LN",-1,"E06",2025-06-09,"6-9-25_ZS_RD231&RD242&RD533_LN",2.17151203365835,0.0742225146723561,48,0.0208333333333333,FALSE,89.0971391397979,"19-CD23242",FALSE,NA
"1154","NQ","RD242","RD","242","LN",-1,"F06",2025-06-09,"6-9-25_ZS_RD231&RD242&RD533_LN",2.28937739775338,0.0734911070128088,48,0.0208333333333333,FALSE,91.1779749400869,"19-CD23242",FALSE,NA
"1155","NQ","RD242","RD","242","LN",-1,"G06",2025-06-09,"6-9-25_ZS_RD231&RD242&RD533_LN",2.11110107215998,0.0671427360380499,48,0.0208333333333333,FALSE,85.7321670581857,"19-CD23242",FALSE,NA
"1156","NQ","RD242","RD","242","LN",-1,"H06",2025-06-09,"6-9-25_ZS_RD231&RD242&RD533_LN",1.99801395174199,0.0637753141557264,48,0.0208333333333333,FALSE,83.3211605537222,"19-CD23242",FALSE,NA
"1157","NQ","RD242","RD","242","LN",-2,"E07",2025-06-09,"6-9-25_ZS_RD231&RD242&RD533_LN",2.11132377024921,0.0705896796739519,48,0.0208333333333333,FALSE,86.4193756042698,"19-CD23242",FALSE,NA
"1158","NQ","RD242","RD","242","LN",-2,"F07",2025-06-09,"6-9-25_ZS_RD231&RD242&RD533_LN",2.12834867629955,0.0666241750828476,48,0.0208333333333333,FALSE,86.0266994717024,"19-CD23242",FALSE,NA
"1159","NQ","RD242","RD","242","LN",-2,"G07",2025-06-09,"6-9-25_ZS_RD231&RD242&RD533_LN",2.17258029406526,0.0686064331998673,48,0.0208333333333333,FALSE,88.1824414244156,"19-CD23242",FALSE,NA
"1160","NQ","RD242","RD","242","LN",-2,"H07",2025-06-09,"6-9-25_ZS_RD231&RD242&RD533_LN",2.1857152803334,0.0669069224384966,48,0.0208333333333333,FALSE,88.3155677783193,"19-CD23242",FALSE,NA
"1161","NQ","RD3","RD","3","LN",-1,"E08",2025-03-11,"3-11-25_ZS_RD1&RD3_LN",13.8445435688825,2.71156802330655,5.01261290001233,0.199496753479117,TRUE,563.612743419861,"22-CD2737",TRUE,"EE226"
"1162","NQ","RD3","RD","3","LN",-1,"F08",2025-03-11,"3-11-25_ZS_RD1&RD3_LN",11.4759182594013,2.15081617406891,9.9308907030468,0.100695902301412,TRUE,427.141554607317,"22-CD2737",TRUE,"EE226"
"1163","NQ","RD3","RD","3","LN",-1,"G08",2025-03-11,"3-11-25_ZS_RD1&RD3_LN",12.4625660787511,2.26794899241913,9.23839926556501,0.108243860354399,TRUE,465.28422261746,"22-CD2737",TRUE,"EE226"
"1164","NQ","RD3","RD","3","LN",-1,"H08",2025-03-11,"3-11-25_ZS_RD1&RD3_LN",12.3721461415935,2.2429036864877,8.6357558491515,0.115797622983778,TRUE,474.845304344777,"22-CD2737",TRUE,"EE226"
"1165","NQ","RD3","RD","3","LN",-2,"E09",2025-03-11,"3-11-25_ZS_RD1&RD3_LN",11.34662,2.02580444444444,8.91479189032558,0.112173117701739,TRUE,433.62219,"22-CD2737",TRUE,"EE226"
"1166","NQ","RD3","RD","3","LN",-2,"F09",2025-03-11,"3-11-25_ZS_RD1&RD3_LN",1.66092839842264,0.0321276297615949,48,0.0208333333333333,FALSE,64.4199474047682,"22-CD2737",TRUE,"EE226"
"1167","NQ","RD3","RD","3","LN",-2,"G09",2025-03-11,"3-11-25_ZS_RD1&RD3_LN",8.51884999753852,1.45281893915774,16.3236753681868,0.0612607135001531,TRUE,275.089425491065,"22-CD2737",TRUE,"EE226"
"1168","NQ","RD3","RD","3","LN",-2,"H09",2025-03-11,"3-11-25_ZS_RD1&RD3_LN",6.81485048299447,1.03113722895368,27.0464325766072,0.0369734528636103,TRUE,169.991043965763,"22-CD2737",TRUE,"EE226"
"1169","NQ","RD527","RD","527","BR",-1,"E08",2025-06-13,"6-13-25_ZS_RD527_LN_BR",9.12813771586285,1.48798974064337,46.6877553773169,0.0214188922109939,TRUE,92.5827574263367,"21-V527",FALSE,NA
"1170","NQ","RD527","RD","527","BR",-1,"F08",2025-06-13,"6-13-25_ZS_RD527_LN_BR",2.5609434790791,0.0603684419630721,48,0.0208333333333333,FALSE,86.2307767705915,"21-V527",FALSE,NA
"1171","NQ","RD527","RD","527","BR",-1,"G08",2025-06-13,"6-13-25_ZS_RD527_LN_BR",2.53451268218221,0.0551478019641874,48,0.0208333333333333,FALSE,85.0143654726805,"21-V527",FALSE,NA
"1172","NQ","RD527","RD","527","BR",-1,"H08",2025-06-13,"6-13-25_ZS_RD527_LN_BR",2.5079902335768,0.0593460408610939,48,0.0208333333333333,FALSE,84.7960198157793,"21-V527",FALSE,NA
"1173","NQ","RD527","RD","527","BR",-2,"E09",2025-06-13,"6-13-25_ZS_RD527_LN_BR",1.93388013739192,0.0482736082049123,48,0.0208333333333333,FALSE,78.0458552943267,"21-V527",FALSE,NA
"1174","NQ","RD527","RD","527","BR",-2,"F09",2025-06-13,"6-13-25_ZS_RD527_LN_BR",6.85594580490158,1.07647552435311,40.200200247926,0.0248754979784359,TRUE,113.291336809145,"21-V527",FALSE,NA
"1175","NQ","RD527","RD","527","BR",-2,"G09",2025-06-13,"6-13-25_ZS_RD527_LN_BR",8.15338743270327,1.38693711985259,46.7085967921097,0.0214093350834493,TRUE,85.47530529139,"21-V527",FALSE,NA
"1176","NQ","RD527","RD","527","BR",-2,"H09",2025-06-13,"6-13-25_ZS_RD527_LN_BR",5.55969946416091,0.743685986211419,25.2956172819809,0.0395325399199623,TRUE,155.468201541508,"21-V527",FALSE,NA
"1177","NQ","RD527","RD","527","LN",-1,"E03",2025-06-13,"6-13-25_ZS_RD527_LN_BR",1.91502361571701,0.056648689690595,48,0.0208333333333333,FALSE,77.3879484473921,"21-V527",FALSE,NA
"1178","NQ","RD527","RD","527","LN",-1,"F03",2025-06-13,"6-13-25_ZS_RD527_LN_BR",2.06471449781309,0.0589395824137608,48,0.0208333333333333,FALSE,80.4577276694354,"21-V527",FALSE,NA
"1179","NQ","RD527","RD","527","LN",-1,"G03",2025-06-13,"6-13-25_ZS_RD527_LN_BR",2.07116197566554,0.0554868048061724,48,0.0208333333333333,FALSE,80.4286919977428,"21-V527",FALSE,NA
"1180","NQ","RD527","RD","527","LN",-1,"H03",2025-06-13,"6-13-25_ZS_RD527_LN_BR",2.11352848886859,0.0552720018888867,48,0.0208333333333333,FALSE,81.6356001628503,"21-V527",FALSE,NA
"1181","NQ","RD527","RD","527","LN",-2,"E04",2025-06-13,"6-13-25_ZS_RD527_LN_BR",2.05922551252847,0.0570401515480941,48,0.0208333333333333,FALSE,80.3456305881407,"21-V527",FALSE,NA
"1182","NQ","RD527","RD","527","LN",-2,"F04",2025-06-13,"6-13-25_ZS_RD527_LN_BR",2.06102502272997,0.0589463836291524,48,0.0208333333333333,FALSE,81.3452225066214,"21-V527",FALSE,NA
"1183","NQ","RD527","RD","527","LN",-2,"G04",2025-06-13,"6-13-25_ZS_RD527_LN_BR",2.04080086148447,0.0626769832090296,48,0.0208333333333333,FALSE,81.6549151477684,"21-V527",FALSE,NA
"1184","NQ","RD527","RD","527","LN",-2,"H04",2025-06-13,"6-13-25_ZS_RD527_LN_BR",2.13761078541679,0.0524576213567746,48,0.0208333333333333,FALSE,83.167813998934,"21-V527",FALSE,NA
"1185","NQ","RD527","RD","527","SK1",-1,"E09",2024-11-26,"11-26-24_ZS_RD1-SK1_RD527-SK1",1.85450136707446,0.0209241112907267,48,0.0208333333333333,FALSE,58.8704385115852,"21-V527",FALSE,NA
"1186","NQ","RD527","RD","527","SK1",-1,"F09",2024-11-26,"11-26-24_ZS_RD1-SK1_RD527-SK1",1.98117880138683,0.0277144901216224,48,0.0208333333333333,FALSE,63.1641939078752,"21-V527",FALSE,NA
"1187","NQ","RD527","RD","527","SK1",-1,"G09",2024-11-26,"11-26-24_ZS_RD1-SK1_RD527-SK1",1.76582998861798,0.0249649997448476,48,0.0208333333333333,FALSE,59.5433677289882,"21-V527",FALSE,NA
"1188","NQ","RD527","RD","527","SK1",-1,"H09",2024-11-26,"11-26-24_ZS_RD1-SK1_RD527-SK1",1.84489787598353,0.0242909753081387,48,0.0208333333333333,FALSE,61.4412519364834,"21-V527",FALSE,NA
"1189","NQ","RD527","RD","527","SK1",-2,"E10",2024-11-26,"11-26-24_ZS_RD1-SK1_RD527-SK1",1.78836857854862,0.0240550401380674,48,0.0208333333333333,FALSE,59.9662676768181,"21-V527",FALSE,NA
"1190","NQ","RD527","RD","527","SK1",-2,"F10",2024-11-26,"11-26-24_ZS_RD1-SK1_RD527-SK1",1.86770473799812,0.0242107694453161,48,0.0208333333333333,FALSE,61.9801488468781,"21-V527",FALSE,NA
"1191","NQ","RD527","RD","527","SK1",-2,"G10",2024-11-26,"11-26-24_ZS_RD1-SK1_RD527-SK1",1.7132063622894,0.0250257027508212,48,0.0208333333333333,FALSE,60.9542477407201,"21-V527",FALSE,NA
"1192","NQ","RD527","RD","527","SK1",-2,"H10",2024-11-26,"11-26-24_ZS_RD1-SK1_RD527-SK1",1.7585143966613,0.0241306569432352,48,0.0208333333333333,FALSE,60.8442688577748,"21-V527",FALSE,NA
"1193","NQ","RD527","RD","527","SK1",-0.301029995663981,"E03",2025-12-10,"12-10-25_ZS_RD527_SK_lowdil",2.35177898702386,0.0634203060322776,48,0.0208333333333333,FALSE,86.1855051799917,"21-V527",FALSE,NA
"1194","NQ","RD527","RD","527","SK1",-0.301029995663981,"F03",2025-12-10,"12-10-25_ZS_RD527_SK_lowdil",2.27311073524191,0.0506564949965314,48,0.0208333333333333,FALSE,81.3754306834555,"21-V527",FALSE,NA
"1195","NQ","RD527","RD","527","SK1",-0.301029995663981,"G03",2025-12-10,"12-10-25_ZS_RD527_SK_lowdil",2.27693383334393,0.0542125421677954,48,0.0208333333333333,FALSE,82.2868373800293,"21-V527",FALSE,NA
"1196","NQ","RD527","RD","527","SK1",-0.301029995663981,"H03",2025-12-10,"12-10-25_ZS_RD527_SK_lowdil",2.23386071697996,0.0489974199193251,48,0.0208333333333333,FALSE,77.619345954716,"21-V527",FALSE,NA
"1197","NQ","RD527","RD","527","SK1",-0.602059991327962,"E04",2025-12-10,"12-10-25_ZS_RD527_SK_lowdil",2.15400496298104,0.0413333152532567,48,0.0208333333333333,FALSE,73.174090798145,"21-V527",FALSE,NA
"1198","NQ","RD527","RD","527","SK1",-0.602059991327962,"F04",2025-12-10,"12-10-25_ZS_RD527_SK_lowdil",2.19716055756324,0.0456192279011071,48,0.0208333333333333,FALSE,71.8569927723283,"21-V527",FALSE,NA
"1199","NQ","RD527","RD","527","SK1",-0.602059991327962,"G04",2025-12-10,"12-10-25_ZS_RD527_SK_lowdil",2.13737350953997,0.0386087103127816,48,0.0208333333333333,FALSE,70.2030011687873,"21-V527",FALSE,NA
"1200","NQ","RD527","RD","527","SK1",-0.602059991327962,"H04",2025-12-10,"12-10-25_ZS_RD527_SK_lowdil",2.09015411226542,0.0368845958359239,48,0.0208333333333333,FALSE,69.7004918254852,"21-V527",FALSE,NA
"1201","NQ","RD527","RD","527","SK1",-0.778151250383644,"E05",2025-12-10,"12-10-25_ZS_RD527_SK_lowdil",2.12999837120287,0.0395548859389563,48,0.0208333333333333,FALSE,69.4363891094551,"21-V527",FALSE,NA
"1202","NQ","RD527","RD","527","SK1",-0.778151250383644,"F05",2025-12-10,"12-10-25_ZS_RD527_SK_lowdil",2.10916191169924,0.0355194942423302,48,0.0208333333333333,FALSE,70.0847282080854,"21-V527",FALSE,NA
"1203","NQ","RD527","RD","527","SK1",-0.778151250383644,"G05",2025-12-10,"12-10-25_ZS_RD527_SK_lowdil",2.07662605822837,0.0379838025099227,48,0.0208333333333333,FALSE,67.9767525294239,"21-V527",FALSE,NA
"1204","NQ","RD527","RD","527","SK1",-0.778151250383644,"H05",2025-12-10,"12-10-25_ZS_RD527_SK_lowdil",2.00392290979319,0.0360952406498395,48,0.0208333333333333,FALSE,64.0320081777581,"21-V527",FALSE,NA
"1205","NQ","RD527","RD","527","SK3",-1,"E07",2024-12-12,"12-12-24_ZS_RD1-SK4_RD527-SK3-4",1.59704549502305,0.0189886916580365,48,0.0208333333333333,FALSE,57.8248174460253,"21-V527",FALSE,NA
"1206","NQ","RD527","RD","527","SK3",-1,"F07",2024-12-12,"12-12-24_ZS_RD1-SK4_RD527-SK3-4",1.53924571740742,0.0174425410699652,48,0.0208333333333333,FALSE,55.9436982967184,"21-V527",FALSE,NA
"1207","NQ","RD527","RD","527","SK3",-1,"G07",2024-12-12,"12-12-24_ZS_RD1-SK4_RD527-SK3-4",1.52444663544491,0.0154925642921699,48,0.0208333333333333,FALSE,56.1820027113631,"21-V527",FALSE,NA
"1208","NQ","RD527","RD","527","SK3",-1,"H07",2024-12-12,"12-12-24_ZS_RD1-SK4_RD527-SK3-4",1.44742681198377,0.0150226175542631,48,0.0208333333333333,FALSE,55.9374419627585,"21-V527",FALSE,NA
"1209","NQ","RD527","RD","527","SK3",-2,"E08",2024-12-12,"12-12-24_ZS_RD1-SK4_RD527-SK3-4",1.583508340928,0.019948664438897,48,0.0208333333333333,FALSE,56.9175875203075,"21-V527",FALSE,NA
"1210","NQ","RD527","RD","527","SK3",-2,"F08",2024-12-12,"12-12-24_ZS_RD1-SK4_RD527-SK3-4",1.56038699751469,0.01789025208095,48,0.0208333333333333,FALSE,56.3991515937512,"21-V527",FALSE,NA
"1211","NQ","RD527","RD","527","SK3",-2,"G08",2024-12-12,"12-12-24_ZS_RD1-SK4_RD527-SK3-4",1.50925507012609,0.0166895065492544,48,0.0208333333333333,FALSE,55.8362364026202,"21-V527",FALSE,NA
"1212","NQ","RD527","RD","527","SK3",-2,"H08",2024-12-12,"12-12-24_ZS_RD1-SK4_RD527-SK3-4",1.46186631214687,0.0164877775388245,48,0.0208333333333333,FALSE,56.3931296310778,"21-V527",FALSE,NA
"1213","NQ","RD527","RD","527","SK3",-0.301029995663981,"E06",2025-12-10,"12-10-25_ZS_RD527_SK_lowdil",2.22698632242201,0.0486245581681267,48,0.0208333333333333,FALSE,77.6110150607037,"21-V527",FALSE,NA
"1214","NQ","RD527","RD","527","SK3",-0.301029995663981,"F06",2025-12-10,"12-10-25_ZS_RD527_SK_lowdil",2.19794227630519,0.0426121429571629,48,0.0208333333333333,FALSE,71.3530914922628,"21-V527",FALSE,NA
"1215","NQ","RD527","RD","527","SK3",-0.301029995663981,"G06",2025-12-10,"12-10-25_ZS_RD527_SK_lowdil",2.13399656600343,0.0462220426668463,48,0.0208333333333333,FALSE,75.636678113322,"21-V527",FALSE,NA
"1216","NQ","RD527","RD","527","SK3",-0.301029995663981,"H06",2025-12-10,"12-10-25_ZS_RD527_SK_lowdil",2.08213747560248,0.0438048557947833,48,0.0208333333333333,FALSE,76.356193683444,"21-V527",FALSE,NA
"1217","NQ","RD527","RD","527","SK3",-0.602059991327962,"E07",2025-12-10,"12-10-25_ZS_RD527_SK_lowdil",2.10728816468284,0.0455500477307425,48,0.0208333333333333,FALSE,71.191268891783,"21-V527",FALSE,NA
"1218","NQ","RD527","RD","527","SK3",-0.602059991327962,"F07",2025-12-10,"12-10-25_ZS_RD527_SK_lowdil",2.10311960187546,0.0428011296646651,48,0.0208333333333333,FALSE,72.0097667496093,"21-V527",FALSE,NA
"1219","NQ","RD527","RD","527","SK3",-0.602059991327962,"G07",2025-12-10,"12-10-25_ZS_RD527_SK_lowdil",2.04045594976072,0.0398198816711427,48,0.0208333333333333,FALSE,69.064901661854,"21-V527",FALSE,NA
"1220","NQ","RD527","RD","527","SK3",-0.602059991327962,"H07",2025-12-10,"12-10-25_ZS_RD527_SK_lowdil",1.98830142351282,0.0372546168059515,48,0.0208333333333333,FALSE,70.2778208991569,"21-V527",FALSE,NA
"1221","NQ","RD527","RD","527","SK3",-0.778151250383644,"E08",2025-12-10,"12-10-25_ZS_RD527_SK_lowdil",2.05770323764321,0.0393152677650479,48,0.0208333333333333,FALSE,69.2006787883017,"21-V527",FALSE,NA
"1222","NQ","RD527","RD","527","SK3",-0.778151250383644,"F08",2025-12-10,"12-10-25_ZS_RD527_SK_lowdil",2.07307617755379,0.0337592057937698,48,0.0208333333333333,FALSE,69.3265167668153,"21-V527",FALSE,NA
"1223","NQ","RD527","RD","527","SK3",-0.778151250383644,"G08",2025-12-10,"12-10-25_ZS_RD527_SK_lowdil",2.01311834378421,0.0337082379483096,48,0.0208333333333333,FALSE,67.0507875485221,"21-V527",FALSE,NA
"1224","NQ","RD527","RD","527","SK3",-0.778151250383644,"H08",2025-12-10,"12-10-25_ZS_RD527_SK_lowdil",1.91858625295387,0.0361838875760585,48,0.0208333333333333,FALSE,69.4326774889551,"21-V527",FALSE,NA
"1225","NQ","RD527","RD","527","SK4",-1,"E10",2024-12-12,"12-12-24_ZS_RD1-SK4_RD527-SK3-4",1.58243063805996,0.0204866068308657,48,0.0208333333333333,FALSE,56.4984937052604,"21-V527",FALSE,NA
"1226","NQ","RD527","RD","527","SK4",-1,"F10",2024-12-12,"12-12-24_ZS_RD1-SK4_RD527-SK3-4",1.55863998278459,0.0146896118490696,48,0.0208333333333333,FALSE,54.945312958507,"21-V527",FALSE,NA
"1227","NQ","RD527","RD","527","SK4",-1,"G10",2024-12-12,"12-12-24_ZS_RD1-SK4_RD527-SK3-4",1.54102737142971,0.0170390513178469,48,0.0208333333333333,FALSE,55.8302882038864,"21-V527",FALSE,NA
"1228","NQ","RD527","RD","527","SK4",-1,"H10",2024-12-12,"12-12-24_ZS_RD1-SK4_RD527-SK3-4",1.49891830739917,0.0152517554073603,48,0.0208333333333333,FALSE,56.3453762603207,"21-V527",FALSE,NA
"1229","NQ","RD527","RD","527","SK4",-2,"E11",2024-12-12,"12-12-24_ZS_RD1-SK4_RD527-SK3-4",1.53542072830229,0.0150458767526944,48,0.0208333333333333,FALSE,55.1888366659156,"21-V527",FALSE,NA
"1230","NQ","RD527","RD","527","SK4",-2,"F11",2024-12-12,"12-12-24_ZS_RD1-SK4_RD527-SK3-4",1.55628553379659,0.0156319009130127,48,0.0208333333333333,FALSE,55.2400238106808,"21-V527",FALSE,NA
"1231","NQ","RD527","RD","527","SK4",-2,"G11",2024-12-12,"12-12-24_ZS_RD1-SK4_RD527-SK3-4",1.53938001617006,0.0155806651635959,48,0.0208333333333333,FALSE,55.2469446964169,"21-V527",FALSE,NA
"1232","NQ","RD527","RD","527","SK4",-2,"H11",2024-12-12,"12-12-24_ZS_RD1-SK4_RD527-SK3-4",1.4814116538031,0.0158028764639264,48,0.0208333333333333,FALSE,56.3954442349615,"21-V527",FALSE,NA
"1233","NQ","RD527","RD","527","SK4",-0.301029995663981,"E09",2025-12-10,"12-10-25_ZS_RD527_SK_lowdil",4.89326027172351,0.61486452589765,40.5356856776674,0.0246696209347937,TRUE,97.9169052456596,"21-V527",FALSE,NA
"1234","NQ","RD527","RD","527","SK4",-0.301029995663981,"F09",2025-12-10,"12-10-25_ZS_RD527_SK_lowdil",2.24203795962,0.0415207155359236,48,0.0208333333333333,FALSE,70.5102639222252,"21-V527",FALSE,NA
"1235","NQ","RD527","RD","527","SK4",-0.301029995663981,"G09",2025-12-10,"12-10-25_ZS_RD527_SK_lowdil",2.1400006161999,0.0404455353464812,48,0.0208333333333333,FALSE,71.1524825153281,"21-V527",FALSE,NA
"1236","NQ","RD527","RD","527","SK4",-0.301029995663981,"H09",2025-12-10,"12-10-25_ZS_RD527_SK_lowdil",2.1491112880378,0.0423957712222992,48,0.0208333333333333,FALSE,71.5013519382092,"21-V527",FALSE,NA
"1237","NQ","RD527","RD","527","SK4",-0.602059991327962,"E10",2025-12-10,"12-10-25_ZS_RD527_SK_lowdil",2.15831179329548,0.0480966590486455,48,0.0208333333333333,FALSE,71.6180913863136,"21-V527",FALSE,NA
"1238","NQ","RD527","RD","527","SK4",-0.602059991327962,"F10",2025-12-10,"12-10-25_ZS_RD527_SK_lowdil",2.10139682349774,0.0459448471293056,48,0.0208333333333333,FALSE,71.9970949361409,"21-V527",FALSE,NA
"1239","NQ","RD527","RD","527","SK4",-0.602059991327962,"G10",2025-12-10,"12-10-25_ZS_RD527_SK_lowdil",2.12601789225527,0.0492317265534474,48,0.0208333333333333,FALSE,73.6068555236418,"21-V527",FALSE,NA
"1240","NQ","RD527","RD","527","SK4",-0.602059991327962,"H10",2025-12-10,"12-10-25_ZS_RD527_SK_lowdil",2.0418245173315,0.0402837147635672,48,0.0208333333333333,FALSE,72.019976550313,"21-V527",FALSE,NA
"1241","NQ","RD527","RD","527","SK4",-0.778151250383644,"E11",2025-12-10,"12-10-25_ZS_RD527_SK_lowdil",2.03831837304434,0.0442734081670899,48,0.0208333333333333,FALSE,70.1106996762373,"21-V527",FALSE,NA
"1242","NQ","RD527","RD","527","SK4",-0.778151250383644,"F11",2025-12-10,"12-10-25_ZS_RD527_SK_lowdil",2.02320837275307,0.0447019867549669,48,0.0208333333333333,FALSE,72.6644357556763,"21-V527",FALSE,NA
"1243","NQ","RD527","RD","527","SK4",-0.778151250383644,"G11",2025-12-10,"12-10-25_ZS_RD527_SK_lowdil",2.00972198703071,0.0497189323080091,48,0.0208333333333333,FALSE,73.9615565638353,"21-V527",FALSE,NA
"1244","NQ","RD527","RD","527","SK4",-0.778151250383644,"H11",2025-12-10,"12-10-25_ZS_RD527_SK_lowdil",2.00196084376927,0.0434036025169777,48,0.0208333333333333,FALSE,72.4095826131781,"21-V527",FALSE,NA
"1245","NQ","RD533","RD","533","LN",-1,"E09",2025-06-09,"6-9-25_ZS_RD231&RD242&RD533_LN",2.56206480455768,0.0865907052803714,48,0.0208333333333333,FALSE,98.967686738408,"21-V533",FALSE,NA
"1246","NQ","RD533","RD","533","LN",-1,"F09",2025-06-09,"6-9-25_ZS_RD231&RD242&RD533_LN",2.53317970946817,0.0825260184912602,48,0.0208333333333333,FALSE,97.5132817813601,"21-V533",FALSE,NA
"1247","NQ","RD533","RD","533","LN",-1,"G09",2025-06-09,"6-9-25_ZS_RD231&RD242&RD533_LN",2.49137982580272,0.0824082009580186,48,0.0208333333333333,FALSE,95.9316265720606,"21-V533",FALSE,NA
"1248","NQ","RD533","RD","533","LN",-1,"H09",2025-06-09,"6-9-25_ZS_RD231&RD242&RD533_LN",2.47557552494024,0.0811382990095758,48,0.0208333333333333,FALSE,95.5357105662511,"21-V533",FALSE,NA
"1249","NQ","RD533","RD","533","LN",-2,"E10",2025-06-09,"6-9-25_ZS_RD231&RD242&RD533_LN",2.11168140377047,0.077673205949799,48,0.0208333333333333,FALSE,86.9811611234875,"21-V533",FALSE,NA
"1250","NQ","RD533","RD","533","LN",-2,"F10",2025-06-09,"6-9-25_ZS_RD231&RD242&RD533_LN",2.17588226199219,0.076604434824063,48,0.0208333333333333,FALSE,88.2469065266127,"21-V533",FALSE,NA
"1251","NQ","RD533","RD","533","LN",-2,"G10",2025-06-09,"6-9-25_ZS_RD231&RD242&RD533_LN",2.20185386056602,0.0784976278911788,48,0.0208333333333333,FALSE,89.0514618873879,"21-V533",FALSE,NA
"1252","NQ","RD533","RD","533","LN",-2,"H10",2025-06-09,"6-9-25_ZS_RD231&RD242&RD533_LN",2.34216198954134,0.0810125122527821,48,0.0208333333333333,FALSE,93.0787244022194,"21-V533",FALSE,NA
"1253","RT","M1","M","1","BR",-1,"A03",2024-06-17,"6-17-24_ZS_Moose1_BR_PosDilution",1.82880434782609,0.00845410628019323,48,0.0208333333333333,FALSE,44.1919157608696,"16-P138",TRUE,"KK 109"
"1254","RT","M1","M","1","BR",-1,"B03",2024-06-17,"6-17-24_ZS_Moose1_BR_PosDilution",1.875,0.00650118203309693,48,0.0208333333333333,FALSE,43.2157579787234,"16-P138",TRUE,"KK 109"
"1255","RT","M1","M","1","BR",-1,"C03",2024-06-17,"6-17-24_ZS_Moose1_BR_PosDilution",1.83376623376623,0.00519480519480517,48,0.0208333333333333,FALSE,42.2629870129871,"16-P138",TRUE,"KK 109"
"1256","RT","M1","M","1","BR",-1,"D03",2024-06-17,"6-17-24_ZS_Moose1_BR_PosDilution",1.79123711340206,0.00515463917525771,48,0.0208333333333333,FALSE,42.3257087628866,"16-P138",TRUE,"KK 109"
"1257","RT","M1","M","1","BR",-2,"A04",2024-06-17,"6-17-24_ZS_Moose1_BR_PosDilution",7.5020325203252,1.44218608852755,5.71977205153617,0.174832142083604,TRUE,233.362042682927,"16-P138",TRUE,"KK 109"
"1258","RT","M1","M","1","BR",-2,"B04",2024-06-17,"6-17-24_ZS_Moose1_BR_PosDilution",8.73588709677419,1.70385304659498,6.99285714285714,0.143003064351379,TRUE,246.318296370968,"16-P138",TRUE,"KK 109"
"1259","RT","M1","M","1","BR",-2,"C04",2024-06-17,"6-17-24_ZS_Moose1_BR_PosDilution",11.4415322580645,2.29121863799283,5.51709677419355,0.181254750628545,TRUE,444.391633064516,"16-P138",TRUE,"KK 109"
"1260","RT","M1","M","1","BR",-2,"D04",2024-06-17,"6-17-24_ZS_Moose1_BR_PosDilution",11.9375,2.37455197132616,6.3544758812616,0.157369391069506,TRUE,453.336441532259,"16-P138",TRUE,"KK 109"
"1261","RT","M1","M","1","LN",-1,"A03",2024-06-17,"6-17-24_ZS_Moose1_LN_PosDilution",27.8220064724919,5.94174757281553,20.4371542716656,0.0489304913349122,TRUE,466.053398058253,"16-P138",TRUE,"KK 109"
"1262","RT","M1","M","1","LN",-1,"B03",2024-06-17,"6-17-24_ZS_Moose1_LN_PosDilution",30.3171521035599,6.50413520316433,25.7941006362059,0.038768554643706,TRUE,555.266990291262,"16-P138",TRUE,"KK 109"
"1263","RT","M1","M","1","LN",-1,"C03",2024-06-17,"6-17-24_ZS_Moose1_LN_PosDilution",34.1464968152866,7.34677990092003,13.9391100702576,0.0717405913978495,TRUE,752.078025477707,"16-P138",TRUE,"KK 109"
"1264","RT","M1","M","1","LN",-1,"D03",2024-06-17,"6-17-24_ZS_Moose1_LN_PosDilution",29.444099378882,6.30848861283644,14.4708811104406,0.0691042924316829,TRUE,550.973990683229,"16-P138",TRUE,"KK 109"
"1265","RT","M1","M","1","LN",-2,"A04",2024-06-17,"6-17-24_ZS_Moose1_LN_PosDilution",1.768,0.0225185185185185,48,0.0208333333333333,FALSE,52.989,"16-P138",TRUE,"KK 109"
"1266","RT","M1","M","1","LN",-2,"B04",2024-06-17,"6-17-24_ZS_Moose1_LN_PosDilution",1.69876543209877,0.0373113854595336,48,0.0208333333333333,FALSE,49.7388888888888,"16-P138",TRUE,"KK 109"
"1267","RT","M1","M","1","LN",-2,"C04",2024-06-17,"6-17-24_ZS_Moose1_LN_PosDilution",1.84097035040431,0.0251572327044025,48,0.0208333333333333,FALSE,52.2938005390836,"16-P138",TRUE,"KK 109"
"1268","RT","M1","M","1","LN",-2,"D04",2024-06-17,"6-17-24_ZS_Moose1_LN_PosDilution",5.93417721518987,0.89732770745429,29.5083135391924,0.0338887547291314,TRUE,136.15253164557,"16-P138",TRUE,"KK 109"
"1269","RT","M10","M","10","BR",-1,"A03",2024-10-29,"10-29-24_ZS_M10_BR_Dilution",2.03743373130469,0.00950629522673833,48,0.0208333333333333,FALSE,45.8362220378432,"22-CD29",TRUE,"QQ 109"
"1270","RT","M10","M","10","BR",-1,"B03",2024-10-29,"10-29-24_ZS_M10_BR_Dilution",2.01612920352103,0.0167273679702404,48,0.0208333333333333,FALSE,44.7259482145322,"22-CD29",TRUE,"QQ 109"
"1271","RT","M10","M","10","BR",-1,"C03",2024-10-29,"10-29-24_ZS_M10_BR_Dilution",2.0159645232816,0.0106383228334448,48,0.0208333333333333,FALSE,45.3651805511561,"22-CD29",TRUE,"QQ 109"
"1272","RT","M10","M","10","BR",-1,"D03",2024-10-29,"10-29-24_ZS_M10_BR_Dilution",2.07735139037784,0.0122786930278124,48,0.0208333333333333,FALSE,46.5228821624696,"22-CD29",TRUE,"QQ 109"
"1273","RT","M10","M","10","BR",-2,"A04",2024-10-29,"10-29-24_ZS_M10_BR_Dilution",8.62832188054464,1.70395276419018,21.4635319056024,0.0465906545296481,TRUE,181.152878799761,"22-CD29",TRUE,"QQ 109"
"1274","RT","M10","M","10","BR",-2,"B04",2024-10-29,"10-29-24_ZS_M10_BR_Dilution",1.7967284861327,0.166849847679212,48,0.0208333333333333,FALSE,46.564129444615,"22-CD29",TRUE,"QQ 109"
"1275","RT","M10","M","10","BR",-2,"C04",2024-10-29,"10-29-24_ZS_M10_BR_Dilution",1.77048467294708,0.00582789370958728,48,0.0208333333333333,FALSE,45.3490920413994,"22-CD29",TRUE,"QQ 109"
"1276","RT","M10","M","10","BR",-2,"D04",2024-10-29,"10-29-24_ZS_M10_BR_Dilution",1.70570289579617,0.00632896998287798,48,0.0208333333333333,FALSE,45.2731366414223,"22-CD29",TRUE,"QQ 109"
"1277","RT","M10","M","10","Ear",-1,"A03",2025-02-19,"2-19-25_ZS_M10&M12_EarSkin",1.72055099767041,0.0136849094612692,48,0.0208333333333333,FALSE,49.8646308113036,"22-CD29",TRUE,"QQ 109"
"1278","RT","M10","M","10","Ear",-1,"B03",2025-02-19,"2-19-25_ZS_M10&M12_EarSkin",1.67086806261435,0.00844796819588447,48,0.0208333333333333,FALSE,47.9494943077862,"22-CD29",TRUE,"QQ 109"
"1279","RT","M10","M","10","Ear",-1,"C03",2025-02-19,"2-19-25_ZS_M10&M12_EarSkin",3.10252463054187,0.468345192483124,48,0.0208333333333333,FALSE,57.5270166256157,"22-CD29",TRUE,"QQ 109"
"1280","RT","M10","M","10","Ear",-1,"D03",2025-02-19,"2-19-25_ZS_M10&M12_EarSkin",1.68935643564356,0.0156765676567657,48,0.0208333333333333,FALSE,50.1912128712871,"22-CD29",TRUE,"QQ 109"
"1281","RT","M10","M","10","Ear",-2,"A04",2025-02-19,"2-19-25_ZS_M10&M12_EarSkin",1.67492260061919,0.0189087519557908,48,0.0208333333333333,FALSE,48.9929092180166,"22-CD29",TRUE,"QQ 109"
"1282","RT","M10","M","10","Ear",-2,"B04",2025-02-19,"2-19-25_ZS_M10&M12_EarSkin",1.71106699751861,0.00659498207885307,48,0.0208333333333333,FALSE,47.9118982630273,"22-CD29",TRUE,"QQ 109"
"1283","RT","M10","M","10","Ear",-2,"C04",2025-02-19,"2-19-25_ZS_M10&M12_EarSkin",1.66113999803787,0.0105301023578273,48,0.0208333333333333,FALSE,46.9838246836064,"22-CD29",TRUE,"QQ 109"
"1284","RT","M10","M","10","Ear",-2,"D04",2025-02-19,"2-19-25_ZS_M10&M12_EarSkin",1.66337697869846,0.0165461533450589,48,0.0208333333333333,FALSE,46.7464578854798,"22-CD29",TRUE,"QQ 109"
"1285","RT","M10","M","10","Ear",-0.301029995663981,"A06",2026-03-16,"3-16-26_ZS_Pos_Moose_Ear_lowdil",1.44701781944922,0.011772727024801,48,0.0208333333333333,FALSE,48.593512836876,"22-CD29",TRUE,"QQ 109"
"1286","RT","M10","M","10","Ear",-0.301029995663981,"B06",2026-03-16,"3-16-26_ZS_Pos_Moose_Ear_lowdil",1.4818550608504,0.0110025987323528,48,0.0208333333333333,FALSE,49.0533655531627,"22-CD29",TRUE,"QQ 109"
"1287","RT","M10","M","10","Ear",-0.301029995663981,"C06",2026-03-16,"3-16-26_ZS_Pos_Moose_Ear_lowdil",1.45723319226653,0.0102357986748666,48,0.0208333333333333,FALSE,48.8683586500791,"22-CD29",TRUE,"QQ 109"
"1288","RT","M10","M","10","Ear",-0.301029995663981,"D06",2026-03-16,"3-16-26_ZS_Pos_Moose_Ear_lowdil",1.49323963797078,0.0112599990379893,48,0.0208333333333333,FALSE,49.358028622054,"22-CD29",TRUE,"QQ 109"
"1289","RT","M10","M","10","Ear",-0.602059991327962,"A07",2026-03-16,"3-16-26_ZS_Pos_Moose_Ear_lowdil",1.51651131565121,0.0160151005078908,48,0.0208333333333333,FALSE,49.5888553484209,"22-CD29",TRUE,"QQ 109"
"1290","RT","M10","M","10","Ear",-0.602059991327962,"B07",2026-03-16,"3-16-26_ZS_Pos_Moose_Ear_lowdil",5.1571286579888,0.923171350718802,28.3798294243759,0.0352362935325145,TRUE,108.939413813865,"22-CD29",TRUE,"QQ 109"
"1291","RT","M10","M","10","Ear",-0.602059991327962,"C07",2026-03-16,"3-16-26_ZS_Pos_Moose_Ear_lowdil",4.44066822945139,0.776520755284179,43.3040239105114,0.0230925422096228,TRUE,63.1778632779565,"22-CD29",TRUE,"QQ 109"
"1292","RT","M10","M","10","Ear",-0.602059991327962,"D07",2026-03-16,"3-16-26_ZS_Pos_Moose_Ear_lowdil",1.47647995090801,0.0169925616260017,48,0.0208333333333333,FALSE,48.7038108616027,"22-CD29",TRUE,"QQ 109"
"1293","RT","M10","M","10","Ear",-0.778151250383644,"A08",2026-03-16,"3-16-26_ZS_Pos_Moose_Ear_lowdil",1.52478857791589,0.0187887981305274,48,0.0208333333333333,FALSE,50.1135930690116,"22-CD29",TRUE,"QQ 109"
"1294","RT","M10","M","10","Ear",-0.778151250383644,"B08",2026-03-16,"3-16-26_ZS_Pos_Moose_Ear_lowdil",2.32687150267722,0.301630459999443,48,0.0208333333333333,FALSE,48.7428522378226,"22-CD29",TRUE,"QQ 109"
"1295","RT","M10","M","10","Ear",-0.778151250383644,"C08",2026-03-16,"3-16-26_ZS_Pos_Moose_Ear_lowdil",1.45430007446016,0.019082485314801,48,0.0208333333333333,FALSE,48.0282122580045,"22-CD29",TRUE,"QQ 109"
"1296","RT","M10","M","10","Ear",-0.778151250383644,"D08",2026-03-16,"3-16-26_ZS_Pos_Moose_Ear_lowdil",1.53488141901255,0.0161495383018129,48,0.0208333333333333,FALSE,49.8629773429149,"22-CD29",TRUE,"QQ 109"
"1297","RT","M10","M","10","LN",-1,"A08",2024-07-10,"7-10-24_ZS_M285&M10_LN_Dilution",1.7516339869281,0.0246913580246913,48,0.0208333333333333,FALSE,43.1004901960783,"22-CD29",TRUE,"QQ 109"
"1298","RT","M10","M","10","LN",-1,"B08",2024-07-10,"7-10-24_ZS_M285&M10_LN_Dilution",1.91946308724832,0.0253542132736763,48,0.0208333333333333,FALSE,44.1191275167786,"22-CD29",TRUE,"QQ 109"
"1299","RT","M10","M","10","LN",-1,"C08",2024-07-10,"7-10-24_ZS_M285&M10_LN_Dilution",1.75641025641026,0.0128205128205128,48,0.0208333333333333,FALSE,41.8509615384615,"22-CD29",TRUE,"QQ 109"
"1300","RT","M10","M","10","LN",-1,"D08",2024-07-10,"7-10-24_ZS_M285&M10_LN_Dilution",1.74675324675325,0.0101010101010101,48,0.0208333333333333,FALSE,42.7183441558442,"22-CD29",TRUE,"QQ 109"
"1301","RT","M10","M","10","LN",-2,"A09",2024-07-10,"7-10-24_ZS_M285&M10_LN_Dilution",1.3347280334728,0.0362622036262203,48,0.0208333333333333,FALSE,46.9534518828451,"22-CD29",TRUE,"QQ 109"
"1302","RT","M10","M","10","LN",-2,"B09",2024-07-10,"7-10-24_ZS_M285&M10_LN_Dilution",1.43096234309623,0.0446304044630404,48,0.0208333333333333,FALSE,46.9205020920502,"22-CD29",TRUE,"QQ 109"
"1303","RT","M10","M","10","LN",-2,"C09",2024-07-10,"7-10-24_ZS_M285&M10_LN_Dilution",1.32677165354331,0.0349956255468067,48,0.0208333333333333,FALSE,43.2416338582677,"22-CD29",TRUE,"QQ 109"
"1304","RT","M10","M","10","LN",-2,"D09",2024-07-10,"7-10-24_ZS_M285&M10_LN_Dilution",2.85,0.437962962962963,48,0.0208333333333333,FALSE,55.459375,"22-CD29",TRUE,"QQ 109"
"1305","RT","M10","M","10","SK1",-1,"A08",2024-11-26,"11-26-24_ZS_M9-SK3_M10-SK1",3.54953064715007,0.428244699892606,48,0.0208333333333333,FALSE,75.7730562129589,"22-CD29",TRUE,"QQ 109"
"1306","RT","M10","M","10","SK1",-1,"B08",2024-11-26,"11-26-24_ZS_M9-SK3_M10-SK1",1.6037296037296,0.0523180523180523,48,0.0208333333333333,FALSE,49.1293706293707,"22-CD29",TRUE,"QQ 109"
"1307","RT","M10","M","10","SK1",-1,"C08",2024-11-26,"11-26-24_ZS_M9-SK3_M10-SK1",1.62849599332994,0.0425751797468876,48,0.0208333333333333,FALSE,48.3064546759924,"22-CD29",TRUE,"QQ 109"
"1308","RT","M10","M","10","SK1",-1,"D08",2024-11-26,"11-26-24_ZS_M9-SK3_M10-SK1",1.61485391105707,0.050528311001396,48,0.0208333333333333,FALSE,49.5313985298994,"22-CD29",TRUE,"QQ 109"
"1309","RT","M10","M","10","SK1",-2,"A09",2024-11-26,"11-26-24_ZS_M9-SK3_M10-SK1",2.02972313096513,0.0466219961891772,48,0.0208333333333333,FALSE,73.9223459077618,"22-CD29",TRUE,"QQ 109"
"1310","RT","M10","M","10","SK1",-2,"B09",2024-11-26,"11-26-24_ZS_M9-SK3_M10-SK1",1.64835799350415,0.0410261036930109,48,0.0208333333333333,FALSE,48.1337130097437,"22-CD29",TRUE,"QQ 109"
"1311","RT","M10","M","10","SK1",-2,"C09",2024-11-26,"11-26-24_ZS_M9-SK3_M10-SK1",1.79612648981161,0.0361378102439233,48,0.0208333333333333,FALSE,51.9313256920416,"22-CD29",TRUE,"QQ 109"
"1312","RT","M10","M","10","SK1",-2,"D09",2024-11-26,"11-26-24_ZS_M9-SK3_M10-SK1",1.74326985583725,0.0358601115742334,48,0.0208333333333333,FALSE,51.7259521624412,"22-CD29",TRUE,"QQ 109"
"1313","RT","M10","M","10","SK1",-0.301029995663981,"A03",2026-03-16,"3-16-26_ZS_M10_SK1-3_lowdil",1.52293649860932,0.0112147051270332,48,0.0208333333333333,FALSE,44.4253547714185,"22-CD29",TRUE,"QQ 109"
"1314","RT","M10","M","10","SK1",-0.301029995663981,"B03",2026-03-16,"3-16-26_ZS_M10_SK1-3_lowdil",1.49523583130287,0.00635002388137232,48,0.0208333333333333,FALSE,45.4087515599929,"22-CD29",TRUE,"QQ 109"
"1315","RT","M10","M","10","SK1",-0.301029995663981,"C03",2026-03-16,"3-16-26_ZS_M10_SK1-3_lowdil",11.2696568495001,2.25491146998848,46.8654844705946,0.02133766483578,TRUE,57.7171632407042,"22-CD29",TRUE,"QQ 109"
"1316","RT","M10","M","10","SK1",-0.301029995663981,"D03",2026-03-16,"3-16-26_ZS_M10_SK1-3_lowdil",1.53050724859154,0.00938858721798298,48,0.0208333333333333,FALSE,46.7322580152205,"22-CD29",TRUE,"QQ 109"
"1317","RT","M10","M","10","SK1",-0.602059991327962,"A04",2026-03-16,"3-16-26_ZS_M10_SK1-3_lowdil",1.51481577407503,0.00987611687200165,48,0.0208333333333333,FALSE,45.9569627902961,"22-CD29",TRUE,"QQ 109"
"1318","RT","M10","M","10","SK1",-0.602059991327962,"B04",2026-03-16,"3-16-26_ZS_M10_SK1-3_lowdil",1.49999509260259,0.00576237509310423,48,0.0208333333333333,FALSE,45.4749121575863,"22-CD29",TRUE,"QQ 109"
"1319","RT","M10","M","10","SK1",-0.602059991327962,"C04",2026-03-16,"3-16-26_ZS_M10_SK1-3_lowdil",1.5427527501053,0.0148696699873637,48,0.0208333333333333,FALSE,46.7817376355462,"22-CD29",TRUE,"QQ 109"
"1320","RT","M10","M","10","SK1",-0.602059991327962,"D04",2026-03-16,"3-16-26_ZS_M10_SK1-3_lowdil",1.46763169246992,0.00879174721862734,48,0.0208333333333333,FALSE,46.1156389301634,"22-CD29",TRUE,"QQ 109"
"1321","RT","M10","M","10","SK1",-0.778151250383644,"A05",2026-03-16,"3-16-26_ZS_M10_SK1-3_lowdil",1.54333631310972,0.0170365476051667,48,0.0208333333333333,FALSE,49.4711706634537,"22-CD29",TRUE,"QQ 109"
"1322","RT","M10","M","10","SK1",-0.778151250383644,"B05",2026-03-16,"3-16-26_ZS_M10_SK1-3_lowdil",8.77939685884891,1.72321742184756,41.7131650536824,0.0239732467846317,TRUE,94.0719893120577,"22-CD29",TRUE,"QQ 109"
"1323","RT","M10","M","10","SK1",-0.778151250383644,"C05",2026-03-16,"3-16-26_ZS_M10_SK1-3_lowdil",1.55863150634454,0.0275869743457306,48,0.0208333333333333,FALSE,49.3061879363941,"22-CD29",TRUE,"QQ 109"
"1324","RT","M10","M","10","SK1",-0.778151250383644,"D05",2026-03-16,"3-16-26_ZS_M10_SK1-3_lowdil",1.53846590371702,0.024086509662978,48,0.0208333333333333,FALSE,49.8488744916297,"22-CD29",TRUE,"QQ 109"
"1325","RT","M10","M","10","SK3",-1,"A09",2024-12-12,"12-12-24_ZS_M6-SK4_M10-SK3",1.58448521635168,0.0381661838414494,48,0.0208333333333333,FALSE,51.5422092702441,"22-CD29",TRUE,"QQ 109"
"1326","RT","M10","M","10","SK3",-1,"B09",2024-12-12,"12-12-24_ZS_M6-SK4_M10-SK3",1.62268056687367,0.0322485635099792,48,0.0208333333333333,FALSE,48.9130792143199,"22-CD29",TRUE,"QQ 109"
"1327","RT","M10","M","10","SK3",-1,"C09",2024-12-12,"12-12-24_ZS_M6-SK4_M10-SK3",1.60749710281141,0.0449984335410792,48,0.0208333333333333,FALSE,49.4100114975043,"22-CD29",TRUE,"QQ 109"
"1328","RT","M10","M","10","SK3",-1,"D09",2024-12-12,"12-12-24_ZS_M6-SK4_M10-SK3",1.6532721010333,0.0407613796765599,48,0.0208333333333333,FALSE,48.9969792220885,"22-CD29",TRUE,"QQ 109"
"1329","RT","M10","M","10","SK3",-2,"A10",2024-12-12,"12-12-24_ZS_M6-SK4_M10-SK3",1.62141262171462,0.0377142462031546,48,0.0208333333333333,FALSE,51.9352487370963,"22-CD29",TRUE,"QQ 109"
"1330","RT","M10","M","10","SK3",-2,"B10",2024-12-12,"12-12-24_ZS_M6-SK4_M10-SK3",1.71601796965291,0.0334414495022928,48,0.0208333333333333,FALSE,48.5123273403423,"22-CD29",TRUE,"QQ 109"
"1331","RT","M10","M","10","SK3",-2,"C10",2024-12-12,"12-12-24_ZS_M6-SK4_M10-SK3",1.6459780859842,0.0475093305848431,48,0.0208333333333333,FALSE,44.8655901413895,"22-CD29",TRUE,"QQ 109"
"1332","RT","M10","M","10","SK3",-2,"D10",2024-12-12,"12-12-24_ZS_M6-SK4_M10-SK3",1.70793647919458,0.0410173147108649,48,0.0208333333333333,FALSE,45.9697640151378,"22-CD29",TRUE,"QQ 109"
"1333","RT","M10","M","10","SK3",-0.301029995663981,"A06",2026-03-16,"3-16-26_ZS_M10_SK1-3_lowdil",1.53153449599649,0.039038182638051,48,0.0208333333333333,FALSE,50.3988483053636,"22-CD29",TRUE,"QQ 109"
"1334","RT","M10","M","10","SK3",-0.301029995663981,"A09",2026-03-16,"3-16-26_ZS_M10_SK1-3_lowdil",1.5338694617632,0.0132816169080137,48,0.0208333333333333,FALSE,51.5573815547725,"22-CD29",TRUE,"QQ 109"
"1335","RT","M10","M","10","SK3",-0.301029995663981,"B06",2026-03-16,"3-16-26_ZS_M10_SK1-3_lowdil",1.55813294756755,0.0175707771179744,48,0.0208333333333333,FALSE,49.3899176538426,"22-CD29",TRUE,"QQ 109"
"1336","RT","M10","M","10","SK3",-0.301029995663981,"B09",2026-03-16,"3-16-26_ZS_M10_SK1-3_lowdil",1.55599944895991,0.0124443219910915,48,0.0208333333333333,FALSE,49.8345944935351,"22-CD29",TRUE,"QQ 109"
"1337","RT","M10","M","10","SK3",-0.301029995663981,"C06",2026-03-16,"3-16-26_ZS_M10_SK1-3_lowdil",1.56018130102928,0.0102882763669766,48,0.0208333333333333,FALSE,49.3053175325871,"22-CD29",TRUE,"QQ 109"
"1338","RT","M10","M","10","SK3",-0.301029995663981,"C09",2026-03-16,"3-16-26_ZS_M10_SK1-3_lowdil",1.56327031622582,0.0172338429927145,48,0.0208333333333333,FALSE,50.9252535440835,"22-CD29",TRUE,"QQ 109"
"1339","RT","M10","M","10","SK3",-0.301029995663981,"D06",2026-03-16,"3-16-26_ZS_M10_SK1-3_lowdil",1.52888951664161,0.00790295839680922,48,0.0208333333333333,FALSE,48.3066352061663,"22-CD29",TRUE,"QQ 109"
"1340","RT","M10","M","10","SK3",-0.301029995663981,"D09",2026-03-16,"3-16-26_ZS_M10_SK1-3_lowdil",1.51777912796922,0.0175653476582215,48,0.0208333333333333,FALSE,49.8910793333912,"22-CD29",TRUE,"QQ 109"
"1341","RT","M10","M","10","SK3",-0.602059991327962,"A07",2026-03-16,"3-16-26_ZS_M10_SK1-3_lowdil",1.48056317565307,0.0164891476004924,48,0.0208333333333333,FALSE,48.3418947916766,"22-CD29",TRUE,"QQ 109"
"1342","RT","M10","M","10","SK3",-0.602059991327962,"A10",2026-03-16,"3-16-26_ZS_M10_SK1-3_lowdil",2.60068563914718,0.303240349394195,48,0.0208333333333333,FALSE,54.1690335305721,"22-CD29",TRUE,"QQ 109"
"1343","RT","M10","M","10","SK3",-0.602059991327962,"B07",2026-03-16,"3-16-26_ZS_M10_SK1-3_lowdil",1.47535816618911,0.0187797188074478,48,0.0208333333333333,FALSE,47.7189666327757,"22-CD29",TRUE,"QQ 109"
"1344","RT","M10","M","10","SK3",-0.602059991327962,"B10",2026-03-16,"3-16-26_ZS_M10_SK1-3_lowdil",1.51388916329151,0.0162029262295982,48,0.0208333333333333,FALSE,50.3360725575423,"22-CD29",TRUE,"QQ 109"
"1345","RT","M10","M","10","SK3",-0.602059991327962,"C07",2026-03-16,"3-16-26_ZS_M10_SK1-3_lowdil",1.53984897311337,0.0185186966582763,48,0.0208333333333333,FALSE,49.449634457217,"22-CD29",TRUE,"QQ 109"
"1346","RT","M10","M","10","SK3",-0.602059991327962,"C10",2026-03-16,"3-16-26_ZS_M10_SK1-3_lowdil",1.47440146303878,0.0273051060919722,48,0.0208333333333333,FALSE,49.3948777397165,"22-CD29",TRUE,"QQ 109"
"1347","RT","M10","M","10","SK3",-0.602059991327962,"D07",2026-03-16,"3-16-26_ZS_M10_SK1-3_lowdil",1.54710712600283,0.0185181689476168,48,0.0208333333333333,FALSE,49.0421425200566,"22-CD29",TRUE,"QQ 109"
"1348","RT","M10","M","10","SK3",-0.602059991327962,"D10",2026-03-16,"3-16-26_ZS_M10_SK1-3_lowdil",4.63823032161673,0.766021860501691,40.8799440716734,0.0244618729968597,TRUE,76.450168819297,"22-CD29",TRUE,"QQ 109"
"1349","RT","M10","M","10","SK3",-0.778151250383644,"A08",2026-03-16,"3-16-26_ZS_M10_SK1-3_lowdil",5.62540546098694,0.99442351575053,40.2306995808807,0.0248566395916029,TRUE,84.5240542359572,"22-CD29",TRUE,"QQ 109"
"1350","RT","M10","M","10","SK3",-0.778151250383644,"A11",2026-03-16,"3-16-26_ZS_M10_SK1-3_lowdil",1.47697793250604,0.0285082656917123,48,0.0208333333333333,FALSE,49.3693638048178,"22-CD29",TRUE,"QQ 109"
"1351","RT","M10","M","10","SK3",-0.778151250383644,"B08",2026-03-16,"3-16-26_ZS_M10_SK1-3_lowdil",1.58131524107678,0.0223002498363851,48,0.0208333333333333,FALSE,49.9644902988839,"22-CD29",TRUE,"QQ 109"
"1352","RT","M10","M","10","SK3",-0.778151250383644,"B11",2026-03-16,"3-16-26_ZS_M10_SK1-3_lowdil",19.1282682193839,4.01461515986309,21.9435485762792,0.0455714806802485,TRUE,408.574315599173,"22-CD29",TRUE,"QQ 109"
"1353","RT","M10","M","10","SK3",-0.778151250383644,"C08",2026-03-16,"3-16-26_ZS_M10_SK1-3_lowdil",1.52684665763948,0.0275912467030824,48,0.0208333333333333,FALSE,49.2294850360627,"22-CD29",TRUE,"QQ 109"
"1354","RT","M10","M","10","SK3",-0.778151250383644,"C11",2026-03-16,"3-16-26_ZS_M10_SK1-3_lowdil",3.88158570206293,0.611112167400788,48,0.0208333333333333,FALSE,64.5310794752354,"22-CD29",TRUE,"QQ 109"
"1355","RT","M10","M","10","SK3",-0.778151250383644,"D08",2026-03-16,"3-16-26_ZS_M10_SK1-3_lowdil",14.6883870011487,3.04110209442406,45.4015853736496,0.0220256625791835,TRUE,77.1602831919072,"22-CD29",TRUE,"QQ 109"
"1356","RT","M10","M","10","SK3",-0.778151250383644,"D11",2026-03-16,"3-16-26_ZS_M10_SK1-3_lowdil",1.45602459251882,0.0166482584555405,48,0.0208333333333333,FALSE,49.3936431020284,"22-CD29",TRUE,"QQ 109"
"1357","RT","M10","M","10","SK4",-1,"A08",2025-05-09,"5-9-25_ZS_R7-SK4_M10-SK4",1.54568551802014,0.0321612663760024,48,0.0208333333333333,FALSE,50.7576103321727,"22-CD29",TRUE,"QQ 109"
"1358","RT","M10","M","10","SK4",-1,"B08",2025-05-09,"5-9-25_ZS_R7-SK4_M10-SK4",1.5481074833863,0.0372831658587221,48,0.0208333333333333,FALSE,51.3780699219878,"22-CD29",TRUE,"QQ 109"
"1359","RT","M10","M","10","SK4",-1,"C08",2025-05-09,"5-9-25_ZS_R7-SK4_M10-SK4",1.54872840225199,0.0332621497443862,48,0.0208333333333333,FALSE,50.5479761211416,"22-CD29",TRUE,"QQ 109"
"1360","RT","M10","M","10","SK4",-1,"D08",2025-05-09,"5-9-25_ZS_R7-SK4_M10-SK4",1.51992337164751,0.0308854831843338,48,0.0208333333333333,FALSE,50.6899784482758,"22-CD29",TRUE,"QQ 109"
"1361","RT","M10","M","10","SK4",-2,"A09",2025-05-09,"5-9-25_ZS_R7-SK4_M10-SK4",1.55893247221958,0.0373571405958147,48,0.0208333333333333,FALSE,51.5206691043784,"22-CD29",TRUE,"QQ 109"
"1362","RT","M10","M","10","SK4",-2,"B09",2025-05-09,"5-9-25_ZS_R7-SK4_M10-SK4",1.55302241982783,0.029178360083667,48,0.0208333333333333,FALSE,49.2875437517737,"22-CD29",TRUE,"QQ 109"
"1363","RT","M10","M","10","SK4",-2,"C09",2025-05-09,"5-9-25_ZS_R7-SK4_M10-SK4",1.56420646406175,0.0270783084097122,48,0.0208333333333333,FALSE,50.4165701881332,"22-CD29",TRUE,"QQ 109"
"1364","RT","M10","M","10","SK4",-2,"D09",2025-05-09,"5-9-25_ZS_R7-SK4_M10-SK4",1.50493827160494,0.0313179276142239,48,0.0208333333333333,FALSE,50.062037037037,"22-CD29",TRUE,"QQ 109"
"1365","RT","M12","M","12","BR",-1,"A03",2025-06-05,"6-5-25_ZS_M12_BR",2.50424923536823,0.029587656696814,48,0.0208333333333333,FALSE,39.6204012037055,"23-CD8963",TRUE,"KK 109"
"1366","RT","M12","M","12","BR",-1,"B03",2025-06-05,"6-5-25_ZS_M12_BR",2.77170442794228,0.0228651532299323,48,0.0208333333333333,FALSE,40.1623881230665,"23-CD8963",TRUE,"KK 109"
"1367","RT","M12","M","12","BR",-1,"C03",2025-06-05,"6-5-25_ZS_M12_BR",2.85573739486703,0.0189434938517197,48,0.0208333333333333,FALSE,42.2458970796333,"23-CD8963",TRUE,"KK 109"
"1368","RT","M12","M","12","BR",-1,"D03",2025-06-05,"6-5-25_ZS_M12_BR",2.55015363541163,0.00810525838324295,48,0.0208333333333333,FALSE,38.949864505365,"23-CD8963",TRUE,"KK 109"
"1369","RT","M12","M","12","BR",-2,"A04",2025-06-05,"6-5-25_ZS_M12_BR",7.50276452685149,1.34847593805727,6.675663412548,0.149797846026859,TRUE,262.887491152266,"23-CD8963",TRUE,"KK 109"
"1370","RT","M12","M","12","BR",-2,"B04",2025-06-05,"6-5-25_ZS_M12_BR",6.68858171239571,1.21222611854604,7.20610466908278,0.138771228829137,TRUE,248.429083419417,"23-CD8963",TRUE,"KK 109"
"1371","RT","M12","M","12","BR",-2,"C04",2025-06-05,"6-5-25_ZS_M12_BR",7.58046948533564,1.45469150676221,6.91586876850854,0.144594993553595,TRUE,273.185118571402,"23-CD8963",TRUE,"KK 109"
"1372","RT","M12","M","12","BR",-2,"D04",2025-06-05,"6-5-25_ZS_M12_BR",7.67495650798671,1.46082518093431,6.37617465208714,0.15683384702655,TRUE,268.040446513296,"23-CD8963",TRUE,"KK 109"
"1373","RT","M12","M","12","Ear",-1,"A08",2025-02-19,"2-19-25_ZS_M10&M12_EarSkin",6.76069651741294,1.27849640685462,22.3084382135101,0.0448260873499606,TRUE,163.716268656716,"23-CD8963",TRUE,"KK 109"
"1374","RT","M12","M","12","Ear",-1,"B08",2025-02-19,"2-19-25_ZS_M10&M12_EarSkin",5.0120066922547,0.886155124714322,39.9368976343458,0.0250395012941616,TRUE,78.0318128136994,"23-CD8963",TRUE,"KK 109"
"1375","RT","M12","M","12","Ear",-1,"C08",2025-02-19,"2-19-25_ZS_M10&M12_EarSkin",5.06240683692736,0.896087979065222,24.7402381304541,0.0404199828120913,TRUE,110.315624068369,"23-CD8963",TRUE,"KK 109"
"1376","RT","M12","M","12","Ear",-1,"D08",2025-02-19,"2-19-25_ZS_M10&M12_EarSkin",5.16207832493214,0.925444832191633,34.307611761689,0.0291480504952166,TRUE,91.3616469561846,"23-CD8963",TRUE,"KK 109"
"1377","RT","M12","M","12","Ear",-2,"A09",2025-02-19,"2-19-25_ZS_M10&M12_EarSkin",1.60276549713103,0.0126882597017109,48,0.0208333333333333,FALSE,46.1314199040542,"23-CD8963",TRUE,"KK 109"
"1378","RT","M12","M","12","Ear",-2,"B09",2025-02-19,"2-19-25_ZS_M10&M12_EarSkin",1.64309063893016,0.0162896923669583,48,0.0208333333333333,FALSE,46.9284546805349,"23-CD8963",TRUE,"KK 109"
"1379","RT","M12","M","12","Ear",-2,"C09",2025-02-19,"2-19-25_ZS_M10&M12_EarSkin",2.90452554744526,0.377118140037848,48,0.0208333333333333,FALSE,67.6487591240875,"23-CD8963",TRUE,"KK 109"
"1380","RT","M12","M","12","Ear",-2,"D09",2025-02-19,"2-19-25_ZS_M10&M12_EarSkin",3.21986383660392,0.491100431629066,48,0.0208333333333333,FALSE,81.6962354825791,"23-CD8963",TRUE,"KK 109"
"1381","RT","M12","M","12","Ear",-0.301029995663981,"A09",2026-03-16,"3-16-26_ZS_Pos_Moose_Ear_lowdil",7.75647389510197,1.46680709775022,32.1430143339508,0.0311109589664015,TRUE,118.816263979427,"23-CD8963",TRUE,"KK 109"
"1382","RT","M12","M","12","Ear",-0.301029995663981,"B09",2026-03-16,"3-16-26_ZS_Pos_Moose_Ear_lowdil",12.2669278841385,2.44874075543652,33.1275671272296,0.0301863398588675,TRUE,168.958011358,"23-CD8963",TRUE,"KK 109"
"1383","RT","M12","M","12","Ear",-0.301029995663981,"C09",2026-03-16,"3-16-26_ZS_Pos_Moose_Ear_lowdil",1.48692408508922,0.00798691624379701,48,0.0208333333333333,FALSE,48.7179516584333,"23-CD8963",TRUE,"KK 109"
"1384","RT","M12","M","12","Ear",-0.301029995663981,"D09",2026-03-16,"3-16-26_ZS_Pos_Moose_Ear_lowdil",1.42222731713152,0.10511462438335,48,0.0208333333333333,FALSE,47.3645058713292,"23-CD8963",TRUE,"KK 109"
"1385","RT","M12","M","12","Ear",-0.602059991327962,"A10",2026-03-16,"3-16-26_ZS_Pos_Moose_Ear_lowdil",6.68862275449102,1.26280771789754,19.2790841584158,0.0518696838388702,TRUE,155.366773652695,"23-CD8963",TRUE,"KK 109"
"1386","RT","M12","M","12","Ear",-0.602059991327962,"B10",2026-03-16,"3-16-26_ZS_Pos_Moose_Ear_lowdil",6.26841032608696,1.16944875776398,18.168476731754,0.0550403875219901,TRUE,152.46384535132,"23-CD8963",TRUE,"KK 109"
"1387","RT","M12","M","12","Ear",-0.602059991327962,"C10",2026-03-16,"3-16-26_ZS_Pos_Moose_Ear_lowdil",6.21098233268735,1.15735427237055,20.1455350396218,0.0496387908304853,TRUE,143.164386912266,"23-CD8963",TRUE,"KK 109"
"1388","RT","M12","M","12","Ear",-0.602059991327962,"D10",2026-03-16,"3-16-26_ZS_Pos_Moose_Ear_lowdil",6.45214698234303,1.21481077489609,18.9931676193226,0.0526505120179456,TRUE,149.962415635135,"23-CD8963",TRUE,"KK 109"
"1389","RT","M12","M","12","Ear",-0.778151250383644,"A11",2026-03-16,"3-16-26_ZS_Pos_Moose_Ear_lowdil",6.83047445768895,1.29126769017228,26.68837295718,0.0374695003552462,TRUE,135.528000647116,"23-CD8963",TRUE,"KK 109"
"1390","RT","M12","M","12","Ear",-0.778151250383644,"B11",2026-03-16,"3-16-26_ZS_Pos_Moose_Ear_lowdil",9.23819401493886,1.83194252818878,11.8986740555592,0.0840429778419544,TRUE,210.608995432704,"23-CD8963",TRUE,"KK 109"
"1391","RT","M12","M","12","Ear",-0.778151250383644,"C11",2026-03-16,"3-16-26_ZS_Pos_Moose_Ear_lowdil",7.46177286621209,1.43343104214019,16.0174894904423,0.0624317562747088,TRUE,196.009750764167,"23-CD8963",TRUE,"KK 109"
"1392","RT","M12","M","12","Ear",-0.778151250383644,"D11",2026-03-16,"3-16-26_ZS_Pos_Moose_Ear_lowdil",8.07934435175801,1.57129925590984,17.5317747425432,0.0570392909266262,TRUE,173.978150337179,"23-CD8963",TRUE,"KK 109"
"1393","RT","M12","M","12","LN",-1,"A08",2025-06-09,"6-9-25_ZS_M9&M12_LN",7.04363894418639,1.32627573381831,11.6378979841211,0.0859261699461891,TRUE,193.867918463835,"23-CD8963",TRUE,"KK 109"
"1394","RT","M12","M","12","LN",-1,"B08",2025-06-09,"6-9-25_ZS_M9&M12_LN",4.47327351128976,0.733554966351411,28.0295591952453,0.0356766224197216,TRUE,120.80730390353,"23-CD8963",TRUE,"KK 109"
"1395","RT","M12","M","12","LN",-1,"C08",2025-06-09,"6-9-25_ZS_M9&M12_LN",3.67329396265006,0.55820790709911,48,0.0208333333333333,FALSE,95.7971273527976,"23-CD8963",TRUE,"KK 109"
"1396","RT","M12","M","12","LN",-1,"D08",2025-06-09,"6-9-25_ZS_M9&M12_LN",4.2543921358091,0.697975740147649,17.2434540233121,0.0579930215053237,TRUE,132.80847464687,"23-CD8963",TRUE,"KK 109"
"1397","RT","M12","M","12","LN",-2,"A09",2025-06-09,"6-9-25_ZS_M9&M12_LN",1.37923408543755,0.0310484046557055,48,0.0208333333333333,FALSE,47.1593310844858,"23-CD8963",TRUE,"KK 109"
"1398","RT","M12","M","12","LN",-2,"B09",2025-06-09,"6-9-25_ZS_M9&M12_LN",1.43811620470095,0.0235774903605578,48,0.0208333333333333,FALSE,48.1761183018134,"23-CD8963",TRUE,"KK 109"
"1399","RT","M12","M","12","LN",-2,"C09",2025-06-09,"6-9-25_ZS_M9&M12_LN",1.43378426822135,0.0208989767488664,48,0.0208333333333333,FALSE,47.6876025924039,"23-CD8963",TRUE,"KK 109"
"1400","RT","M12","M","12","LN",-2,"D09",2025-06-09,"6-9-25_ZS_M9&M12_LN",1.44901971799337,0.0344217033167092,48,0.0208333333333333,FALSE,49.9074665749115,"23-CD8963",TRUE,"KK 109"
"1401","RT","M277","M","277","BR",-1,"A03",2024-07-17,"7-17-24_ZS_M277&M287_BR_Dilution",1.23675496688742,0.00551876379690951,48,0.0208333333333333,FALSE,47.058774834437,"19-CD23277",FALSE,NA
"1402","RT","M277","M","277","BR",-1,"B03",2024-07-17,"7-17-24_ZS_M277&M287_BR_Dilution",1.25700164744646,0.00658978583196045,48,0.0208333333333333,FALSE,47.2574135090609,"19-CD23277",FALSE,NA
"1403","RT","M277","M","277","BR",-1,"C03",2024-07-17,"7-17-24_ZS_M277&M287_BR_Dilution",1.24414715719064,0.0063173541434411,48,0.0208333333333333,FALSE,46.0077341137124,"19-CD23277",FALSE,NA
"1404","RT","M277","M","277","BR",-1,"D03",2024-07-17,"7-17-24_ZS_M277&M287_BR_Dilution",1.25838926174497,0.00559284116331097,48,0.0208333333333333,FALSE,46.5761325503356,"19-CD23277",FALSE,NA
"1405","RT","M277","M","277","BR",-2,"A04",2024-07-17,"7-17-24_ZS_M277&M287_BR_Dilution",1.22398843930636,0.00256904303147078,48,0.0208333333333333,FALSE,46.1369219653178,"19-CD23277",FALSE,NA
"1406","RT","M277","M","277","BR",-2,"B04",2024-07-17,"7-17-24_ZS_M277&M287_BR_Dilution",1.22625698324022,0.00217256362507761,48,0.0208333333333333,FALSE,45.1393156424581,"19-CD23277",FALSE,NA
"1407","RT","M277","M","277","BR",-2,"C04",2024-07-17,"7-17-24_ZS_M277&M287_BR_Dilution",1.25350140056022,0.00342359165888579,48,0.0208333333333333,FALSE,45.2746848739497,"19-CD23277",FALSE,NA
"1408","RT","M277","M","277","BR",-2,"D04",2024-07-17,"7-17-24_ZS_M277&M287_BR_Dilution",1.23613086770982,0.00410937253042517,48,0.0208333333333333,FALSE,45.2832503556187,"19-CD23277",FALSE,NA
"1409","RT","M277","M","277","LN",-1,"A08",2026-02-26,"2-26-26_R10&M277_LN",10.2030076650714,1.97171316291195,43.4440096739024,0.0230181331674069,TRUE,92.0099910995682,"19-CD23277",FALSE,NA
"1410","RT","M277","M","277","LN",-1,"B08",2026-02-26,"2-26-26_R10&M277_LN",1.77177810172964,0.10877559329157,48,0.0208333333333333,FALSE,51.7299431661479,"19-CD23277",FALSE,NA
"1411","RT","M277","M","277","LN",-1,"C08",2026-02-26,"2-26-26_R10&M277_LN",1.45507518979242,0.0644136122665097,48,0.0208333333333333,FALSE,51.4130566517031,"19-CD23277",FALSE,NA
"1412","RT","M277","M","277","LN",-1,"D08",2026-02-26,"2-26-26_R10&M277_LN",10.1721291409211,2.03759157165411,38.2659479670392,0.0261328949922098,TRUE,131.982461981375,"19-CD23277",FALSE,NA
"1413","RT","M277","M","277","LN",-2,"A09",2026-02-26,"2-26-26_R10&M277_LN",1.47321349769057,0.024470529780759,48,0.0208333333333333,FALSE,50.9730590450413,"19-CD23277",FALSE,NA
"1414","RT","M277","M","277","LN",-2,"B09",2026-02-26,"2-26-26_R10&M277_LN",1.51906928426459,0.0208535729057453,48,0.0208333333333333,FALSE,49.3220208150976,"19-CD23277",FALSE,NA
"1415","RT","M277","M","277","LN",-2,"C09",2026-02-26,"2-26-26_R10&M277_LN",1.5070464536858,0.0137733184975688,48,0.0208333333333333,FALSE,49.15359224842,"19-CD23277",FALSE,NA
"1416","RT","M277","M","277","LN",-2,"D09",2026-02-26,"2-26-26_R10&M277_LN",1.54517680833317,0.0107095825870679,48,0.0208333333333333,FALSE,49.6703768451885,"19-CD23277",FALSE,NA
"1417","RT","M281","M","281","BR",-1,"A03",2024-09-19,"9-19-24_ZS_M281&M285_BR_Dilution",1.95989780048878,0.0131081981781827,48,0.0208333333333333,FALSE,39.7131331926239,"19-CD23281",FALSE,NA
"1418","RT","M281","M","281","BR",-1,"B03",2024-09-19,"9-19-24_ZS_M281&M285_BR_Dilution",1.83628176262464,0.0130564788010912,48,0.0208333333333333,FALSE,40.0412914120295,"19-CD23281",FALSE,NA
"1419","RT","M281","M","281","BR",-1,"C03",2024-09-19,"9-19-24_ZS_M281&M285_BR_Dilution",1.90295264623955,0.0116620241411328,48,0.0208333333333333,FALSE,42.3890389972146,"19-CD23281",FALSE,NA
"1420","RT","M281","M","281","BR",-1,"D03",2024-09-19,"9-19-24_ZS_M281&M285_BR_Dilution",1.79188900747065,0.0118344598600735,48,0.0208333333333333,FALSE,41.4995731056563,"19-CD23281",FALSE,NA
"1421","RT","M281","M","281","BR",-2,"A04",2024-09-19,"9-19-24_ZS_M281&M285_BR_Dilution",1.58793466279186,0.00325127211588784,48,0.0208333333333333,FALSE,42.5671409960918,"19-CD23281",FALSE,NA
"1422","RT","M281","M","281","BR",-2,"B04",2024-09-19,"9-19-24_ZS_M281&M285_BR_Dilution",1.62531696926666,0.00543214885440264,48,0.0208333333333333,FALSE,42.6961405822092,"19-CD23281",FALSE,NA
"1423","RT","M281","M","281","BR",-2,"C04",2024-09-19,"9-19-24_ZS_M281&M285_BR_Dilution",1.58240545691644,0.000936235663891437,48,0.0208333333333333,FALSE,42.4383087571472,"19-CD23281",FALSE,NA
"1424","RT","M281","M","281","BR",-2,"D04",2024-09-19,"9-19-24_ZS_M281&M285_BR_Dilution",1.62603305785124,0.00275482093663913,48,0.0208333333333333,FALSE,43.2985537190083,"19-CD23281",FALSE,NA
"1425","RT","M281","M","281","LN",-1,"A03",2024-06-21,"6-21-24_ZS_M281&M5_LN_Dilution",2.01351011687822,0.0100098213080493,48,0.0208333333333333,FALSE,50.2060567739097,"19-CD23281",FALSE,NA
"1426","RT","M281","M","281","LN",-1,"B03",2024-06-21,"6-21-24_ZS_M281&M5_LN_Dilution",2.05805110419322,0.0178588424832915,48,0.0208333333333333,FALSE,51.1459164699246,"19-CD23281",FALSE,NA
"1427","RT","M281","M","281","LN",-1,"C03",2024-06-21,"6-21-24_ZS_M281&M5_LN_Dilution",1.96889748467999,0.0108662011391759,48,0.0208333333333333,FALSE,50.6552366587132,"19-CD23281",FALSE,NA
"1428","RT","M281","M","281","LN",-1,"D03",2024-06-21,"6-21-24_ZS_M281&M5_LN_Dilution",1.91303717960658,0.012559916573824,48,0.0208333333333333,FALSE,49.7199228572316,"19-CD23281",FALSE,NA
"1429","RT","M281","M","281","LN",-2,"A04",2024-06-21,"6-21-24_ZS_M281&M5_LN_Dilution",1.72122531577584,0.0142092469866358,48,0.0208333333333333,FALSE,47.0868035907813,"19-CD23281",FALSE,NA
"1430","RT","M281","M","281","LN",-2,"B04",2024-06-21,"6-21-24_ZS_M281&M5_LN_Dilution",1.77966069185104,0.0188312719313668,48,0.0208333333333333,FALSE,49.1058851454383,"19-CD23281",FALSE,NA
"1431","RT","M281","M","281","LN",-2,"C04",2024-06-21,"6-21-24_ZS_M281&M5_LN_Dilution",1.78779807692308,0.0182735042735043,48,0.0208333333333333,FALSE,47.8338677884616,"19-CD23281",FALSE,NA
"1432","RT","M281","M","281","LN",-2,"D04",2024-06-21,"6-21-24_ZS_M281&M5_LN_Dilution",1.73890008862399,0.0301711124745571,48,0.0208333333333333,FALSE,48.8263614982324,"19-CD23281",FALSE,NA
"1433","RT","M285","M","285","BR",-1,"A08",2024-09-19,"9-19-24_ZS_M281&M285_BR_Dilution",1.97860962566845,0.0154486036838978,48,0.0208333333333333,FALSE,34.322192513369,"19-CD23285",FALSE,NA
"1434","RT","M285","M","285","BR",-1,"B08",2024-09-19,"9-19-24_ZS_M281&M285_BR_Dilution",1.84345769272121,0.0124001003476329,48,0.0208333333333333,FALSE,37.069360821417,"19-CD23285",FALSE,NA
"1435","RT","M285","M","285","BR",-1,"C08",2024-09-19,"9-19-24_ZS_M281&M285_BR_Dilution",1.80344271113502,0.0127189050265973,48,0.0208333333333333,FALSE,41.8005379236149,"19-CD23285",FALSE,NA
"1436","RT","M285","M","285","BR",-1,"D08",2024-09-19,"9-19-24_ZS_M281&M285_BR_Dilution",1.81790225151016,0.00861553480993349,48,0.0208333333333333,FALSE,41.0099258649094,"19-CD23285",FALSE,NA
"1437","RT","M285","M","285","BR",-2,"A09",2024-09-19,"9-19-24_ZS_M281&M285_BR_Dilution",1.75958373154933,0.0147959364270291,48,0.0208333333333333,FALSE,44.260831474992,"19-CD23285",FALSE,NA
"1438","RT","M285","M","285","BR",-2,"B09",2024-09-19,"9-19-24_ZS_M281&M285_BR_Dilution",1.70912645333882,0.00461867361754183,48,0.0208333333333333,FALSE,43.5104949068834,"19-CD23285",FALSE,NA
"1439","RT","M285","M","285","BR",-2,"C09",2024-09-19,"9-19-24_ZS_M281&M285_BR_Dilution",1.74880233284732,0.00314749242056051,48,0.0208333333333333,FALSE,44.2012210997708,"19-CD23285",FALSE,NA
"1440","RT","M285","M","285","BR",-2,"D09",2024-09-19,"9-19-24_ZS_M281&M285_BR_Dilution",1.77350157728707,0.00813179109709079,48,0.0208333333333333,FALSE,43.5785488958991,"19-CD23285",FALSE,NA
"1441","RT","M285","M","285","LN",-1,"A03",2024-07-10,"7-10-24_ZS_M285&M10_LN_Dilution",1.66473988439306,0.0205523442517662,48,0.0208333333333333,FALSE,46.8273121387283,"19-CD23285",FALSE,NA
"1442","RT","M285","M","285","LN",-1,"B03",2024-07-10,"7-10-24_ZS_M285&M10_LN_Dilution",2.29341317365269,0.0811709913506321,48,0.0208333333333333,FALSE,54.0381736526947,"19-CD23285",FALSE,NA
"1443","RT","M285","M","285","LN",-1,"C03",2024-07-10,"7-10-24_ZS_M285&M10_LN_Dilution",1.89240506329114,0.0168776371308017,48,0.0208333333333333,FALSE,46.0110759493671,"19-CD23285",FALSE,NA
"1444","RT","M285","M","285","LN",-1,"D03",2024-07-10,"7-10-24_ZS_M285&M10_LN_Dilution",1.8525641025641,0.0242165242165242,48,0.0208333333333333,FALSE,47.0697115384615,"19-CD23285",FALSE,NA
"1445","RT","M285","M","285","LN",-2,"A04",2024-07-10,"7-10-24_ZS_M285&M10_LN_Dilution",1.33064516129032,0.0232974910394265,48,0.0208333333333333,FALSE,45.296370967742,"19-CD23285",FALSE,NA
"1446","RT","M285","M","285","LN",-2,"B04",2024-07-10,"7-10-24_ZS_M285&M10_LN_Dilution",1.45867768595041,0.0238751147842057,48,0.0208333333333333,FALSE,46.9183884297521,"19-CD23285",FALSE,NA
"1447","RT","M285","M","285","LN",-2,"C04",2024-07-10,"7-10-24_ZS_M285&M10_LN_Dilution",1.33333333333333,0.0539551897576589,48,0.0208333333333333,FALSE,47.9104938271605,"19-CD23285",FALSE,NA
"1448","RT","M285","M","285","LN",-2,"D04",2024-07-10,"7-10-24_ZS_M285&M10_LN_Dilution",1.3780487804878,0.032520325203252,48,0.0208333333333333,FALSE,47.5396341463414,"19-CD23285",FALSE,NA
"1449","RT","M287","M","287","BR",-1,"A08",2024-07-17,"7-17-24_ZS_M277&M287_BR_Dilution",1.35062893081761,0.00419287211740042,48,0.0208333333333333,FALSE,45.0406839622641,"19-CD23287",FALSE,NA
"1450","RT","M287","M","287","BR",-1,"B08",2024-07-17,"7-17-24_ZS_M277&M287_BR_Dilution",1.38244514106583,0.00417972831765935,48,0.0208333333333333,FALSE,44.5045062695924,"19-CD23287",FALSE,NA
"1451","RT","M287","M","287","BR",-1,"C08",2024-07-17,"7-17-24_ZS_M277&M287_BR_Dilution",1.41971383147854,0.00247306129659071,48,0.0208333333333333,FALSE,45.6355325914149,"19-CD23287",FALSE,NA
"1452","RT","M287","M","287","BR",-1,"D08",2024-07-17,"7-17-24_ZS_M277&M287_BR_Dilution",1.3027950310559,0.00414078674948238,48,0.0208333333333333,FALSE,45.0232919254659,"19-CD23287",FALSE,NA
"1453","RT","M287","M","287","BR",-2,"A09",2024-07-17,"7-17-24_ZS_M277&M287_BR_Dilution",1.17158931082982,0.00468823253633382,48,0.0208333333333333,FALSE,45.7589662447258,"19-CD23287",FALSE,NA
"1454","RT","M287","M","287","BR",-2,"B09",2024-07-17,"7-17-24_ZS_M277&M287_BR_Dilution",1.23141654978962,0.00467508181393176,48,0.0208333333333333,FALSE,45.6584852734924,"19-CD23287",FALSE,NA
"1455","RT","M287","M","287","BR",-2,"C09",2024-07-17,"7-17-24_ZS_M277&M287_BR_Dilution",1.24011299435028,0.00408035153797866,48,0.0208333333333333,FALSE,45.8697033898304,"19-CD23287",FALSE,NA
"1456","RT","M287","M","287","BR",-2,"D09",2024-07-17,"7-17-24_ZS_M277&M287_BR_Dilution",1.26037195994278,0.00254331584803687,48,0.0208333333333333,FALSE,45.4763948497854,"19-CD23287",FALSE,NA
"1457","RT","M287","M","287","LN",-1,"A03",2024-06-28,"6-28-24_ZS_M287&M6_LN_Dilution",1.24362244897959,0.0138888888888889,48,0.0208333333333333,FALSE,48.4084821428571,"19-CD23287",FALSE,NA
"1458","RT","M287","M","287","LN",-1,"B03",2024-06-28,"6-28-24_ZS_M287&M6_LN_Dilution",1.30683229813665,0.0151828847481021,48,0.0208333333333333,FALSE,47.4316770186335,"19-CD23287",FALSE,NA
"1459","RT","M287","M","287","LN",-1,"C03",2024-06-28,"6-28-24_ZS_M287&M6_LN_Dilution",1.2544080604534,0.0167926112510495,48,0.0208333333333333,FALSE,47.6816750629723,"19-CD23287",FALSE,NA
"1460","RT","M287","M","287","LN",-1,"D03",2024-06-28,"6-28-24_ZS_M287&M6_LN_Dilution",1.25470514429109,0.014219991635299,48,0.0208333333333333,FALSE,48.8742158092848,"19-CD23287",FALSE,NA
"1461","RT","M287","M","287","LN",-2,"A04",2024-06-28,"6-28-24_ZS_M287&M6_LN_Dilution",1.29871794871795,0.0182336182336183,48,0.0208333333333333,FALSE,49.2677884615384,"19-CD23287",FALSE,NA
"1462","RT","M287","M","287","LN",-2,"B04",2024-06-28,"6-28-24_ZS_M287&M6_LN_Dilution",1.26552984165652,0.0135336310732169,48,0.0208333333333333,FALSE,48.9368148599269,"19-CD23287",FALSE,NA
"1463","RT","M287","M","287","LN",-2,"C04",2024-06-28,"6-28-24_ZS_M287&M6_LN_Dilution",1.28205128205128,0.00673400673400673,48,0.0208333333333333,FALSE,46.1700174825176,"19-CD23287",FALSE,NA
"1464","RT","M287","M","287","LN",-2,"D04",2024-06-28,"6-28-24_ZS_M287&M6_LN_Dilution",1.28729963008631,0.0169886285792574,48,0.0208333333333333,FALSE,47.1783292231813,"19-CD23287",FALSE,NA
"1465","RT","M3","M","3","BR",-1,"A03",2024-07-15,"7-15-24_ZS_M3_BR_Dilution",1.78901734104046,0.00385356454720618,48,0.0208333333333333,FALSE,42.4107658959538,"17-CD11399",TRUE,"KK 109"
"1466","RT","M3","M","3","BR",-1,"B03",2024-07-15,"7-15-24_ZS_M3_BR_Dilution",1.84240687679083,0.00445717924227954,48,0.0208333333333333,FALSE,43.2292263610316,"17-CD11399",TRUE,"KK 109"
"1467","RT","M3","M","3","BR",-1,"C03",2024-07-15,"7-15-24_ZS_M3_BR_Dilution",1.81792717086835,0.00373482726423904,48,0.0208333333333333,FALSE,43.1207983193278,"17-CD11399",TRUE,"KK 109"
"1468","RT","M3","M","3","BR",-1,"D03",2024-07-15,"7-15-24_ZS_M3_BR_Dilution",1.75766016713092,0.0049520272361498,48,0.0208333333333333,FALSE,42.4867688022283,"17-CD11399",TRUE,"KK 109"
"1469","RT","M3","M","3","BR",-2,"A04",2024-07-15,"7-15-24_ZS_M3_BR_Dilution",11.5586956521739,2.22463768115942,8.12566844919786,0.123066798288911,TRUE,446.598097826087,"17-CD11399",TRUE,"KK 109"
"1470","RT","M3","M","3","BR",-2,"B04",2024-07-15,"7-15-24_ZS_M3_BR_Dilution",13.8481012658228,2.85841537740272,6.59520217260109,0.151625374602521,TRUE,542.291139240508,"17-CD11399",TRUE,"KK 109"
"1471","RT","M3","M","3","BR",-2,"C04",2024-07-15,"7-15-24_ZS_M3_BR_Dilution",12.0276595744681,2.35555555555556,6.71423635107118,0.148937265194792,TRUE,478.981914893617,"17-CD11399",TRUE,"KK 109"
"1472","RT","M3","M","3","BR",-2,"D04",2024-07-15,"7-15-24_ZS_M3_BR_Dilution",12.2878464818763,2.49514333096423,6.90779702970297,0.14476395234256,TRUE,490.100213219615,"17-CD11399",TRUE,"KK 109"
"1473","RT","M3","M","3","LN",-1,"A09",2024-06-20,"6-20-24_ZS_M3&M540_LN_5^-1_Dilution",1.22783083219645,0.00818553888130966,48,0.0208333333333333,FALSE,48.9055252387449,"17-CD11399",TRUE,"KK 109"
"1474","RT","M3","M","3","LN",-1,"B09",2024-06-20,"6-20-24_ZS_M3&M540_LN_5^-1_Dilution",1.25471698113208,0.00898472596585802,48,0.0208333333333333,FALSE,47.6492587601077,"17-CD11399",TRUE,"KK 109"
"1475","RT","M3","M","3","LN",-1,"C09",2024-06-20,"6-20-24_ZS_M3&M540_LN_5^-1_Dilution",1.25340599455041,0.00726612170753863,48,0.0208333333333333,FALSE,47.6924386920981,"17-CD11399",TRUE,"KK 109"
"1476","RT","M3","M","3","LN",-1,"D09",2024-06-20,"6-20-24_ZS_M3&M540_LN_5^-1_Dilution",1.24736842105263,0.00877192982456143,48,0.0208333333333333,FALSE,46.5449013157894,"17-CD11399",TRUE,"KK 109"
"1477","RT","M3","M","3","LN",-2,"A10",2024-06-20,"6-20-24_ZS_M3&M540_LN_5^-1_Dilution",1.27393617021277,0.0132978723404255,48,0.0208333333333333,FALSE,48.5081449468084,"17-CD11399",TRUE,"KK 109"
"1478","RT","M3","M","3","LN",-2,"B10",2024-06-20,"6-20-24_ZS_M3&M540_LN_5^-1_Dilution",1.31781914893617,0.0106382978723404,48,0.0208333333333333,FALSE,47.9237034574469,"17-CD11399",TRUE,"KK 109"
"1479","RT","M3","M","3","LN",-2,"C10",2024-06-20,"6-20-24_ZS_M3&M540_LN_5^-1_Dilution",1.27165354330709,0.010207057451152,48,0.0208333333333333,FALSE,46.4783464566929,"17-CD11399",TRUE,"KK 109"
"1480","RT","M3","M","3","LN",-2,"D10",2024-06-20,"6-20-24_ZS_M3&M540_LN_5^-1_Dilution",1.26390685640362,0.011211729193618,48,0.0208333333333333,FALSE,46.8682082794307,"17-CD11399",TRUE,"KK 109"
"1481","RT","M3","M","3","LN",-0.698970004336019,"A08",2024-06-20,"6-20-24_ZS_M3&M540_LN_5^-1_Dilution",9.60845070422535,1.91924882629108,33.8996594349142,0.0294988214238539,TRUE,160.47940140845,"17-CD11399",TRUE,"KK 109"
"1482","RT","M3","M","3","LN",-0.698970004336019,"B08",2024-06-20,"6-20-24_ZS_M3&M540_LN_5^-1_Dilution",1.24544179523142,0.00685678666043324,48,0.0208333333333333,FALSE,46.898141654979,"17-CD11399",TRUE,"KK 109"
"1483","RT","M3","M","3","LN",-0.698970004336019,"C08",2024-06-20,"6-20-24_ZS_M3&M540_LN_5^-1_Dilution",7.08611111111111,1.35864197530864,17.4920808301475,0.0571687273635569,TRUE,161.384895833333,"17-CD11399",TRUE,"KK 109"
"1484","RT","M3","M","3","LN",-0.698970004336019,"D08",2024-06-20,"6-20-24_ZS_M3&M540_LN_5^-1_Dilution",1.21927374301676,0.0276225946617008,48,0.0208333333333333,FALSE,47.3793645251396,"17-CD11399",TRUE,"KK 109"
"1485","RT","M5","M","5","BR",-1,"A03",2024-06-28,"6-28-24_ZS_M5_BR_Dilution",1.25287356321839,0.0121328224776501,48,0.0208333333333333,FALSE,46.0021551724138,"19-CD14225",TRUE,"KK 109"
"1486","RT","M5","M","5","BR",-1,"B03",2024-06-28,"6-28-24_ZS_M5_BR_Dilution",1.21760391198044,0.0228198859005705,48,0.0208333333333333,FALSE,43.1470048899756,"19-CD14225",TRUE,"KK 109"
"1487","RT","M5","M","5","BR",-1,"C03",2024-06-28,"6-28-24_ZS_M5_BR_Dilution",1.2487922705314,0.00912506709608161,48,0.0208333333333333,FALSE,41.615036231884,"19-CD14225",TRUE,"KK 109"
"1488","RT","M5","M","5","BR",-1,"D03",2024-06-28,"6-28-24_ZS_M5_BR_Dilution",1.32954545454545,0.00757575757575757,48,0.0208333333333333,FALSE,41.3693181818181,"19-CD14225",TRUE,"KK 109"
"1489","RT","M5","M","5","BR",-2,"A04",2024-06-28,"6-28-24_ZS_M5_BR_Dilution",17.3948220064725,3.64617044228695,10.6418918918919,0.093968253968254,TRUE,482.817354368932,"19-CD14225",TRUE,"KK 109"
"1490","RT","M5","M","5","BR",-2,"B04",2024-06-28,"6-28-24_ZS_M5_BR_Dilution",16.4329563812601,3.43528989409442,9.31648875766523,0.107336575614632,TRUE,479.781906300484,"19-CD14225",TRUE,"KK 109"
"1491","RT","M5","M","5","BR",-2,"C04",2024-06-28,"6-28-24_ZS_M5_BR_Dilution",12.9028985507246,2.65217391304348,9.88760980447719,0.101136677091282,TRUE,418.020652173913,"19-CD14225",TRUE,"KK 109"
"1492","RT","M5","M","5","BR",-2,"D04",2024-06-28,"6-28-24_ZS_M5_BR_Dilution",12.9236526946108,2.66067864271457,10.1906057042046,0.0981295939639191,TRUE,396.574850299401,"19-CD14225",TRUE,"KK 109"
"1493","RT","M5","M","5","LN",-1,"A08",2024-06-21,"6-21-24_ZS_M281&M5_LN_Dilution",1.7757351501625,0.0299019799783338,48,0.0208333333333333,FALSE,50.9516768471749,"19-CD14225",TRUE,"KK 109"
"1494","RT","M5","M","5","LN",-1,"B08",2024-06-21,"6-21-24_ZS_M281&M5_LN_Dilution",1.80706526981922,0.0253623421418757,48,0.0208333333333333,FALSE,49.3776986745385,"19-CD14225",TRUE,"KK 109"
"1495","RT","M5","M","5","LN",-1,"C08",2024-06-21,"6-21-24_ZS_M281&M5_LN_Dilution",1.71656939862979,0.0320865240936289,48,0.0208333333333333,FALSE,50.8294336658014,"19-CD14225",TRUE,"KK 109"
"1496","RT","M5","M","5","LN",-1,"D08",2024-06-21,"6-21-24_ZS_M281&M5_LN_Dilution",1.64722514722515,0.0246913580246913,48,0.0208333333333333,FALSE,51.9406809406809,"19-CD14225",TRUE,"KK 109"
"1497","RT","M5","M","5","LN",-2,"A09",2024-06-21,"6-21-24_ZS_M281&M5_LN_Dilution",1.77479847738468,0.0238302565888773,48,0.0208333333333333,FALSE,49.0334751455441,"19-CD14225",TRUE,"KK 109"
"1498","RT","M5","M","5","LN",-2,"B09",2024-06-21,"6-21-24_ZS_M281&M5_LN_Dilution",1.82974797374629,0.0458297972837949,48,0.0208333333333333,FALSE,50.4407758741504,"19-CD14225",TRUE,"KK 109"
"1499","RT","M5","M","5","LN",-2,"C09",2024-06-21,"6-21-24_ZS_M281&M5_LN_Dilution",1.8593735168486,0.0445583504719718,48,0.0208333333333333,FALSE,49.1796108210726,"19-CD14225",TRUE,"KK 109"
"1500","RT","M5","M","5","LN",-2,"D09",2024-06-21,"6-21-24_ZS_M281&M5_LN_Dilution",1.8021368008821,0.0392169288028761,48,0.0208333333333333,FALSE,48.3398860784761,"19-CD14225",TRUE,"KK 109"
"1501","RT","M539","M","539","BR",-1,"A03",2024-07-17,"7-17-24_ZS_M539&M540_BR_Dilution",1.65299684542587,0.00701016473887137,48,0.0208333333333333,FALSE,43.8537066246056,"21-V539",FALSE,NA
"1502","RT","M539","M","539","BR",-1,"B03",2024-07-17,"7-17-24_ZS_M539&M540_BR_Dilution",1.69278996865204,0.00557297109021247,48,0.0208333333333333,FALSE,44.0830721003135,"21-V539",FALSE,NA
"1503","RT","M539","M","539","BR",-1,"C03",2024-07-17,"7-17-24_ZS_M539&M540_BR_Dilution",1.62048192771084,0.0113788487282463,48,0.0208333333333333,FALSE,43.3859186746988,"21-V539",FALSE,NA
"1504","RT","M539","M","539","BR",-1,"D03",2024-07-17,"7-17-24_ZS_M539&M540_BR_Dilution",1.67069486404834,0.00335683115139308,48,0.0208333333333333,FALSE,44.2533987915408,"21-V539",FALSE,NA
"1505","RT","M539","M","539","BR",-2,"A04",2024-07-17,"7-17-24_ZS_M539&M540_BR_Dilution",1.31808731808732,0.0212520212520212,48,0.0208333333333333,FALSE,46.0602910602911,"21-V539",FALSE,NA
"1506","RT","M539","M","539","BR",-2,"B04",2024-07-17,"7-17-24_ZS_M539&M540_BR_Dilution",1.40122199592668,0.0221769631138267,48,0.0208333333333333,FALSE,46.6252545824848,"21-V539",FALSE,NA
"1507","RT","M539","M","539","BR",-2,"C04",2024-07-17,"7-17-24_ZS_M539&M540_BR_Dilution",1.41386138613861,0.0294829482948295,48,0.0208333333333333,FALSE,47.2834158415841,"21-V539",FALSE,NA
"1508","RT","M539","M","539","BR",-2,"D04",2024-07-17,"7-17-24_ZS_M539&M540_BR_Dilution",1.34022556390977,0.0275689223057644,48,0.0208333333333333,FALSE,46.3653665413534,"21-V539",FALSE,NA
"1509","RT","M539","M","539","Ear",-1,"A03",2025-02-19,"2-19-25_ZS_M539&M9_EarSkin",1.41346990047348,0.0164911263568139,48,0.0208333333333333,FALSE,47.3867885786067,"21-V539",FALSE,NA
"1510","RT","M539","M","539","Ear",-1,"B03",2025-02-19,"2-19-25_ZS_M539&M9_EarSkin",1.45932170162713,0.00927922629549764,48,0.0208333333333333,FALSE,47.7551950597923,"21-V539",FALSE,NA
"1511","RT","M539","M","539","Ear",-1,"C03",2025-02-19,"2-19-25_ZS_M539&M9_EarSkin",1.45757983839938,0.0222735240049592,48,0.0208333333333333,FALSE,47.7693584070797,"21-V539",FALSE,NA
"1512","RT","M539","M","539","Ear",-1,"D03",2025-02-19,"2-19-25_ZS_M539&M9_EarSkin",1.47294299218675,0.0231503810166876,48,0.0208333333333333,FALSE,47.5166996238063,"21-V539",FALSE,NA
"1513","RT","M539","M","539","Ear",-2,"A04",2025-02-19,"2-19-25_ZS_M539&M9_EarSkin",1.51451754814742,0.0164021681276545,48,0.0208333333333333,FALSE,50.2824078600058,"21-V539",FALSE,NA
"1514","RT","M539","M","539","Ear",-2,"B04",2025-02-19,"2-19-25_ZS_M539&M9_EarSkin",1.50826405867971,0.0176473784297745,48,0.0208333333333333,FALSE,47.9000977995109,"21-V539",FALSE,NA
"1515","RT","M539","M","539","Ear",-2,"C04",2025-02-19,"2-19-25_ZS_M539&M9_EarSkin",1.56980906921241,0.0177229735702289,48,0.0208333333333333,FALSE,49.7347479116945,"21-V539",FALSE,NA
"1516","RT","M539","M","539","Ear",-2,"D04",2025-02-19,"2-19-25_ZS_M539&M9_EarSkin",1.47187470155668,0.0189730366408811,48,0.0208333333333333,FALSE,48.688866870404,"21-V539",FALSE,NA
"1517","RT","M539","M","539","Ear",-0.301029995663981,"A03",2025-12-15,"12-15-25_ZS_RD1&M6&M539_SK_lowdil",1.41288594054316,0.00589229750170543,48,0.0208333333333333,FALSE,43.0243180852011,"21-V539",FALSE,NA
"1518","RT","M539","M","539","Ear",-0.301029995663981,"B03",2025-12-15,"12-15-25_ZS_RD1&M6&M539_SK_lowdil",1.45384318269602,0.00940203952950188,48,0.0208333333333333,FALSE,44.006213417714,"21-V539",FALSE,NA
"1519","RT","M539","M","539","Ear",-0.301029995663981,"C03",2025-12-15,"12-15-25_ZS_RD1&M6&M539_SK_lowdil",1.49248759533445,0.00334105621128204,48,0.0208333333333333,FALSE,43.2237364145296,"21-V539",FALSE,NA
"1520","RT","M539","M","539","Ear",-0.301029995663981,"D03",2025-12-15,"12-15-25_ZS_RD1&M6&M539_SK_lowdil",1.42593254322752,0.00493871275837803,48,0.0208333333333333,FALSE,43.7528996188433,"21-V539",FALSE,NA
"1521","RT","M539","M","539","Ear",-0.602059991327962,"A04",2025-12-15,"12-15-25_ZS_RD1&M6&M539_SK_lowdil",1.48417721518987,0.00492264416315047,48,0.0208333333333333,FALSE,45.3049841772151,"21-V539",FALSE,NA
"1522","RT","M539","M","539","Ear",-0.602059991327962,"B04",2025-12-15,"12-15-25_ZS_RD1&M6&M539_SK_lowdil",1.52548370697475,0.00566193841645152,48,0.0208333333333333,FALSE,45.4266041328164,"21-V539",FALSE,NA
"1523","RT","M539","M","539","Ear",-0.602059991327962,"C04",2025-12-15,"12-15-25_ZS_RD1&M6&M539_SK_lowdil",1.50310813645291,0.0179432908109757,48,0.0208333333333333,FALSE,45.2632071963847,"21-V539",FALSE,NA
"1524","RT","M539","M","539","Ear",-0.602059991327962,"D04",2025-12-15,"12-15-25_ZS_RD1&M6&M539_SK_lowdil",1.54632249977967,0.00994027781857902,48,0.0208333333333333,FALSE,45.6935559287512,"21-V539",FALSE,NA
"1525","RT","M539","M","539","Ear",-0.778151250383644,"A05",2025-12-15,"12-15-25_ZS_RD1&M6&M539_SK_lowdil",7.35000340735404,1.41241856153411,31.8114732719364,0.0314351992267578,TRUE,122.463980617023,"21-V539",FALSE,NA
"1526","RT","M539","M","539","Ear",-0.778151250383644,"B05",2025-12-15,"12-15-25_ZS_RD1&M6&M539_SK_lowdil",9.23175043594709,1.83537524634088,46.6620560224534,0.0214306887703107,TRUE,57.5604677880863,"21-V539",FALSE,NA
"1527","RT","M539","M","539","Ear",-0.778151250383644,"C05",2025-12-15,"12-15-25_ZS_RD1&M6&M539_SK_lowdil",5.66472190177204,1.03987240829346,43.1838477514132,0.0231568063539979,TRUE,69.3199843504738,"21-V539",FALSE,NA
"1528","RT","M539","M","539","Ear",-0.778151250383644,"D05",2025-12-15,"12-15-25_ZS_RD1&M6&M539_SK_lowdil",1.46646866936073,0.012957463037798,48,0.0208333333333333,FALSE,47.8883051755198,"21-V539",FALSE,NA
"1529","RT","M539","M","539","LN",-1,"A03",2024-06-17,"6-17-24_ZS_Moose539_LN_NegDilution",1.221875,0.00520833333333333,48,0.0208333333333333,FALSE,47.6560546874999,"21-V539",FALSE,NA
"1530","RT","M539","M","539","LN",-1,"B03",2024-06-17,"6-17-24_ZS_Moose539_LN_NegDilution",1.22397476340694,0.00560813179109708,48,0.0208333333333333,FALSE,48.0739353312302,"21-V539",FALSE,NA
"1531","RT","M539","M","539","LN",-1,"C03",2024-06-17,"6-17-24_ZS_Moose539_LN_NegDilution",1.20865533230294,0.00755624248669072,48,0.0208333333333333,FALSE,47.4256182380217,"21-V539",FALSE,NA
"1532","RT","M539","M","539","LN",-1,"D03",2024-06-17,"6-17-24_ZS_Moose539_LN_NegDilution",1.2140625,0.00590277777777776,48,0.0208333333333333,FALSE,47.9806640625,"21-V539",FALSE,NA
"1533","RT","M539","M","539","LN",-2,"A04",2024-06-17,"6-17-24_ZS_Moose539_LN_NegDilution",1.12847682119205,0.00735835172921267,48,0.0208333333333333,FALSE,47.4163907284768,"21-V539",FALSE,NA
"1534","RT","M539","M","539","LN",-2,"B04",2024-06-17,"6-17-24_ZS_Moose539_LN_NegDilution",1.188,0.00444444444444445,48,0.0208333333333333,FALSE,47.4155000000001,"21-V539",FALSE,NA
"1535","RT","M539","M","539","LN",-2,"C04",2024-06-17,"6-17-24_ZS_Moose539_LN_NegDilution",1.16538461538462,0.00997150997150996,48,0.0208333333333333,FALSE,47.7384615384616,"21-V539",FALSE,NA
"1536","RT","M539","M","539","LN",-2,"D04",2024-06-17,"6-17-24_ZS_Moose539_LN_NegDilution",1.16176470588235,0.00683303624480095,48,0.0208333333333333,FALSE,47.2269385026738,"21-V539",FALSE,NA
"1537","RT","M540","M","540","BR",-1,"A08",2024-07-17,"7-17-24_ZS_M539&M540_BR_Dilution",1.56645569620253,0.00632911392405062,48,0.0208333333333333,FALSE,43.03125,"21-V540",FALSE,NA
"1538","RT","M540","M","540","BR",-1,"B08",2024-07-17,"7-17-24_ZS_M539&M540_BR_Dilution",1.70253164556962,0.00562587904360057,48,0.0208333333333333,FALSE,44.1977848101266,"21-V540",FALSE,NA
"1539","RT","M540","M","540","BR",-1,"C08",2024-07-17,"7-17-24_ZS_M539&M540_BR_Dilution",1.60176991150442,0.00327761389708295,48,0.0208333333333333,FALSE,43.4137168141593,"21-V540",FALSE,NA
"1540","RT","M540","M","540","BR",-1,"D08",2024-07-17,"7-17-24_ZS_M539&M540_BR_Dilution",1.56325301204819,0.00401606425702811,48,0.0208333333333333,FALSE,44.3471385542169,"21-V540",FALSE,NA
"1541","RT","M540","M","540","BR",-2,"A09",2024-07-17,"7-17-24_ZS_M539&M540_BR_Dilution",1.29508196721311,0.0245901639344262,48,0.0208333333333333,FALSE,48.860655737705,"21-V540",FALSE,NA
"1542","RT","M540","M","540","BR",-2,"B09",2024-07-17,"7-17-24_ZS_M539&M540_BR_Dilution",1.31237322515213,0.0252422808203741,48,0.0208333333333333,FALSE,50.6052231237322,"21-V540",FALSE,NA
"1543","RT","M540","M","540","BR",-2,"C09",2024-07-17,"7-17-24_ZS_M539&M540_BR_Dilution",1.37246963562753,0.0179937022042285,48,0.0208333333333333,FALSE,50.5612348178138,"21-V540",FALSE,NA
"1544","RT","M540","M","540","BR",-2,"D09",2024-07-17,"7-17-24_ZS_M539&M540_BR_Dilution",1.35067437379576,0.0226932134446585,48,0.0208333333333333,FALSE,46.5982658959537,"21-V540",FALSE,NA
"1545","RT","M540","M","540","LN",-1,"A04",2024-06-20,"6-20-24_ZS_M3&M540_LN_5^-1_Dilution",1.29646697388633,0.00614439324116741,48,0.0208333333333333,FALSE,48.0443548387096,"21-V540",FALSE,NA
"1546","RT","M540","M","540","LN",-1,"B04",2024-06-20,"6-20-24_ZS_M3&M540_LN_5^-1_Dilution",1.31363636363636,0.0383838383838384,48,0.0208333333333333,FALSE,49.7892045454545,"21-V540",FALSE,NA
"1547","RT","M540","M","540","LN",-1,"C04",2024-06-20,"6-20-24_ZS_M3&M540_LN_5^-1_Dilution",1.34743202416918,0.0399462907015777,48,0.0208333333333333,FALSE,50.2160120845921,"21-V540",FALSE,NA
"1548","RT","M540","M","540","LN",-1,"D04",2024-06-20,"6-20-24_ZS_M3&M540_LN_5^-1_Dilution",1.32934131736527,0.0069860279441118,48,0.0208333333333333,FALSE,48.2172529940119,"21-V540",FALSE,NA
"1549","RT","M540","M","540","LN",-2,"A05",2024-06-20,"6-20-24_ZS_M3&M540_LN_5^-1_Dilution",1.29545454545455,0.0172311348781937,48,0.0208333333333333,FALSE,48.5594919786097,"21-V540",FALSE,NA
"1550","RT","M540","M","540","LN",-2,"B05",2024-06-20,"6-20-24_ZS_M3&M540_LN_5^-1_Dilution",1.26025641025641,0.0119658119658119,48,0.0208333333333333,FALSE,46.9235576923077,"21-V540",FALSE,NA
"1551","RT","M540","M","540","LN",-2,"C05",2024-06-20,"6-20-24_ZS_M3&M540_LN_5^-1_Dilution",1.25193798449612,0.00775193798449614,48,0.0208333333333333,FALSE,46.7422480620155,"21-V540",FALSE,NA
"1552","RT","M540","M","540","LN",-2,"D05",2024-06-20,"6-20-24_ZS_M3&M540_LN_5^-1_Dilution",1.24393358876117,0.00936568752660705,48,0.0208333333333333,FALSE,47.0761494252874,"21-V540",FALSE,NA
"1553","RT","M540","M","540","LN",-0.698970004336019,"A03",2024-06-20,"6-20-24_ZS_M3&M540_LN_5^-1_Dilution",1.2546875,0.00381944444444445,48,0.0208333333333333,FALSE,46.0048828125,"21-V540",FALSE,NA
"1554","RT","M540","M","540","LN",-0.698970004336019,"B03",2024-06-20,"6-20-24_ZS_M3&M540_LN_5^-1_Dilution",1.32278481012658,0.00386779184247538,48,0.0208333333333333,FALSE,47.215585443038,"21-V540",FALSE,NA
"1555","RT","M540","M","540","LN",-0.698970004336019,"C03",2024-06-20,"6-20-24_ZS_M3&M540_LN_5^-1_Dilution",1.29797191887676,0.00381348587276823,48,0.0208333333333333,FALSE,46.6562012480499,"21-V540",FALSE,NA
"1556","RT","M540","M","540","LN",-0.698970004336019,"D03",2024-06-20,"6-20-24_ZS_M3&M540_LN_5^-1_Dilution",1.27906976744186,0.00551248923341947,48,0.0208333333333333,FALSE,46.6203488372092,"21-V540",FALSE,NA
"1557","RT","M6","M","6","BR",-1,"A03",2024-06-28,"6-28-24_ZS_M6_BR_Dilution",1.23582766439909,0.0115898211136306,48,0.0208333333333333,FALSE,39.9770408163265,"19-CD24854",TRUE,"QQ 109"
"1558","RT","M6","M","6","BR",-1,"B03",2024-06-28,"6-28-24_ZS_M6_BR_Dilution",1.27954545454545,0.0106060606060606,48,0.0208333333333333,FALSE,38.8909090909091,"19-CD24854",TRUE,"QQ 109"
"1559","RT","M6","M","6","BR",-1,"C03",2024-06-28,"6-28-24_ZS_M6_BR_Dilution",1.23356009070295,0.00806248425296046,48,0.0208333333333333,FALSE,39.3503401360543,"19-CD24854",TRUE,"QQ 109"
"1560","RT","M6","M","6","BR",-1,"D03",2024-06-28,"6-28-24_ZS_M6_BR_Dilution",1.2757793764988,0.00905941913136157,48,0.0208333333333333,FALSE,41.523381294964,"19-CD24854",TRUE,"QQ 109"
"1561","RT","M6","M","6","BR",-2,"A04",2024-06-28,"6-28-24_ZS_M6_BR_Dilution",8.33333333333333,1.62043422733078,27.7802013422819,0.0359968593344205,TRUE,186.794827586207,"19-CD24854",TRUE,"QQ 109"
"1562","RT","M6","M","6","BR",-2,"B04",2024-06-28,"6-28-24_ZS_M6_BR_Dilution",5.3123595505618,0.923845193508115,33.8964592274678,0.0295016064447715,TRUE,106.463764044944,"19-CD24854",TRUE,"QQ 109"
"1563","RT","M6","M","6","BR",-2,"C04",2024-06-28,"6-28-24_ZS_M6_BR_Dilution",6.21315192743764,1.15898211136306,30.2914691943128,0.0330125948525385,TRUE,137.131802721088,"19-CD24854",TRUE,"QQ 109"
"1564","RT","M6","M","6","BR",-2,"D04",2024-06-28,"6-28-24_ZS_M6_BR_Dilution",7.51965065502183,1.44929645803008,32.3889315910838,0.0308747448858512,TRUE,146.597161572052,"19-CD24854",TRUE,"QQ 109"
"1565","RT","M6","M","6","LN",-1,"A08",2024-06-28,"6-28-24_ZS_M287&M6_LN_Dilution",1.35350318471338,0.0325548478414721,48,0.0208333333333333,FALSE,48.9046576433121,"19-CD24854",TRUE,"QQ 109"
"1566","RT","M6","M","6","LN",-1,"B08",2024-06-28,"6-28-24_ZS_M287&M6_LN_Dilution",1.41063515509601,0.034465780403742,48,0.0208333333333333,FALSE,49.9248522895126,"19-CD24854",TRUE,"QQ 109"
"1567","RT","M6","M","6","LN",-1,"C08",2024-06-28,"6-28-24_ZS_M287&M6_LN_Dilution",1.38411669367909,0.0104448046101207,48,0.0208333333333333,FALSE,48.0255267423015,"19-CD24854",TRUE,"QQ 109"
"1568","RT","M6","M","6","LN",-1,"D08",2024-06-28,"6-28-24_ZS_M287&M6_LN_Dilution",1.24172185430464,0.0246504782928624,48,0.0208333333333333,FALSE,48.5711920529801,"19-CD24854",TRUE,"QQ 109"
"1569","RT","M6","M","6","LN",-2,"A09",2024-06-28,"6-28-24_ZS_M287&M6_LN_Dilution",1.19633507853403,0.025305410122164,48,0.0208333333333333,FALSE,50.4345549738219,"19-CD24854",TRUE,"QQ 109"
"1570","RT","M6","M","6","LN",-2,"B09",2024-06-28,"6-28-24_ZS_M287&M6_LN_Dilution",1.23483870967742,0.014336917562724,48,0.0208333333333333,FALSE,49.0799999999999,"19-CD24854",TRUE,"QQ 109"
"1571","RT","M6","M","6","LN",-2,"C09",2024-06-28,"6-28-24_ZS_M287&M6_LN_Dilution",1.20382165605096,0.0184005661712668,48,0.0208333333333333,FALSE,47.9665605095541,"19-CD24854",TRUE,"QQ 109"
"1572","RT","M6","M","6","LN",-2,"D09",2024-06-28,"6-28-24_ZS_M287&M6_LN_Dilution",1.19578686493185,0.0289136720363486,48,0.0208333333333333,FALSE,48.3452602230483,"19-CD24854",TRUE,"QQ 109"
"1573","RT","M6","M","6","SK1",-1,"A04",2024-11-26,"11-26-24_ZS_M6-SK1_M7-SK2",20.3655597461135,2.64763540101595,20.7581265748076,0.0481739041524882,TRUE,470.725002299696,"19-CD24854",TRUE,"QQ 109"
"1574","RT","M6","M","6","SK1",-1,"B04",2024-11-26,"11-26-24_ZS_M6-SK1_M7-SK2",2.99608683499488,0.44665983415634,48,0.0208333333333333,FALSE,49.9542066523805,"19-CD24854",TRUE,"QQ 109"
"1575","RT","M6","M","6","SK1",-1,"C04",2024-11-26,"11-26-24_ZS_M6-SK1_M7-SK2",5.53944020356234,0.643273751557608,40.7938654353562,0.0245134896957643,TRUE,93.6982965790219,"19-CD24854",TRUE,"QQ 109"
"1576","RT","M6","M","6","SK1",-1,"D04",2024-11-26,"11-26-24_ZS_M6-SK1_M7-SK2",1.47611509451532,0.0582094339427424,48,0.0208333333333333,FALSE,48.8505680230934,"19-CD24854",TRUE,"QQ 109"
"1577","RT","M6","M","6","SK1",-2,"A05",2024-11-26,"11-26-24_ZS_M6-SK1_M7-SK2",1.48679837518464,0.0307935335631052,48,0.0208333333333333,FALSE,50.001707902511,"19-CD24854",TRUE,"QQ 109"
"1578","RT","M6","M","6","SK1",-2,"B05",2024-11-26,"11-26-24_ZS_M6-SK1_M7-SK2",8.44354685421023,1.65845107605229,45.6811052787538,0.0218908888893522,TRUE,66.3568950769816,"19-CD24854",TRUE,"QQ 109"
"1579","RT","M6","M","6","SK1",-2,"C05",2024-11-26,"11-26-24_ZS_M6-SK1_M7-SK2",1.53207051762941,0.0343835958989748,48,0.0208333333333333,FALSE,49.1420550450113,"19-CD24854",TRUE,"QQ 109"
"1580","RT","M6","M","6","SK1",-2,"D05",2024-11-26,"11-26-24_ZS_M6-SK1_M7-SK2",5.36792094260737,0.930613623886144,33.5220137134608,0.0298311434553959,TRUE,109.452822120867,"19-CD24854",TRUE,"QQ 109"
"1581","RT","M6","M","6","SK1",-0.301029995663981,"A03",2026-02-04,"2-4-26_ZS_M6_SK1-3_lowdil",1.54862559439393,0.0121057071086269,48,0.0208333333333333,FALSE,48.8592081525819,"19-CD24854",TRUE,"QQ 109"
"1582","RT","M6","M","6","SK1",-0.301029995663981,"B03",2026-02-04,"2-4-26_ZS_M6_SK1-3_lowdil",1.5146008562075,0.00567671171549288,48,0.0208333333333333,FALSE,46.6520775623269,"19-CD24854",TRUE,"QQ 109"
"1583","RT","M6","M","6","SK1",-0.301029995663981,"C03",2026-02-04,"2-4-26_ZS_M6_SK1-3_lowdil",12.6346677887313,2.55432217502427,41.3765757715297,0.024168263838983,TRUE,102.100869349603,"19-CD24854",TRUE,"QQ 109"
"1584","RT","M6","M","6","SK1",-0.301029995663981,"D03",2026-02-04,"2-4-26_ZS_M6_SK1-3_lowdil",11.5403913445682,2.33168876554631,39.3001301556083,0.0254452083502145,TRUE,111.395180589631,"19-CD24854",TRUE,"QQ 109"
"1585","RT","M6","M","6","SK1",-0.602059991327962,"A04",2026-02-04,"2-4-26_ZS_M6_SK1-3_lowdil",8.51615150369206,1.66882064278717,25.0612948365381,0.0399021681250903,TRUE,180.197579762355,"19-CD24854",TRUE,"QQ 109"
"1586","RT","M6","M","6","SK1",-0.602059991327962,"B04",2026-02-04,"2-4-26_ZS_M6_SK1-3_lowdil",8.8610775172629,1.74690611494731,22.0372025404421,0.0453778104623229,TRUE,199.372005812819,"19-CD24854",TRUE,"QQ 109"
"1587","RT","M6","M","6","SK1",-0.602059991327962,"C04",2026-02-04,"2-4-26_ZS_M6_SK1-3_lowdil",6.14064976623169,1.13958864310264,20.4550895576318,0.0488875884499319,TRUE,149.213203921725,"19-CD24854",TRUE,"QQ 109"
"1588","RT","M6","M","6","SK1",-0.602059991327962,"D04",2026-02-04,"2-4-26_ZS_M6_SK1-3_lowdil",6.60895683314721,1.24776121957377,18.5306206244185,0.0539647333064636,TRUE,143.740237157765,"19-CD24854",TRUE,"QQ 109"
"1589","RT","M6","M","6","SK1",-0.778151250383644,"A05",2026-02-04,"2-4-26_ZS_M6_SK1-3_lowdil",7.17117402808471,1.3600262502739,15.7280950985759,0.0635804904365402,TRUE,193.412338096701,"19-CD24854",TRUE,"QQ 109"
"1590","RT","M6","M","6","SK1",-0.778151250383644,"B05",2026-02-04,"2-4-26_ZS_M6_SK1-3_lowdil",6.47986091551006,1.20753136901312,20.5798809532016,0.0485911459971022,TRUE,172.49821166678,"19-CD24854",TRUE,"QQ 109"
"1591","RT","M6","M","6","SK1",-0.778151250383644,"C05",2026-02-04,"2-4-26_ZS_M6_SK1-3_lowdil",7.28898971625374,1.3855915760779,18.110208989903,0.0552174743293978,TRUE,185.284907175404,"19-CD24854",TRUE,"QQ 109"
"1592","RT","M6","M","6","SK1",-0.778151250383644,"D05",2026-02-04,"2-4-26_ZS_M6_SK1-3_lowdil",5.53711361817281,0.999993647647724,19.3903735330675,0.0515719822671101,TRUE,155.13143771201,"19-CD24854",TRUE,"QQ 109"
"1593","RT","M6","M","6","SK2",-1,"A03",2025-01-13,"1-13-25_ZS_M6-SK2_M7-SK3",1.89868938401049,0.0196077113508306,48,0.0208333333333333,FALSE,52.4557175622542,"19-CD24854",TRUE,"QQ 109"
"1594","RT","M6","M","6","SK2",-1,"B03",2025-01-13,"1-13-25_ZS_M6-SK2_M7-SK3",5.53351339051633,0.824523392593912,40.3996579098065,0.0247526848428403,TRUE,82.3349991096075,"19-CD24854",TRUE,"QQ 109"
"1595","RT","M6","M","6","SK2",-1,"C03",2025-01-13,"1-13-25_ZS_M6-SK2_M7-SK3",5.67148714053386,0.903743089842596,39.1337653008243,0.0255533806244536,TRUE,94.4473107598819,"19-CD24854",TRUE,"QQ 109"
"1596","RT","M6","M","6","SK2",-1,"D03",2025-01-13,"1-13-25_ZS_M6-SK2_M7-SK3",1.81345937296272,0.0129134646410768,48,0.0208333333333333,FALSE,50.6011193919279,"19-CD24854",TRUE,"QQ 109"
"1597","RT","M6","M","6","SK2",-2,"A04",2025-01-13,"1-13-25_ZS_M6-SK2_M7-SK3",1.98438708769956,0.0270842612779458,48,0.0208333333333333,FALSE,52.8986604945094,"19-CD24854",TRUE,"QQ 109"
"1598","RT","M6","M","6","SK2",-2,"B04",2025-01-13,"1-13-25_ZS_M6-SK2_M7-SK3",1.91452653506023,0.0329219694461321,48,0.0208333333333333,FALSE,50.3674151099882,"19-CD24854",TRUE,"QQ 109"
"1599","RT","M6","M","6","SK2",-2,"C04",2025-01-13,"1-13-25_ZS_M6-SK2_M7-SK3",1.87465759984676,0.0302759420660005,48,0.0208333333333333,FALSE,49.6225277751173,"19-CD24854",TRUE,"QQ 109"
"1600","RT","M6","M","6","SK2",-2,"D04",2025-01-13,"1-13-25_ZS_M6-SK2_M7-SK3",1.92622268882594,0.030963118497536,48,0.0208333333333333,FALSE,48.9833582592161,"19-CD24854",TRUE,"QQ 109"
"1601","RT","M6","M","6","SK2",-0.301029995663981,"A06",2026-02-04,"2-4-26_ZS_M6_SK1-3_lowdil",5.32992091253193,0.943875137767657,46.0815163785496,0.0217006747734866,TRUE,61.6305866423215,"19-CD24854",TRUE,"QQ 109"
"1602","RT","M6","M","6","SK2",-0.301029995663981,"B06",2026-02-04,"2-4-26_ZS_M6_SK1-3_lowdil",7.89181497555571,1.48633909403117,25.7840883166031,0.0387836090119219,TRUE,174.737898553671,"19-CD24854",TRUE,"QQ 109"
"1603","RT","M6","M","6","SK2",-0.301029995663981,"C06",2026-02-04,"2-4-26_ZS_M6_SK1-3_lowdil",1.47741788772221,0.0164872709216305,48,0.0208333333333333,FALSE,50.1677122263748,"19-CD24854",TRUE,"QQ 109"
"1604","RT","M6","M","6","SK2",-0.301029995663981,"D06",2026-02-04,"2-4-26_ZS_M6_SK1-3_lowdil",5.41333651200445,0.971110515110276,45.0160974807123,0.0222142756916781,TRUE,65.1263596269036,"19-CD24854",TRUE,"QQ 109"
"1605","RT","M6","M","6","SK2",-0.602059991327962,"A07",2026-02-04,"2-4-26_ZS_M6_SK1-3_lowdil",1.59877549397686,0.0432287732410979,48,0.0208333333333333,FALSE,51.5309977935037,"19-CD24854",TRUE,"QQ 109"
"1606","RT","M6","M","6","SK2",-0.602059991327962,"B07",2026-02-04,"2-4-26_ZS_M6_SK1-3_lowdil",1.57102213586843,0.0283425469741479,48,0.0208333333333333,FALSE,51.0175163813357,"19-CD24854",TRUE,"QQ 109"
"1607","RT","M6","M","6","SK2",-0.602059991327962,"C07",2026-02-04,"2-4-26_ZS_M6_SK1-3_lowdil",7.9999801177032,1.54640086244985,47.2356093738797,0.0211704689164649,TRUE,55.1987198286147,"19-CD24854",TRUE,"QQ 109"
"1608","RT","M6","M","6","SK2",-0.602059991327962,"D07",2026-02-04,"2-4-26_ZS_M6_SK1-3_lowdil",3.91522521990672,0.619237219390711,48,0.0208333333333333,FALSE,51.7348574296003,"19-CD24854",TRUE,"QQ 109"
"1609","RT","M6","M","6","SK2",-0.778151250383644,"A08",2026-02-04,"2-4-26_ZS_M6_SK1-3_lowdil",1.59356693264608,0.0246903790344342,48,0.0208333333333333,FALSE,51.0143034147792,"19-CD24854",TRUE,"QQ 109"
"1610","RT","M6","M","6","SK2",-0.778151250383644,"B08",2026-02-04,"2-4-26_ZS_M6_SK1-3_lowdil",1.61538310103158,0.021526191913624,48,0.0208333333333333,FALSE,50.487117587999,"19-CD24854",TRUE,"QQ 109"
"1611","RT","M6","M","6","SK2",-0.778151250383644,"C08",2026-02-04,"2-4-26_ZS_M6_SK1-3_lowdil",6.95818466293957,1.11544030817438,35.8986520987426,0.0278561990920831,TRUE,114.535324324066,"19-CD24854",TRUE,"QQ 109"
"1612","RT","M6","M","6","SK2",-0.778151250383644,"D08",2026-02-04,"2-4-26_ZS_M6_SK1-3_lowdil",3.45403962591877,0.538954801243448,48,0.0208333333333333,FALSE,60.7750053972895,"19-CD24854",TRUE,"QQ 109"
"1613","RT","M6","M","6","SK3",-1,"A04",2024-12-10,"12-10-24_ZS_M6-SK3_M7-SK4",1.44594889280971,0.014114941617271,48,0.0208333333333333,FALSE,48.8564605098825,"19-CD24854",TRUE,"QQ 109"
"1614","RT","M6","M","6","SK3",-1,"B04",2024-12-10,"12-10-24_ZS_M6-SK3_M7-SK4",1.47409781411548,0.0166959374762278,48,0.0208333333333333,FALSE,48.8652761378407,"19-CD24854",TRUE,"QQ 109"
"1615","RT","M6","M","6","SK3",-1,"C04",2024-12-10,"12-10-24_ZS_M6-SK3_M7-SK4",1.45477218509099,0.00717651465862265,48,0.0208333333333333,FALSE,47.3869625007393,"19-CD24854",TRUE,"QQ 109"
"1616","RT","M6","M","6","SK3",-1,"D04",2024-12-10,"12-10-24_ZS_M6-SK3_M7-SK4",1.42766074841863,0.0091061759534773,48,0.0208333333333333,FALSE,47.2593404536229,"19-CD24854",TRUE,"QQ 109"
"1617","RT","M6","M","6","SK3",-2,"A05",2024-12-10,"12-10-24_ZS_M6-SK3_M7-SK4",1.47480574291011,0.0182730950095759,48,0.0208333333333333,FALSE,48.7322432256537,"19-CD24854",TRUE,"QQ 109"
"1618","RT","M6","M","6","SK3",-2,"B05",2024-12-10,"12-10-24_ZS_M6-SK3_M7-SK4",1.47299222088309,0.00878512306144609,48,0.0208333333333333,FALSE,48.3813535264998,"19-CD24854",TRUE,"QQ 109"
"1619","RT","M6","M","6","SK3",-2,"C05",2024-12-10,"12-10-24_ZS_M6-SK3_M7-SK4",1.43700999344211,0.0111386259751192,48,0.0208333333333333,FALSE,47.228208472403,"19-CD24854",TRUE,"QQ 109"
"1620","RT","M6","M","6","SK3",-2,"D05",2024-12-10,"12-10-24_ZS_M6-SK3_M7-SK4",1.43862453826906,0.0065359477124183,48,0.0208333333333333,FALSE,47.2606756662827,"19-CD24854",TRUE,"QQ 109"
"1621","RT","M6","M","6","SK3",-0.301029995663981,"A09",2026-02-04,"2-4-26_ZS_M6_SK1-3_lowdil",1.60776427664636,0.00957999509265283,48,0.0208333333333333,FALSE,47.1483219006369,"19-CD24854",TRUE,"QQ 109"
"1622","RT","M6","M","6","SK3",-0.301029995663981,"B09",2026-02-04,"2-4-26_ZS_M6_SK1-3_lowdil",1.52846255900774,0.00813166997487137,48,0.0208333333333333,FALSE,45.9696013699053,"19-CD24854",TRUE,"QQ 109"
"1623","RT","M6","M","6","SK3",-0.301029995663981,"C09",2026-02-04,"2-4-26_ZS_M6_SK1-3_lowdil",1.48332473961019,0.00648081308079244,48,0.0208333333333333,FALSE,47.1060443951737,"19-CD24854",TRUE,"QQ 109"
"1624","RT","M6","M","6","SK3",-0.301029995663981,"D09",2026-02-04,"2-4-26_ZS_M6_SK1-3_lowdil",1.44979384067193,0.00713780718871071,48,0.0208333333333333,FALSE,47.1625655383049,"19-CD24854",TRUE,"QQ 109"
"1625","RT","M6","M","6","SK3",-0.602059991327962,"A10",2026-02-04,"2-4-26_ZS_M6_SK1-3_lowdil",1.61324109859387,0.00619466600882602,48,0.0208333333333333,FALSE,45.3946504193734,"19-CD24854",TRUE,"QQ 109"
"1626","RT","M6","M","6","SK3",-0.602059991327962,"B10",2026-02-04,"2-4-26_ZS_M6_SK1-3_lowdil",1.61033830287152,0.00612932813045096,48,0.0208333333333333,FALSE,45.0930267918408,"19-CD24854",TRUE,"QQ 109"
"1627","RT","M6","M","6","SK3",-0.602059991327962,"C10",2026-02-04,"2-4-26_ZS_M6_SK1-3_lowdil",1.57575726711617,0.0074827021925268,48,0.0208333333333333,FALSE,44.829488857428,"19-CD24854",TRUE,"QQ 109"
"1628","RT","M6","M","6","SK3",-0.602059991327962,"D10",2026-02-04,"2-4-26_ZS_M6_SK1-3_lowdil",1.58983250790681,0.0060271390750477,48,0.0208333333333333,FALSE,45.3599173217536,"19-CD24854",TRUE,"QQ 109"
"1629","RT","M6","M","6","SK3",-0.778151250383644,"A11",2026-02-04,"2-4-26_ZS_M6_SK1-3_lowdil",1.58441453702304,0.0101013155905035,48,0.0208333333333333,FALSE,47.0502532889763,"19-CD24854",TRUE,"QQ 109"
"1630","RT","M6","M","6","SK3",-0.778151250383644,"B11",2026-02-04,"2-4-26_ZS_M6_SK1-3_lowdil",8.7205,1.7274,25.1494741230583,0.0397622628253348,TRUE,204.471659999999,"19-CD24854",TRUE,"QQ 109"
"1631","RT","M6","M","6","SK3",-0.778151250383644,"C11",2026-02-04,"2-4-26_ZS_M6_SK1-3_lowdil",20.8061485649286,4.40761805456815,15.7857022827055,0.0633484644579657,TRUE,471.218075247303,"19-CD24854",TRUE,"QQ 109"
"1632","RT","M6","M","6","SK3",-0.778151250383644,"D11",2026-02-04,"2-4-26_ZS_M6_SK1-3_lowdil",17.5554882542375,3.69169714855532,42.3170800249236,0.0236311200917225,TRUE,127.859001635422,"19-CD24854",TRUE,"QQ 109"
"1633","RT","M6","M","6","SK4",-1,"A04",2024-12-12,"12-12-24_ZS_M6-SK4_M10-SK3",7.79836431891312,1.47490763913717,38.4637040022956,0.0259985361768673,TRUE,111.133740391491,"19-CD24854",TRUE,"QQ 109"
"1634","RT","M6","M","6","SK4",-1,"B04",2024-12-12,"12-12-24_ZS_M6-SK4_M10-SK3",7.43118910442765,1.39211805494379,22.8723983306989,0.0437208195459687,TRUE,187.166859374174,"19-CD24854",TRUE,"QQ 109"
"1635","RT","M6","M","6","SK4",-1,"C04",2024-12-12,"12-12-24_ZS_M6-SK4_M10-SK3",4.62897795963917,0.647009103402668,40.777826452653,0.0245231314906178,TRUE,88.2777968938901,"19-CD24854",TRUE,"QQ 109"
"1636","RT","M6","M","6","SK4",-1,"D04",2024-12-12,"12-12-24_ZS_M6-SK4_M10-SK3",5.59716867850597,0.899422078970837,22.2693312084851,0.0449048061047733,TRUE,156.398337411183,"19-CD24854",TRUE,"QQ 109"
"1637","RT","M6","M","6","SK4",-2,"A05",2024-12-12,"12-12-24_ZS_M6-SK4_M10-SK3",1.61382076341508,0.060245456594341,48,0.0208333333333333,FALSE,51.7761110086668,"19-CD24854",TRUE,"QQ 109"
"1638","RT","M6","M","6","SK4",-2,"B05",2024-12-12,"12-12-24_ZS_M6-SK4_M10-SK3",1.70518312170271,0.0283022167949807,48,0.0208333333333333,FALSE,47.6487905572357,"19-CD24854",TRUE,"QQ 109"
"1639","RT","M6","M","6","SK4",-2,"C05",2024-12-12,"12-12-24_ZS_M6-SK4_M10-SK3",4.08870103691866,0.61443736216286,44.0857965451056,0.0226830425753308,TRUE,82.9118516988394,"19-CD24854",TRUE,"QQ 109"
"1640","RT","M6","M","6","SK4",-2,"D05",2024-12-12,"12-12-24_ZS_M6-SK4_M10-SK3",1.63053639193663,0.0422805753172588,48,0.0208333333333333,FALSE,46.1475335749594,"19-CD24854",TRUE,"QQ 109"
"1641","RT","M6","M","6","SK4",-0.301029995663981,"A03",2026-03-20,"3-20-26_ZS_M6&M7&M9_SK4_lowdil",1.4278232372987,0.00816707658421404,48,0.0208333333333333,FALSE,48.358175928346,"19-CD24854",TRUE,"QQ 109"
"1642","RT","M6","M","6","SK4",-0.301029995663981,"A09",2025-12-15,"12-15-25_ZS_RD1&M6&M539_SK_lowdil",1.43243600699955,0.0102958531721808,48,0.0208333333333333,FALSE,45.6314171041387,"19-CD24854",TRUE,"QQ 109"
"1643","RT","M6","M","6","SK4",-0.301029995663981,"B03",2026-03-20,"3-20-26_ZS_M6&M7&M9_SK4_lowdil",1.37468245982805,0.0101258648991786,48,0.0208333333333333,FALSE,47.7921568822785,"19-CD24854",TRUE,"QQ 109"
"1644","RT","M6","M","6","SK4",-0.301029995663981,"B09",2025-12-15,"12-15-25_ZS_RD1&M6&M539_SK_lowdil",12.4687171210558,2.53905635514878,42.311847972694,0.0236340421870808,TRUE,102.546118624677,"19-CD24854",TRUE,"QQ 109"
"1645","RT","M6","M","6","SK4",-0.301029995663981,"C03",2026-03-20,"3-20-26_ZS_M6&M7&M9_SK4_lowdil",1.40155785069413,0.00575702900292368,48,0.0208333333333333,FALSE,48.5820804009384,"19-CD24854",TRUE,"QQ 109"
"1646","RT","M6","M","6","SK4",-0.301029995663981,"C09",2025-12-15,"12-15-25_ZS_RD1&M6&M539_SK_lowdil",15.6169207136949,3.19711729926784,45.3047212632656,0.0220727547177479,TRUE,78.0994623655913,"19-CD24854",TRUE,"QQ 109"
"1647","RT","M6","M","6","SK4",-0.301029995663981,"D03",2026-03-20,"3-20-26_ZS_M6&M7&M9_SK4_lowdil",6.23857982813207,1.09983142140537,47.3700011571395,0.021110406915185,TRUE,55.4866165042556,"19-CD24854",TRUE,"QQ 109"
"1648","RT","M6","M","6","SK4",-0.301029995663981,"D09",2025-12-15,"12-15-25_ZS_RD1&M6&M539_SK_lowdil",17.5058575515736,3.66539398908018,31.5246013712961,0.0317212575734748,TRUE,223.10557897907,"19-CD24854",TRUE,"QQ 109"
"1649","RT","M6","M","6","SK4",-0.602059991327962,"A04",2026-03-20,"3-20-26_ZS_M6&M7&M9_SK4_lowdil",6.19684457408648,1.15883339684041,30.2574807067524,0.0330496781834462,TRUE,108.879677214316,"19-CD24854",TRUE,"QQ 109"
"1650","RT","M6","M","6","SK4",-0.602059991327962,"A10",2025-12-15,"12-15-25_ZS_RD1&M6&M539_SK_lowdil",8.57811111330555,1.66944263403095,16.8626719333369,0.0593025828856359,TRUE,206.365659500721,"19-CD24854",TRUE,"QQ 109"
"1651","RT","M6","M","6","SK4",-0.602059991327962,"B04",2026-03-20,"3-20-26_ZS_M6&M7&M9_SK4_lowdil",5.59223595881049,1.01138640539023,30.5871706069437,0.0326934456557086,TRUE,104.95176710914,"19-CD24854",TRUE,"QQ 109"
"1652","RT","M6","M","6","SK4",-0.602059991327962,"B10",2025-12-15,"12-15-25_ZS_RD1&M6&M539_SK_lowdil",11.4639932278132,2.31418484395097,17.5017635842035,0.0571370990808359,TRUE,276.782722802977,"19-CD24854",TRUE,"QQ 109"
"1653","RT","M6","M","6","SK4",-0.602059991327962,"C04",2026-03-20,"3-20-26_ZS_M6&M7&M9_SK4_lowdil",5.71773072914656,1.05178780509772,27.6118995706653,0.0362162696355159,TRUE,112.554277077624,"19-CD24854",TRUE,"QQ 109"
"1654","RT","M6","M","6","SK4",-0.602059991327962,"C10",2025-12-15,"12-15-25_ZS_RD1&M6&M539_SK_lowdil",13.9099115312482,2.87232125754868,20.5367842859749,0.0486931150502917,TRUE,244.656718273439,"19-CD24854",TRUE,"QQ 109"
"1655","RT","M6","M","6","SK4",-0.602059991327962,"D04",2026-03-20,"3-20-26_ZS_M6&M7&M9_SK4_lowdil",5.78212136975277,1.06559881699006,29.8713393726246,0.0334769053213745,TRUE,109.445060459136,"19-CD24854",TRUE,"QQ 109"
"1656","RT","M6","M","6","SK4",-0.602059991327962,"D10",2025-12-15,"12-15-25_ZS_RD1&M6&M539_SK_lowdil",10.3038291851313,2.06118748082569,20.5456429852062,0.0486721199584772,TRUE,241.805778414283,"19-CD24854",TRUE,"QQ 109"
"1657","RT","M6","M","6","SK4",-0.778151250383644,"A05",2026-03-20,"3-20-26_ZS_M6&M7&M9_SK4_lowdil",8.46497849041846,1.65180767392343,22.7151921120634,0.0440234005095175,TRUE,190.959620649198,"19-CD24854",TRUE,"QQ 109"
"1658","RT","M6","M","6","SK4",-0.778151250383644,"A11",2025-12-15,"12-15-25_ZS_RD1&M6&M539_SK_lowdil",8.26936080664625,1.59467111700648,23.4793750143594,0.0425905714861842,TRUE,189.406700360039,"19-CD24854",TRUE,"QQ 109"
"1659","RT","M6","M","6","SK4",-0.778151250383644,"B05",2026-03-20,"3-20-26_ZS_M6&M7&M9_SK4_lowdil",6.53374910097636,1.22081553074962,24.9561086305545,0.0400703497009013,TRUE,133.666826766766,"19-CD24854",TRUE,"QQ 109"
"1660","RT","M6","M","6","SK4",-0.778151250383644,"B11",2025-12-15,"12-15-25_ZS_RD1&M6&M539_SK_lowdil",9.56676640456475,1.88394396563626,19.197541210481,0.0520900040810458,TRUE,240.600934918536,"19-CD24854",TRUE,"QQ 109"
"1661","RT","M6","M","6","SK4",-0.778151250383644,"C05",2026-03-20,"3-20-26_ZS_M6&M7&M9_SK4_lowdil",7.49061387211643,1.44142970188024,22.0249792136184,0.0454029940414966,TRUE,171.34312224222,"19-CD24854",TRUE,"QQ 109"
"1662","RT","M6","M","6","SK4",-0.778151250383644,"C11",2025-12-15,"12-15-25_ZS_RD1&M6&M539_SK_lowdil",9.75591454380347,1.92484188054613,24.3421235497572,0.0410810502196295,TRUE,227.867392343354,"19-CD24854",TRUE,"QQ 109"
"1663","RT","M6","M","6","SK4",-0.778151250383644,"D05",2026-03-20,"3-20-26_ZS_M6&M7&M9_SK4_lowdil",6.01861470183531,1.11019593402973,26.8926150730781,0.0371849296649878,TRUE,123.179323969457,"19-CD24854",TRUE,"QQ 109"
"1664","RT","M6","M","6","SK4",-0.778151250383644,"D11",2025-12-15,"12-15-25_ZS_RD1&M6&M539_SK_lowdil",9.74775301011852,1.92548137819567,14.5269078360645,0.0688377741006522,TRUE,262.758612283545,"19-CD24854",TRUE,"QQ 109"
"1665","RT","M7","M","7","BR",-1,"A03",2024-10-31,"10-31-24_ZS_M7_BR_Dilution",12.2479975596796,2.49599949269325,7.61426092129088,0.131332510185436,TRUE,335.209572353532,"20-CD3380",TRUE,"KK 109"
"1666","RT","M7","M","7","BR",-1,"B03",2024-10-31,"10-31-24_ZS_M7_BR_Dilution",11.1732398956975,2.26071997682167,4.84547892480342,0.206377948499811,TRUE,310.399955182529,"20-CD3380",TRUE,"KK 109"
"1667","RT","M7","M","7","BR",-1,"C03",2024-10-31,"10-31-24_ZS_M7_BR_Dilution",10.5870789702491,2.13887943816496,6.10337292316893,0.163843830712673,TRUE,284.065753411712,"20-CD3380",TRUE,"KK 109"
"1668","RT","M7","M","7","BR",-1,"D03",2024-10-31,"10-31-24_ZS_M7_BR_Dilution",10.6946388800509,2.15097261993142,6.92090476782292,0.144489778944692,TRUE,293.395475809338,"20-CD3380",TRUE,"KK 109"
"1669","RT","M7","M","7","BR",-2,"A04",2024-10-31,"10-31-24_ZS_M7_BR_Dilution",10.7639369913463,2.16320594000418,7.02402777629514,0.142368457507361,TRUE,347.25984271689,"20-CD3380",TRUE,"KK 109"
"1670","RT","M7","M","7","BR",-2,"B04",2024-10-31,"10-31-24_ZS_M7_BR_Dilution",11.9010604672041,2.42018233469035,6.06660971247796,0.16483671233097,TRUE,391.022460115585,"20-CD3380",TRUE,"KK 109"
"1671","RT","M7","M","7","BR",-2,"C04",2024-10-31,"10-31-24_ZS_M7_BR_Dilution",9.74919832497076,1.92865825798636,6.80339388248666,0.146985463031062,TRUE,309.266936563926,"20-CD3380",TRUE,"KK 109"
"1672","RT","M7","M","7","BR",-2,"D04",2024-10-31,"10-31-24_ZS_M7_BR_Dilution",11.0201010742697,2.21777006604488,6.09202279382467,0.164149090350364,TRUE,358.654256781742,"20-CD3380",TRUE,"KK 109"
"1673","RT","M7","M","7","LN",-1,"A03",2024-10-31,"10-31-24_ZS_M7_LN_Dilution",14.5803357314149,3.02859579003464,6.92976463882789,0.144305045282049,TRUE,310.790359712229,"20-CD3380",TRUE,"KK 109"
"1674","RT","M7","M","7","LN",-1,"B03",2024-10-31,"10-31-24_ZS_M7_LN_Dilution",16.0374663630718,3.33531129970791,7.59583598762342,0.131651078515833,TRUE,328.428275719313,"20-CD3380",TRUE,"KK 109"
"1675","RT","M7","M","7","LN",-1,"C03",2024-10-31,"10-31-24_ZS_M7_LN_Dilution",11.2185496794872,2.25347222222222,9.01558288892712,0.110919062285833,TRUE,244.882624699519,"20-CD3380",TRUE,"KK 109"
"1676","RT","M7","M","7","LN",-1,"D03",2024-10-31,"10-31-24_ZS_M7_LN_Dilution",14.0723743155799,2.89295946020685,8.65300297945742,0.115566815633144,TRUE,291.142496266799,"20-CD3380",TRUE,"KK 109"
"1677","RT","M7","M","7","LN",-2,"A04",2024-10-31,"10-31-24_ZS_M7_LN_Dilution",6.94692062264333,1.31977612341143,9.34254242121774,0.107037244779206,TRUE,220.669679976796,"20-CD3380",TRUE,"KK 109"
"1678","RT","M7","M","7","LN",-2,"B04",2024-10-31,"10-31-24_ZS_M7_LN_Dilution",4.53601273378432,0.784631029756378,12.9951905059338,0.076951546000298,TRUE,155.930461599682,"20-CD3380",TRUE,"KK 109"
"1679","RT","M7","M","7","LN",-2,"C04",2024-10-31,"10-31-24_ZS_M7_LN_Dilution",5.92530120481928,1.08755020080321,7.01625659050967,0.142526144404784,TRUE,216.857530120482,"20-CD3380",TRUE,"KK 109"
"1680","RT","M7","M","7","LN",-2,"D04",2024-10-31,"10-31-24_ZS_M7_LN_Dilution",5.59934508330926,1.01171787216283,7.94701431908195,0.125833421187987,TRUE,201.280590869691,"20-CD3380",TRUE,"KK 109"
"1681","RT","M7","M","7","SK1",-1,"A03",2024-11-14,"11-14-24_ZS_M7-SK1_M9-SK1",8.98987808585973,1.77552846352438,6.22079412681431,0.160751180575092,TRUE,259.97588444148,"20-CD3380",TRUE,"KK 109"
"1682","RT","M7","M","7","SK1",-1,"B03",2024-11-14,"11-14-24_ZS_M7-SK1_M9-SK1",8.98791924360614,1.78089415124243,6.48594088800118,0.154179635193712,TRUE,253.56075846182,"20-CD3380",TRUE,"KK 109"
"1683","RT","M7","M","7","SK1",-1,"C03",2024-11-14,"11-14-24_ZS_M7-SK1_M9-SK1",8.9364704744402,1.75925155701719,6.02757011439127,0.165904333093103,TRUE,258.233436910577,"20-CD3380",TRUE,"KK 109"
"1684","RT","M7","M","7","SK1",-1,"D03",2024-11-14,"11-14-24_ZS_M7-SK1_M9-SK1",9.84398318895274,1.96532959754505,5.29776315247111,0.188758910358904,TRUE,281.537506790176,"20-CD3380",TRUE,"KK 109"
"1685","RT","M7","M","7","SK1",-2,"A04",2024-11-14,"11-14-24_ZS_M7-SK1_M9-SK1",6.04147570167797,1.06062480798286,12.3973676313143,0.0806622849091059,TRUE,217.522811635923,"20-CD3380",TRUE,"KK 109"
"1686","RT","M7","M","7","SK1",-2,"B04",2024-11-14,"11-14-24_ZS_M7-SK1_M9-SK1",6.3524501784652,1.17595553242118,10.1049795862196,0.0989611103582761,TRUE,228.494414829343,"20-CD3380",TRUE,"KK 109"
"1687","RT","M7","M","7","SK1",-2,"C04",2024-11-14,"11-14-24_ZS_M7-SK1_M9-SK1",5.31221511076024,0.947067122385024,14.0408487542617,0.0712207657458372,TRUE,188.465333972425,"20-CD3380",TRUE,"KK 109"
"1688","RT","M7","M","7","SK1",-2,"D04",2024-11-14,"11-14-24_ZS_M7-SK1_M9-SK1",5.45882061635747,0.869145725665477,14.4500581304358,0.0692038738511181,TRUE,193.540437745229,"20-CD3380",TRUE,"KK 109"
"1689","RT","M7","M","7","SK1",-0.301029995663981,"A03",2026-02-08,"2-8-26_ZS_M7_SK1-3_lowdil",8.40352766394464,1.55815903846175,47.1892549033734,0.0211912648768801,TRUE,56.1273443809637,"20-CD3380",TRUE,"KK 109"
"1690","RT","M7","M","7","SK1",-0.301029995663981,"B03",2026-02-08,"2-8-26_ZS_M7_SK1-3_lowdil",18.584746428782,3.47107548080177,42.9661615661418,0.023274129304304,TRUE,114.497462814139,"20-CD3380",TRUE,"KK 109"
"1691","RT","M7","M","7","SK1",-0.301029995663981,"C03",2026-02-08,"2-8-26_ZS_M7_SK1-3_lowdil",21.1736050852588,4.31136671935784,45.2463040926052,0.0221012526891326,TRUE,87.8171450913123,"20-CD3380",TRUE,"KK 109"
"1692","RT","M7","M","7","SK1",-0.301029995663981,"D03",2026-02-08,"2-8-26_ZS_M7_SK1-3_lowdil",20.1716404358354,4.04866155501749,43.1532394989156,0.0231732312941449,TRUE,120.399701119855,"20-CD3380",TRUE,"KK 109"
"1693","RT","M7","M","7","SK1",-0.602059991327962,"A04",2026-02-08,"2-8-26_ZS_M7_SK1-3_lowdil",26.2816462378458,5.57517437397982,17.275756875,0.0578845840003175,TRUE,546.078340087079,"20-CD3380",TRUE,"KK 109"
"1694","RT","M7","M","7","SK1",-0.602059991327962,"B04",2026-02-08,"2-8-26_ZS_M7_SK1-3_lowdil",24.7541821705027,5.26008536701288,16.6901752243467,0.0599154883971053,TRUE,511.862271823045,"20-CD3380",TRUE,"KK 109"
"1695","RT","M7","M","7","SK1",-0.602059991327962,"C04",2026-02-08,"2-8-26_ZS_M7_SK1-3_lowdil",24.367563901826,5.15435392309065,17.4628376081162,0.0572644619643734,TRUE,480.194585174178,"20-CD3380",TRUE,"KK 109"
"1696","RT","M7","M","7","SK1",-0.602059991327962,"D04",2026-02-08,"2-8-26_ZS_M7_SK1-3_lowdil",26.3015576129763,5.55553015529947,16.6344008139253,0.0601163823804739,TRUE,570.366119579787,"20-CD3380",TRUE,"KK 109"
"1697","RT","M7","M","7","SK1",-0.778151250383644,"A05",2026-02-08,"2-8-26_ZS_M7_SK1-3_lowdil",21.6650138424032,4.59641933988035,11.5273995,0.0867498346005966,TRUE,469.540783438701,"20-CD3380",TRUE,"KK 109"
"1698","RT","M7","M","7","SK1",-0.778151250383644,"B05",2026-02-08,"2-8-26_ZS_M7_SK1-3_lowdil",22.0840897694362,4.69677629162673,11.5110678729419,0.0868729131856322,TRUE,452.097051945924,"20-CD3380",TRUE,"KK 109"
"1699","RT","M7","M","7","SK1",-0.778151250383644,"C05",2026-02-08,"2-8-26_ZS_M7_SK1-3_lowdil",18.1688815902847,3.82849857125319,11.8791702125035,0.0841809639992732,TRUE,385.181856886537,"20-CD3380",TRUE,"KK 109"
"1700","RT","M7","M","7","SK1",-0.778151250383644,"D05",2026-02-08,"2-8-26_ZS_M7_SK1-3_lowdil",17.76786,3.73412666666667,8.28847587035544,0.120649443352619,TRUE,429.0820425,"20-CD3380",TRUE,"KK 109"
"1701","RT","M7","M","7","SK2",-1,"A08",2024-11-26,"11-26-24_ZS_M6-SK1_M7-SK2",9.13474325821943,1.78401674670607,9.9056279887195,0.100952711038492,TRUE,284.000404045068,"20-CD3380",TRUE,"KK 109"
"1702","RT","M7","M","7","SK2",-1,"B08",2024-11-26,"11-26-24_ZS_M6-SK1_M7-SK2",9.25915389556759,1.81617774514902,11.7161484793064,0.0853522812352752,TRUE,302.617188216941,"20-CD3380",TRUE,"KK 109"
"1703","RT","M7","M","7","SK2",-1,"C08",2024-11-26,"11-26-24_ZS_M6-SK1_M7-SK2",10.3742370410859,2.0744587167107,6.29214285714286,0.158928368713815,TRUE,342.976257174091,"20-CD3380",TRUE,"KK 109"
"1704","RT","M7","M","7","SK2",-1,"D08",2024-11-26,"11-26-24_ZS_M6-SK1_M7-SK2",8.6781478318626,1.39812969815816,9.54939103394662,0.104718719386938,TRUE,293.677483632223,"20-CD3380",TRUE,"KK 109"
"1705","RT","M7","M","7","SK2",-2,"A09",2024-11-26,"11-26-24_ZS_M6-SK1_M7-SK2",6.8640839836492,0.851315083199141,30.1491325898389,0.0331684501044991,TRUE,135.851344760312,"20-CD3380",TRUE,"KK 109"
"1706","RT","M7","M","7","SK2",-2,"B09",2024-11-26,"11-26-24_ZS_M6-SK1_M7-SK2",8.00018698578908,1.40758746779689,10.975859918224,0.0911090345039505,TRUE,269.33565117801,"20-CD3380",TRUE,"KK 109"
"1707","RT","M7","M","7","SK2",-2,"C09",2024-11-26,"11-26-24_ZS_M6-SK1_M7-SK2",6.82323833959498,1.10406548764471,16.3928694627303,0.0610021328037492,TRUE,220.157507101621,"20-CD3380",TRUE,"KK 109"
"1708","RT","M7","M","7","SK2",-2,"D09",2024-11-26,"11-26-24_ZS_M6-SK1_M7-SK2",7.82263623660922,1.39247528851628,9.35720220685988,0.106869551164224,TRUE,268.829308337215,"20-CD3380",TRUE,"KK 109"
"1709","RT","M7","M","7","SK2",-0.301029995663981,"A06",2026-02-08,"2-8-26_ZS_M7_SK1-3_lowdil",13.3133766713149,2.68715081253019,14.1091145449181,0.0708761699266368,TRUE,329.538913183906,"20-CD3380",TRUE,"KK 109"
"1710","RT","M7","M","7","SK2",-0.301029995663981,"B06",2026-02-08,"2-8-26_ZS_M7_SK1-3_lowdil",12.662359386108,2.56758527439747,13.7024979170608,0.0729793944179268,TRUE,304.500521421402,"20-CD3380",TRUE,"KK 109"
"1711","RT","M7","M","7","SK2",-0.301029995663981,"C06",2026-02-08,"2-8-26_ZS_M7_SK1-3_lowdil",18.3213440267744,3.83712002684698,14.3887415289923,0.0694987812509573,TRUE,375.498809997551,"20-CD3380",TRUE,"KK 109"
"1712","RT","M7","M","7","SK2",-0.301029995663981,"D06",2026-02-08,"2-8-26_ZS_M7_SK1-3_lowdil",14.3408646292636,2.86463827366975,11.4780642611364,0.0871227044255101,TRUE,372.447179565152,"20-CD3380",TRUE,"KK 109"
"1713","RT","M7","M","7","SK2",-0.602059991327962,"A07",2026-02-08,"2-8-26_ZS_M7_SK1-3_lowdil",15.0836006455341,3.10772183592012,9.01032239772656,0.110983820096417,TRUE,402.557643551632,"20-CD3380",TRUE,"KK 109"
"1714","RT","M7","M","7","SK2",-0.602059991327962,"B07",2026-02-08,"2-8-26_ZS_M7_SK1-3_lowdil",12.5942630610779,2.54912762197061,11.2670581860766,0.0887543122157444,TRUE,318.769089929862,"20-CD3380",TRUE,"KK 109"
"1715","RT","M7","M","7","SK2",-0.602059991327962,"C07",2026-02-08,"2-8-26_ZS_M7_SK1-3_lowdil",13.9063749211025,2.84394706990962,8.96595267857143,0.111533044602164,TRUE,358.493301223288,"20-CD3380",TRUE,"KK 109"
"1716","RT","M7","M","7","SK2",-0.602059991327962,"D07",2026-02-08,"2-8-26_ZS_M7_SK1-3_lowdil",13.5475258727176,2.75369680277452,12.0953902997838,0.0826761249711698,TRUE,311.786106324673,"20-CD3380",TRUE,"KK 109"
"1717","RT","M7","M","7","SK2",-0.778151250383644,"A08",2026-02-08,"2-8-26_ZS_M7_SK1-3_lowdil",13.5070014200063,2.75464131692437,10.0010440404862,0.0999895606850448,TRUE,345.989818357526,"20-CD3380",TRUE,"KK 109"
"1718","RT","M7","M","7","SK2",-0.778151250383644,"B08",2026-02-08,"2-8-26_ZS_M7_SK1-3_lowdil",12.4786797394804,2.52323814175149,8.51866756129798,0.117389250467198,TRUE,354.481444499082,"20-CD3380",TRUE,"KK 109"
"1719","RT","M7","M","7","SK2",-0.778151250383644,"C08",2026-02-08,"2-8-26_ZS_M7_SK1-3_lowdil",12.0070469666549,2.41326019535539,10.1263139194759,0.0987526169889619,TRUE,311.01267789654,"20-CD3380",TRUE,"KK 109"
"1720","RT","M7","M","7","SK2",-0.778151250383644,"D08",2026-02-08,"2-8-26_ZS_M7_SK1-3_lowdil",12.9895681514165,2.64351583799744,10.1803103771425,0.0982288322215862,TRUE,323.402049184419,"20-CD3380",TRUE,"KK 109"
"1721","RT","M7","M","7","SK3",-1,"A08",2025-01-13,"1-13-25_ZS_M6-SK2_M7-SK3",13.3772914678186,2.74892608372884,7.08122936956786,0.141218416719783,TRUE,372.659691814183,"20-CD3380",TRUE,"KK 109"
"1722","RT","M7","M","7","SK3",-1,"B08",2025-01-13,"1-13-25_ZS_M6-SK2_M7-SK3",10.1216527612237,2.01952500772525,6.90885149553962,0.144741857694525,TRUE,302.765200387365,"20-CD3380",TRUE,"KK 109"
"1723","RT","M7","M","7","SK3",-1,"C08",2025-01-13,"1-13-25_ZS_M6-SK2_M7-SK3",9.84027441714822,1.93823610966143,8.37674428245494,0.119378121890923,TRUE,318.490630960176,"20-CD3380",TRUE,"KK 109"
"1724","RT","M7","M","7","SK3",-1,"D08",2025-01-13,"1-13-25_ZS_M6-SK2_M7-SK3",10.2373436107991,2.04571062133908,9.44729240082631,0.105850433920362,TRUE,317.624923742108,"20-CD3380",TRUE,"KK 109"
"1725","RT","M7","M","7","SK3",-2,"A09",2025-01-13,"1-13-25_ZS_M6-SK2_M7-SK3",2.43037848902491,0.286918992683274,48,0.0208333333333333,FALSE,53.7958342856008,"20-CD3380",TRUE,"KK 109"
"1726","RT","M7","M","7","SK3",-2,"B09",2025-01-13,"1-13-25_ZS_M6-SK2_M7-SK3",6.80473396519733,1.20184098646563,17.0724666016097,0.0585738442683916,TRUE,221.894602828344,"20-CD3380",TRUE,"KK 109"
"1727","RT","M7","M","7","SK3",-2,"C09",2025-01-13,"1-13-25_ZS_M6-SK2_M7-SK3",6.75272926288298,1.2173349933482,12.4680383332535,0.0802050790406136,TRUE,242.448314434127,"20-CD3380",TRUE,"KK 109"
"1728","RT","M7","M","7","SK3",-2,"D09",2025-01-13,"1-13-25_ZS_M6-SK2_M7-SK3",6.10705548678863,0.984664433636666,19.5163626069451,0.0512390561776167,TRUE,186.866508367365,"20-CD3380",TRUE,"KK 109"
"1729","RT","M7","M","7","SK3",-0.301029995663981,"A09",2026-02-08,"2-8-26_ZS_M7_SK1-3_lowdil",8.9226308965996,1.71825627728608,26.1501507919231,0.0382406972700466,TRUE,149.660995926868,"20-CD3380",TRUE,"KK 109"
"1730","RT","M7","M","7","SK3",-0.301029995663981,"B09",2026-02-08,"2-8-26_ZS_M7_SK1-3_lowdil",8.46240385719206,1.63133670922673,23.711269725954,0.0421740384027354,TRUE,153.274893094937,"20-CD3380",TRUE,"KK 109"
"1731","RT","M7","M","7","SK3",-0.301029995663981,"C09",2026-02-08,"2-8-26_ZS_M7_SK1-3_lowdil",11.8687048443128,2.31387983111092,23.8304868008478,0.041963053812414,TRUE,240.090475213657,"20-CD3380",TRUE,"KK 109"
"1732","RT","M7","M","7","SK3",-0.301029995663981,"D09",2026-02-08,"2-8-26_ZS_M7_SK1-3_lowdil",7.97282635943407,1.51690860008401,23.7822576214697,0.0420481526992307,TRUE,151.736391871973,"20-CD3380",TRUE,"KK 109"
"1733","RT","M7","M","7","SK3",-0.602059991327962,"A10",2026-02-08,"2-8-26_ZS_M7_SK1-3_lowdil",14.4948771973312,2.98764055001274,15.4459250402554,0.0647419948882171,TRUE,314.032483578112,"20-CD3380",TRUE,"KK 109"
"1734","RT","M7","M","7","SK3",-0.602059991327962,"B10",2026-02-08,"2-8-26_ZS_M7_SK1-3_lowdil",13.8250533026972,2.83890050393186,15.8961726643444,0.0629082245843385,TRUE,317.616771719555,"20-CD3380",TRUE,"KK 109"
"1735","RT","M7","M","7","SK3",-0.602059991327962,"C10",2026-02-08,"2-8-26_ZS_M7_SK1-3_lowdil",8.93491395184488,1.76124609186211,14.2951716451435,0.0699536895969857,TRUE,208.934889068052,"20-CD3380",TRUE,"KK 109"
"1736","RT","M7","M","7","SK3",-0.602059991327962,"D10",2026-02-08,"2-8-26_ZS_M7_SK1-3_lowdil",8.51597484769535,1.67630446564412,13.488019202171,0.0741398707260915,TRUE,202.167613469412,"20-CD3380",TRUE,"KK 109"
"1737","RT","M7","M","7","SK3",-0.778151250383644,"A11",2026-02-08,"2-8-26_ZS_M7_SK1-3_lowdil",8.85015984941289,1.74268062319692,10.4127483849865,0.0960361244723667,TRUE,229.608182198453,"20-CD3380",TRUE,"KK 109"
"1738","RT","M7","M","7","SK3",-0.778151250383644,"B11",2026-02-08,"2-8-26_ZS_M7_SK1-3_lowdil",11.2827781859744,2.27595449968705,11.3988331760936,0.0877282774957413,TRUE,277.290889817536,"20-CD3380",TRUE,"KK 109"
"1739","RT","M7","M","7","SK3",-0.778151250383644,"C11",2026-02-08,"2-8-26_ZS_M7_SK1-3_lowdil",7.96093811279316,1.54513861653637,8.64170013332466,0.115717970372952,TRUE,221.553281139697,"20-CD3380",TRUE,"KK 109"
"1740","RT","M7","M","7","SK3",-0.778151250383644,"D11",2026-02-08,"2-8-26_ZS_M7_SK1-3_lowdil",10.047619047619,2.00705467372134,9.45793581960104,0.105731315910133,TRUE,259.997023809524,"20-CD3380",TRUE,"KK 109"
"1741","RT","M7","M","7","SK4",-1,"A08",2024-12-10,"12-10-24_ZS_M6-SK3_M7-SK4",6.74444700714995,1.237746646477,38.5682716266724,0.0259280480515086,TRUE,94.9628977346797,"20-CD3380",TRUE,"KK 109"
"1742","RT","M7","M","7","SK4",-1,"B08",2024-12-10,"12-10-24_ZS_M6-SK3_M7-SK4",5.41095023260955,0.920242891927829,40.9811869805049,0.0244014406043365,TRUE,78.9512738261506,"20-CD3380",TRUE,"KK 109"
"1743","RT","M7","M","7","SK4",-1,"C08",2024-12-10,"12-10-24_ZS_M6-SK3_M7-SK4",1.2958708539312,0.00404094274989232,48,0.0208333333333333,FALSE,47.3776935344916,"20-CD3380",TRUE,"KK 109"
"1744","RT","M7","M","7","SK4",-1,"D08",2024-12-10,"12-10-24_ZS_M6-SK3_M7-SK4",5.52965832720384,0.942835103887831,34.5727008727521,0.028924555350205,TRUE,103.550789948311,"20-CD3380",TRUE,"KK 109"
"1745","RT","M7","M","7","SK4",-2,"A09",2024-12-10,"12-10-24_ZS_M6-SK3_M7-SK4",1.45963709241667,0.0185197920316646,48,0.0208333333333333,FALSE,47.8219036438122,"20-CD3380",TRUE,"KK 109"
"1746","RT","M7","M","7","SK4",-2,"B09",2024-12-10,"12-10-24_ZS_M6-SK3_M7-SK4",1.43550284257989,0.00908100808120414,48,0.0208333333333333,FALSE,47.7636750147029,"20-CD3380",TRUE,"KK 109"
"1747","RT","M7","M","7","SK4",-2,"C09",2024-12-10,"12-10-24_ZS_M6-SK3_M7-SK4",3.31451629506104,0.307475346385852,48,0.0208333333333333,FALSE,100.477170959175,"20-CD3380",TRUE,"KK 109"
"1748","RT","M7","M","7","SK4",-2,"D09",2024-12-10,"12-10-24_ZS_M6-SK3_M7-SK4",1.39405095839177,0.0104626599484009,48,0.0208333333333333,FALSE,46.6523017473119,"20-CD3380",TRUE,"KK 109"
"1749","RT","M7","M","7","SK4",-0.301029995663981,"A06",2026-03-20,"3-20-26_ZS_M6&M7&M9_SK4_lowdil",10.1456128860599,1.99939053648708,20.7280130155653,0.0482438909725244,TRUE,230.286341820341,"20-CD3380",TRUE,"KK 109"
"1750","RT","M7","M","7","SK4",-0.301029995663981,"B06",2026-03-20,"3-20-26_ZS_M6&M7&M9_SK4_lowdil",5.61349579987077,1.00480128733306,19.4123081896825,0.0515137092523337,TRUE,134.966164343518,"20-CD3380",TRUE,"KK 109"
"1751","RT","M7","M","7","SK4",-0.301029995663981,"C06",2026-03-20,"3-20-26_ZS_M6&M7&M9_SK4_lowdil",5.23034192319262,0.932849805586194,18.4128732512007,0.0543098291264668,TRUE,126.349235435676,"20-CD3380",TRUE,"KK 109"
"1752","RT","M7","M","7","SK4",-0.301029995663981,"D06",2026-03-20,"3-20-26_ZS_M6&M7&M9_SK4_lowdil",5.61230901184825,1.01247988723554,17.7806292722802,0.0562409791400908,TRUE,154.106098156939,"20-CD3380",TRUE,"KK 109"
"1753","RT","M7","M","7","SK4",-0.602059991327962,"A07",2026-03-20,"3-20-26_ZS_M6&M7&M9_SK4_lowdil",8.93032426799616,1.74252898614886,13.1153081121206,0.0762467790654375,TRUE,257.122917134918,"20-CD3380",TRUE,"KK 109"
"1754","RT","M7","M","7","SK4",-0.602059991327962,"B07",2026-03-20,"3-20-26_ZS_M6&M7&M9_SK4_lowdil",8.6028749044381,1.67586743384434,11.0711114282543,0.0903251680267554,TRUE,254.300799953728,"20-CD3380",TRUE,"KK 109"
"1755","RT","M7","M","7","SK4",-0.602059991327962,"C07",2026-03-20,"3-20-26_ZS_M6&M7&M9_SK4_lowdil",8.73461898178269,1.70142503433818,12.1588066067441,0.0822449136945174,TRUE,227.65413294974,"20-CD3380",TRUE,"KK 109"
"1756","RT","M7","M","7","SK4",-0.602059991327962,"D07",2026-03-20,"3-20-26_ZS_M6&M7&M9_SK4_lowdil",10.6170038328312,2.11977654343761,12.3448812813188,0.081005234251485,TRUE,264.740738178687,"20-CD3380",TRUE,"KK 109"
"1757","RT","M7","M","7","SK4",-0.778151250383644,"A08",2026-03-20,"3-20-26_ZS_M6&M7&M9_SK4_lowdil",10.0551682606432,1.98927142058413,10.5877294891792,0.0944489563151395,TRUE,283.339566768395,"20-CD3380",TRUE,"KK 109"
"1758","RT","M7","M","7","SK4",-0.778151250383644,"B08",2026-03-20,"3-20-26_ZS_M6&M7&M9_SK4_lowdil",10.7342146939338,2.15638030097852,9.18775012072192,0.108840574336541,TRUE,280.774050520849,"20-CD3380",TRUE,"KK 109"
"1759","RT","M7","M","7","SK4",-0.778151250383644,"C08",2026-03-20,"3-20-26_ZS_M6&M7&M9_SK4_lowdil",10.1592943006508,2.03195731149026,8.36669185834146,0.119521552476325,TRUE,290.055963445009,"20-CD3380",TRUE,"KK 109"
"1760","RT","M7","M","7","SK4",-0.778151250383644,"D08",2026-03-20,"3-20-26_ZS_M6&M7&M9_SK4_lowdil",8.88272033310201,1.72719562032539,10.4357195723684,0.0958247290055387,TRUE,248.238613734424,"20-CD3380",TRUE,"KK 109"
"1761","RT","M8","M","8","BR",-1,"A03",2025-01-15,"1-15-25_ZS_M8_BR_Dilution",1.41828536560561,0.00605670248708997,48,0.0208333333333333,FALSE,47.6619546425303,"21-CD41",TRUE,"KK 109"
"1762","RT","M8","M","8","BR",-1,"B03",2025-01-15,"1-15-25_ZS_M8_BR_Dilution",1.50661977658254,0.0065278352411162,48,0.0208333333333333,FALSE,47.5380378568474,"21-CD41",TRUE,"KK 109"
"1763","RT","M8","M","8","BR",-1,"C03",2025-01-15,"1-15-25_ZS_M8_BR_Dilution",1.5014968514504,0.0086255347946274,48,0.0208333333333333,FALSE,47.6844224218024,"21-CD41",TRUE,"KK 109"
"1764","RT","M8","M","8","BR",-1,"D03",2025-01-15,"1-15-25_ZS_M8_BR_Dilution",1.46663296258847,0.00635883608583305,48,0.0208333333333333,FALSE,46.7210187057634,"21-CD41",TRUE,"KK 109"
"1765","RT","M8","M","8","BR",-2,"A04",2025-01-15,"1-15-25_ZS_M8_BR_Dilution",6.2455295735901,1.10908058776009,4.75723305136692,0.210206224753413,TRUE,259.809601591669,"21-CD41",TRUE,"KK 109"
"1766","RT","M8","M","8","BR",-2,"B04",2025-01-15,"1-15-25_ZS_M8_BR_Dilution",6.14648267876098,0.939946604908489,5.08561736363363,0.19663296085758,TRUE,245.333301167615,"21-CD41",TRUE,"KK 109"
"1767","RT","M8","M","8","BR",-2,"C04",2025-01-15,"1-15-25_ZS_M8_BR_Dilution",4.83563127831396,0.802464272426849,5.95432969215492,0.167945016769485,TRUE,197.27670129998,"21-CD41",TRUE,"KK 109"
"1768","RT","M8","M","8","BR",-2,"D04",2025-01-15,"1-15-25_ZS_M8_BR_Dilution",5.9437881097561,0.913956639566396,5.59160476147856,0.178839535814326,TRUE,231.289538871952,"21-CD41",TRUE,"KK 109"
"1769","RT","M8","M","8","LN",-1,"A08",2025-02-24,"2-24-25_ZS_R12752&M8_LN",1.56307339449541,0.0433231396534149,48,0.0208333333333333,FALSE,49.383574854045,"21-CD41",TRUE,"KK 109"
"1770","RT","M8","M","8","LN",-1,"B08",2025-02-24,"2-24-25_ZS_R12752&M8_LN",1.55610745058287,0.0176606408740215,48,0.0208333333333333,FALSE,46.92681196148,"21-CD41",TRUE,"KK 109"
"1771","RT","M8","M","8","LN",-1,"C08",2025-02-24,"2-24-25_ZS_R12752&M8_LN",1.62542216763893,0.0324315718850567,48,0.0208333333333333,FALSE,48.2901443045748,"21-CD41",TRUE,"KK 109"
"1772","RT","M8","M","8","LN",-1,"D08",2025-02-24,"2-24-25_ZS_R12752&M8_LN",1.57385137218625,0.00929637624056371,48,0.0208333333333333,FALSE,47.1706753006475,"21-CD41",TRUE,"KK 109"
"1773","RT","M8","M","8","LN",-2,"A09",2025-02-24,"2-24-25_ZS_R12752&M8_LN",1.31757925072046,0.0170135553420856,48,0.0208333333333333,FALSE,49.5512608069164,"21-CD41",TRUE,"KK 109"
"1774","RT","M8","M","8","LN",-2,"B09",2025-02-24,"2-24-25_ZS_R12752&M8_LN",1.43561129764961,0.0205850725305594,48,0.0208333333333333,FALSE,51.8364359075647,"21-CD41",TRUE,"KK 109"
"1775","RT","M8","M","8","LN",-2,"C09",2025-02-24,"2-24-25_ZS_R12752&M8_LN",1.41979156520892,0.0160600846292869,48,0.0208333333333333,FALSE,47.9830159735073,"21-CD41",TRUE,"KK 109"
"1776","RT","M8","M","8","LN",-2,"D09",2025-02-24,"2-24-25_ZS_R12752&M8_LN",1.37055307845555,0.0148836817084611,48,0.0208333333333333,FALSE,47.8250403187553,"21-CD41",TRUE,"KK 109"
"1777","RT","M9","M","9","BR",-1,"A03",2025-06-05,"6-5-25_ZS_M9_BR",1.89548344497811,0.0269935427072351,48,0.0208333333333333,FALSE,45.6039041949329,"21-CD11166",TRUE,"KK 109"
"1778","RT","M9","M","9","BR",-1,"B03",2025-06-05,"6-5-25_ZS_M9_BR",1.82658917087193,0.0166998308568018,48,0.0208333333333333,FALSE,42.7976043098294,"21-CD11166",TRUE,"KK 109"
"1779","RT","M9","M","9","BR",-1,"C03",2025-06-05,"6-5-25_ZS_M9_BR",1.88588231547436,0.0173506060917023,48,0.0208333333333333,FALSE,44.3400229296929,"21-CD11166",TRUE,"KK 109"
"1780","RT","M9","M","9","BR",-1,"D03",2025-06-05,"6-5-25_ZS_M9_BR",1.82789358200768,0.0237398671298836,48,0.0208333333333333,FALSE,43.8750079117261,"21-CD11166",TRUE,"KK 109"
"1781","RT","M9","M","9","BR",-2,"A04",2025-06-05,"6-5-25_ZS_M9_BR",8.88671058823529,1.75066562091503,8.04537,0.124295091462543,TRUE,294.058034117647,"21-CD11166",TRUE,"KK 109"
"1782","RT","M9","M","9","BR",-2,"B04",2025-06-05,"6-5-25_ZS_M9_BR",9.65856498326299,1.91874167866018,8.65719906382581,0.115510801198798,TRUE,337.428838597001,"21-CD11166",TRUE,"KK 109"
"1783","RT","M9","M","9","BR",-2,"C04",2025-06-05,"6-5-25_ZS_M9_BR",8.91167653236586,1.75910720726455,9.28581586422474,0.107691129634896,TRUE,292.282117624594,"21-CD11166",TRUE,"KK 109"
"1784","RT","M9","M","9","BR",-2,"D04",2025-06-05,"6-5-25_ZS_M9_BR",5.78133762844086,1.0540262859718,12.3023729324341,0.0812851313719804,TRUE,194.164079252496,"21-CD11166",TRUE,"KK 109"
"1785","RT","M9","M","9","Ear",-1,"A08",2025-02-19,"2-19-25_ZS_M539&M9_EarSkin",7.81217115060061,1.50847700673969,9.07510535821794,0.110191558172319,TRUE,197.417675965452,"21-CD11166",TRUE,"KK 109"
"1786","RT","M9","M","9","Ear",-1,"B08",2025-02-19,"2-19-25_ZS_M539&M9_EarSkin",8.88833867365764,1.74780723047545,7.79760147601476,0.128244563802854,TRUE,219.427395863676,"21-CD11166",TRUE,"KK 109"
"1787","RT","M9","M","9","Ear",-1,"C08",2025-02-19,"2-19-25_ZS_M539&M9_EarSkin",10.5602451319561,2.1136920255236,8.35562750623171,0.119679820486755,TRUE,244.343357714738,"21-CD11166",TRUE,"KK 109"
"1788","RT","M9","M","9","Ear",-1,"D08",2025-02-19,"2-19-25_ZS_M539&M9_EarSkin",7.80872839625374,1.51008979434199,7.5022328303049,0.133293650386396,TRUE,253.831913198803,"21-CD11166",TRUE,"KK 109"
"1789","RT","M9","M","9","Ear",-2,"A09",2025-02-19,"2-19-25_ZS_M539&M9_EarSkin",4.70856120115343,0.814004618121154,16.420544104274,0.0608993218281796,TRUE,153.854926916576,"21-CD11166",TRUE,"KK 109"
"1790","RT","M9","M","9","Ear",-2,"B09",2025-02-19,"2-19-25_ZS_M539&M9_EarSkin",4.16274338854984,0.680034873583261,19.0289156626506,0.0525516018741294,TRUE,133.82501453066,"21-CD11166",TRUE,"KK 109"
"1791","RT","M9","M","9","Ear",-2,"C09",2025-02-19,"2-19-25_ZS_M539&M9_EarSkin",4.18837872382263,0.681130447131823,20.0951966585451,0.0497631357877142,TRUE,132.280466522466,"21-CD11166",TRUE,"KK 109"
"1792","RT","M9","M","9","Ear",-2,"D09",2025-02-19,"2-19-25_ZS_M539&M9_EarSkin",5.32738153634847,0.925013898427025,19.304317386231,0.0518018834850518,TRUE,166.894351515746,"21-CD11166",TRUE,"KK 109"
"1793","RT","M9","M","9","Ear",-0.301029995663981,"A03",2026-03-16,"3-16-26_ZS_Pos_Moose_Ear_lowdil",13.0811071773415,2.45217117262096,29.3623364262548,0.0340572352786556,TRUE,237.182875864983,"21-CD11166",TRUE,"KK 109"
"1794","RT","M9","M","9","Ear",-0.301029995663981,"B03",2026-03-16,"3-16-26_ZS_Pos_Moose_Ear_lowdil",13.1817718940937,2.54123583476944,25.9342156820062,0.0385590993867544,TRUE,248.530467893232,"21-CD11166",TRUE,"KK 109"
"1795","RT","M9","M","9","Ear",-0.301029995663981,"C03",2026-03-16,"3-16-26_ZS_Pos_Moose_Ear_lowdil",12.7192470708,2.43248293271296,25.3628540265406,0.0394277394394796,TRUE,236.254558980433,"21-CD11166",TRUE,"KK 109"
"1796","RT","M9","M","9","Ear",-0.301029995663981,"D03",2026-03-16,"3-16-26_ZS_Pos_Moose_Ear_lowdil",14.253897370909,2.88120701716743,26.8964227454985,0.0371796654693556,TRUE,234.257611188221,"21-CD11166",TRUE,"KK 109"
"1797","RT","M9","M","9","Ear",-0.602059991327962,"A04",2026-03-16,"3-16-26_ZS_Pos_Moose_Ear_lowdil",12.7355165707326,2.60574251244742,14.2929369533987,0.0699646268125609,TRUE,279.265560232207,"21-CD11166",TRUE,"KK 109"
"1798","RT","M9","M","9","Ear",-0.602059991327962,"B04",2026-03-16,"3-16-26_ZS_Pos_Moose_Ear_lowdil",15.5583877974422,3.23519728832049,14.3156392914785,0.0698536739882276,TRUE,313.629243086873,"21-CD11166",TRUE,"KK 109"
"1799","RT","M9","M","9","Ear",-0.602059991327962,"C04",2026-03-16,"3-16-26_ZS_Pos_Moose_Ear_lowdil",12.5178529958198,2.55880253221173,13.5592077561384,0.0737506215691169,TRUE,310.855815286809,"21-CD11166",TRUE,"KK 109"
"1800","RT","M9","M","9","Ear",-0.602059991327962,"D04",2026-03-16,"3-16-26_ZS_Pos_Moose_Ear_lowdil",13.0386980680627,2.67383370794417,14.1259218985052,0.0707918397953069,TRUE,257.83285875304,"21-CD11166",TRUE,"KK 109"
"1801","RT","M9","M","9","Ear",-0.778151250383644,"A05",2026-03-16,"3-16-26_ZS_Pos_Moose_Ear_lowdil",14.5218050326927,3.00070448891531,10.6138101940808,0.0942168723308895,TRUE,302.79167327125,"21-CD11166",TRUE,"KK 109"
"1802","RT","M9","M","9","Ear",-0.778151250383644,"B05",2026-03-16,"3-16-26_ZS_Pos_Moose_Ear_lowdil",12.856712543226,2.63617917730459,11.4475245278647,0.0873551305844221,TRUE,261.392341190809,"21-CD11166",TRUE,"KK 109"
"1803","RT","M9","M","9","Ear",-0.778151250383644,"C05",2026-03-16,"3-16-26_ZS_Pos_Moose_Ear_lowdil",9.8948488220023,1.97596724205613,9.22621522888053,0.108386805986244,TRUE,267.167721935937,"21-CD11166",TRUE,"KK 109"
"1804","RT","M9","M","9","Ear",-0.778151250383644,"D05",2026-03-16,"3-16-26_ZS_Pos_Moose_Ear_lowdil",12.3453331369372,2.52719049879162,11.1485483430896,0.0896977767172574,TRUE,275.361128295773,"21-CD11166",TRUE,"KK 109"
"1805","RT","M9","M","9","LN",-1,"A03",2025-06-09,"6-9-25_ZS_M9&M12_LN",28.7408490789786,5.02269173672051,15.8886607298406,0.0629379667048901,TRUE,780.13686729188,"21-CD11166",TRUE,"KK 109"
"1806","RT","M9","M","9","LN",-1,"B03",2025-06-09,"6-9-25_ZS_M9&M12_LN",21.6304033519223,3.66301334233824,16.2331040319067,0.0616025128671921,TRUE,572.921797084771,"21-CD11166",TRUE,"KK 109"
"1807","RT","M9","M","9","LN",-1,"C03",2025-06-09,"6-9-25_ZS_M9&M12_LN",16.288683965272,3.31703318563573,22.7270561824638,0.0440004192347445,TRUE,382.162862363271,"21-CD11166",TRUE,"KK 109"
"1808","RT","M9","M","9","LN",-1,"D03",2025-06-09,"6-9-25_ZS_M9&M12_LN",12.5524617626359,2.54443706515909,22.7312735606275,0.0439922557498972,TRUE,308.536029360745,"21-CD11166",TRUE,"KK 109"
"1809","RT","M9","M","9","LN",-2,"A04",2025-06-09,"6-9-25_ZS_M9&M12_LN",1.37081382702038,0.0473384719660788,48,0.0208333333333333,FALSE,54.3462193218896,"21-CD11166",TRUE,"KK 109"
"1810","RT","M9","M","9","LN",-2,"B04",2025-06-09,"6-9-25_ZS_M9&M12_LN",3.49619036348575,0.421967943018802,48,0.0208333333333333,FALSE,71.1929032434252,"21-CD11166",TRUE,"KK 109"
"1811","RT","M9","M","9","LN",-2,"C04",2025-06-09,"6-9-25_ZS_M9&M12_LN",1.36206245872252,0.0425700537786584,48,0.0208333333333333,FALSE,53.9754988678177,"21-CD11166",TRUE,"KK 109"
"1812","RT","M9","M","9","LN",-2,"D04",2025-06-09,"6-9-25_ZS_M9&M12_LN",4.41537439498909,0.663245916505858,31.2841159756234,0.031965103338039,TRUE,110.97310904432,"21-CD11166",TRUE,"KK 109"
"1813","RT","M9","M","9","SK1",-1,"A08",2024-11-14,"11-14-24_ZS_M7-SK1_M9-SK1",9.81471190982896,1.9513390784968,11.9073890892073,0.0839814666765521,TRUE,251.039322978246,"21-CD11166",TRUE,"KK 109"
"1814","RT","M9","M","9","SK1",-1,"B08",2024-11-14,"11-14-24_ZS_M7-SK1_M9-SK1",11.362090765849,2.28678109120461,14.5387088941535,0.0687818985358552,TRUE,237.263335975646,"21-CD11166",TRUE,"KK 109"
"1815","RT","M9","M","9","SK1",-1,"C08",2024-11-14,"11-14-24_ZS_M7-SK1_M9-SK1",13.9143455395403,2.85222698350864,10.0347424621495,0.0996537782381502,TRUE,298.611378798209,"21-CD11166",TRUE,"KK 109"
"1816","RT","M9","M","9","SK1",-1,"D08",2024-11-14,"11-14-24_ZS_M7-SK1_M9-SK1",12.144375758276,2.47102877329927,13.8256993199635,0.0723290718868781,TRUE,396.94944465307,"21-CD11166",TRUE,"KK 109"
"1817","RT","M9","M","9","SK1",-2,"A09",2024-11-14,"11-14-24_ZS_M7-SK1_M9-SK1",8.47167639872839,1.54000102718584,26.6805783011021,0.0374804469646257,TRUE,198.002041138792,"21-CD11166",TRUE,"KK 109"
"1818","RT","M9","M","9","SK1",-2,"B09",2024-11-14,"11-14-24_ZS_M7-SK1_M9-SK1",3.90083369485259,0.495757126120972,48,0.0208333333333333,FALSE,83.061955363374,"21-CD11166",TRUE,"KK 109"
"1819","RT","M9","M","9","SK1",-2,"C09",2024-11-14,"11-14-24_ZS_M7-SK1_M9-SK1",4.27591111280808,0.634059423582342,31.4375311720698,0.0318091135886788,TRUE,134.546543594051,"21-CD11166",TRUE,"KK 109"
"1820","RT","M9","M","9","SK1",-2,"D09",2024-11-14,"11-14-24_ZS_M7-SK1_M9-SK1",1.56811819007264,0.0330239440408932,48,0.0208333333333333,FALSE,48.1476122692192,"21-CD11166",TRUE,"KK 109"
"1821","RT","M9","M","9","SK1",-0.301029995663981,"A03",2026-02-11,"2-11-26_ZS_M9_SK1-3_lowdil",1.21084061112616,0.0133860437756054,48,0.0208333333333333,FALSE,48.9035618629759,"21-CD11166",TRUE,"KK 109"
"1822","RT","M9","M","9","SK1",-0.301029995663981,"B03",2026-02-11,"2-11-26_ZS_M9_SK1-3_lowdil",1.2034960991001,0.0142125547991608,48,0.0208333333333333,FALSE,48.1505600251605,"21-CD11166",TRUE,"KK 109"
"1823","RT","M9","M","9","SK1",-0.301029995663981,"C03",2026-02-11,"2-11-26_ZS_M9_SK1-3_lowdil",1.19429002743806,0.011428558476162,48,0.0208333333333333,FALSE,47.9529982965963,"21-CD11166",TRUE,"KK 109"
"1824","RT","M9","M","9","SK1",-0.301029995663981,"D03",2026-02-11,"2-11-26_ZS_M9_SK1-3_lowdil",1.20588264619373,0.0209160753554791,48,0.0208333333333333,FALSE,48.9948987985443,"21-CD11166",TRUE,"KK 109"
"1825","RT","M9","M","9","SK1",-0.602059991327962,"A04",2026-02-11,"2-11-26_ZS_M9_SK1-3_lowdil",21.9195739992655,4.60281642886613,41.3181059612803,0.0242024646758279,TRUE,147.948540213,"21-CD11166",TRUE,"KK 109"
"1826","RT","M9","M","9","SK1",-0.602059991327962,"B04",2026-02-11,"2-11-26_ZS_M9_SK1-3_lowdil",20.384115809826,4.27619409603446,42.6043084778726,0.023471804512902,TRUE,126.357706608498,"21-CD11166",TRUE,"KK 109"
"1827","RT","M9","M","9","SK1",-0.602059991327962,"C04",2026-02-11,"2-11-26_ZS_M9_SK1-3_lowdil",18.3146492505178,3.7915188549634,43.7872081186145,0.0228377200320951,TRUE,104.389270664589,"21-CD11166",TRUE,"KK 109"
"1828","RT","M9","M","9","SK1",-0.602059991327962,"D04",2026-02-11,"2-11-26_ZS_M9_SK1-3_lowdil",18.7443752357457,3.9110957062289,46.2438368971389,0.0216245032224363,TRUE,67.6748328117196,"21-CD11166",TRUE,"KK 109"
"1829","RT","M9","M","9","SK1",-0.778151250383644,"A05",2026-02-11,"2-11-26_ZS_M9_SK1-3_lowdil",16.2430885449178,3.37752996815388,25.0211955331085,0.0399661158747104,TRUE,241.267906831576,"21-CD11166",TRUE,"KK 109"
"1830","RT","M9","M","9","SK1",-0.778151250383644,"B05",2026-02-11,"2-11-26_ZS_M9_SK1-3_lowdil",13.4286356163264,2.75015969945867,22.6408643620323,0.0441679250407487,TRUE,207.403739520255,"21-CD11166",TRUE,"KK 109"
"1831","RT","M9","M","9","SK1",-0.778151250383644,"C05",2026-02-11,"2-11-26_ZS_M9_SK1-3_lowdil",10.5591503844438,2.11230900309792,30.3416662869213,0.0329579789898041,TRUE,157.07066424206,"21-CD11166",TRUE,"KK 109"
"1832","RT","M9","M","9","SK1",-0.778151250383644,"D05",2026-02-11,"2-11-26_ZS_M9_SK1-3_lowdil",11.9010498236822,2.40625066659481,31.5169255598449,0.0317289831491077,TRUE,157.957158302095,"21-CD11166",TRUE,"KK 109"
"1833","RT","M9","M","9","SK2",-1,"A03",2025-01-15,"1-15-25_ZS_M9-SK2_R7-SK2",7.08811092536139,1.34679472470799,16.892800011634,0.0591968175383184,TRUE,35.2070754253122,"21-CD11166",TRUE,"KK 109"
"1834","RT","M9","M","9","SK2",-1,"B03",2025-01-15,"1-15-25_ZS_M9-SK2_R7-SK2",8.82513046147549,1.73405186625283,7.73488706097402,0.129284369909607,TRUE,97.1489818888775,"21-CD11166",TRUE,"KK 109"
"1835","RT","M9","M","9","SK2",-1,"C03",2025-01-15,"1-15-25_ZS_M9-SK2_R7-SK2",6.44267578125,1.20659722222222,16.5554421899665,0.0604030981791628,TRUE,35.7186767578125,"21-CD11166",TRUE,"KK 109"
"1836","RT","M9","M","9","SK2",-1,"D03",2025-01-15,"1-15-25_ZS_M9-SK2_R7-SK2",10.1307247229577,2.02220696719079,14.5296849948128,0.0688246166628532,TRUE,62.7073403942337,"21-CD11166",TRUE,"KK 109"
"1837","RT","M9","M","9","SK2",-2,"A04",2025-01-15,"1-15-25_ZS_M9-SK2_R7-SK2",1.63617042809432,0.012324438597083,19.5,0.0512820512820513,FALSE,20.2372862058496,"21-CD11166",TRUE,"KK 109"
"1838","RT","M9","M","9","SK2",-2,"B04",2025-01-15,"1-15-25_ZS_M9-SK2_R7-SK2",1.62323979333401,0.018437848242326,19.5,0.0512820512820513,FALSE,20.7516968898794,"21-CD11166",TRUE,"KK 109"
"1839","RT","M9","M","9","SK2",-2,"C04",2025-01-15,"1-15-25_ZS_M9-SK2_R7-SK2",1.59335335723283,0.0113684074540581,19.5,0.0512820512820513,FALSE,20.2110139521364,"21-CD11166",TRUE,"KK 109"
"1840","RT","M9","M","9","SK2",-2,"D04",2025-01-15,"1-15-25_ZS_M9-SK2_R7-SK2",1.60221481771854,0.0103663051526635,19.5,0.0512820512820513,FALSE,20.2619438455508,"21-CD11166",TRUE,"KK 109"
"1841","RT","M9","M","9","SK2",-0.301029995663981,"A06",2026-02-11,"2-11-26_ZS_M9_SK1-3_lowdil",1.31765283876317,0.0130739023483212,48,0.0208333333333333,FALSE,49.4427142506219,"21-CD11166",TRUE,"KK 109"
"1842","RT","M9","M","9","SK2",-0.301029995663981,"B06",2026-02-11,"2-11-26_ZS_M9_SK1-3_lowdil",1.29443528276084,0.0123459272964542,48,0.0208333333333333,FALSE,48.1852224278015,"21-CD11166",TRUE,"KK 109"
"1843","RT","M9","M","9","SK2",-0.301029995663981,"C06",2026-02-11,"2-11-26_ZS_M9_SK1-3_lowdil",1.49153486070154,0.0903979268485486,48,0.0208333333333333,FALSE,50.1293524323098,"21-CD11166",TRUE,"KK 109"
"1844","RT","M9","M","9","SK2",-0.301029995663981,"D06",2026-02-11,"2-11-26_ZS_M9_SK1-3_lowdil",1.36207076396712,0.0153243116692861,48,0.0208333333333333,FALSE,49.9804927087245,"21-CD11166",TRUE,"KK 109"
"1845","RT","M9","M","9","SK2",-0.602059991327962,"A07",2026-02-11,"2-11-26_ZS_M9_SK1-3_lowdil",13.1183194960157,2.51016359093459,28.0511030782022,0.035649221965074,TRUE,195.667929148066,"21-CD11166",TRUE,"KK 109"
"1846","RT","M9","M","9","SK2",-0.602059991327962,"B07",2026-02-11,"2-11-26_ZS_M9_SK1-3_lowdil",11.3111898251719,2.2811726093481,27.9582530961522,0.0357676138262596,TRUE,176.563245712155,"21-CD11166",TRUE,"KK 109"
"1847","RT","M9","M","9","SK2",-0.602059991327962,"C07",2026-02-11,"2-11-26_ZS_M9_SK1-3_lowdil",8.84861845972957,1.74413743549546,27.148484253546,0.0368344689398041,TRUE,136.497251379644,"21-CD11166",TRUE,"KK 109"
"1848","RT","M9","M","9","SK2",-0.602059991327962,"D07",2026-02-11,"2-11-26_ZS_M9_SK1-3_lowdil",12.8071127563238,2.60913766921233,24.9539813130302,0.040073765683147,TRUE,197.566140948019,"21-CD11166",TRUE,"KK 109"
"1849","RT","M9","M","9","SK2",-0.778151250383644,"A08",2026-02-11,"2-11-26_ZS_M9_SK1-3_lowdil",9.99997986428528,1.99094564028217,19.5467880531476,0.0511593003045312,TRUE,211.391055715523,"21-CD11166",TRUE,"KK 109"
"1850","RT","M9","M","9","SK2",-0.778151250383644,"B08",2026-02-11,"2-11-26_ZS_M9_SK1-3_lowdil",11.8000386910216,2.38889680810385,18.5690108108108,0.053853164834058,TRUE,223.662571018388,"21-CD11166",TRUE,"KK 109"
"1851","RT","M9","M","9","SK2",-0.778151250383644,"C08",2026-02-11,"2-11-26_ZS_M9_SK1-3_lowdil",9.26494855559953,1.83380600624368,20.0942637208331,0.0497654461936433,TRUE,195.78030273051,"21-CD11166",TRUE,"KK 109"
"1852","RT","M9","M","9","SK2",-0.778151250383644,"D08",2026-02-11,"2-11-26_ZS_M9_SK1-3_lowdil",10.2598647468573,2.04012690418328,22.0121006218539,0.0454295579135773,TRUE,211.221531599683,"21-CD11166",TRUE,"KK 109"
"1853","RT","M9","M","9","SK3",-1,"A04",2024-11-26,"11-26-24_ZS_M9-SK3_M10-SK1",14.3850380728507,2.68743428498717,6.64242511647247,0.150547425445582,TRUE,582.906583388585,"21-CD11166",TRUE,"KK 109"
"1854","RT","M9","M","9","SK3",-1,"B04",2024-11-26,"11-26-24_ZS_M9-SK3_M10-SK1",13.9609607848886,2.85415479094937,13.4709184103187,0.0742339883251018,TRUE,299.718837032042,"21-CD11166",TRUE,"KK 109"
"1855","RT","M9","M","9","SK3",-1,"C04",2024-11-26,"11-26-24_ZS_M9-SK3_M10-SK1",12.5016172480714,2.55103798896946,9.91019843101061,0.100906153086788,TRUE,359.291457068098,"21-CD11166",TRUE,"KK 109"
"1856","RT","M9","M","9","SK3",-1,"D04",2024-11-26,"11-26-24_ZS_M9-SK3_M10-SK1",13.9670354570801,2.86986810460993,11.4643289934316,0.0872270850368078,TRUE,354.870410234181,"21-CD11166",TRUE,"KK 109"
"1857","RT","M9","M","9","SK3",-2,"A05",2024-11-26,"11-26-24_ZS_M9-SK3_M10-SK1",2.04293048934956,0.0457151697398065,48,0.0208333333333333,FALSE,75.6129922744458,"21-CD11166",TRUE,"KK 109"
"1858","RT","M9","M","9","SK3",-2,"B05",2024-11-26,"11-26-24_ZS_M9-SK3_M10-SK1",5.42053372019776,0.665625271748928,29.7148610551752,0.0336531945460953,TRUE,129.296463101532,"21-CD11166",TRUE,"KK 109"
"1859","RT","M9","M","9","SK3",-2,"C05",2024-11-26,"11-26-24_ZS_M9-SK3_M10-SK1",4.03972049212189,0.469952501338379,47.8374037892244,0.0209041444725154,TRUE,80.6521157444656,"21-CD11166",TRUE,"KK 109"
"1860","RT","M9","M","9","SK3",-2,"D05",2024-11-26,"11-26-24_ZS_M9-SK3_M10-SK1",4.49319399481267,0.648992719646437,25.1378195920712,0.0397806976192721,TRUE,134.303171323905,"21-CD11166",TRUE,"KK 109"
"1861","RT","M9","M","9","SK3",-0.301029995663981,"A09",2026-02-11,"2-11-26_ZS_M9_SK1-3_lowdil",1.29412062284367,0.013072027681941,48,0.0208333333333333,FALSE,48.9596671792953,"21-CD11166",TRUE,"KK 109"
"1862","RT","M9","M","9","SK3",-0.301029995663981,"B09",2026-02-11,"2-11-26_ZS_M9_SK1-3_lowdil",1.35542997281015,0.0147263540130203,48,0.0208333333333333,FALSE,50.7245388388335,"21-CD11166",TRUE,"KK 109"
"1863","RT","M9","M","9","SK3",-0.301029995663981,"C09",2026-02-11,"2-11-26_ZS_M9_SK1-3_lowdil",1.34857991383277,0.015237285220972,48,0.0208333333333333,FALSE,50.2609525975655,"21-CD11166",TRUE,"KK 109"
"1864","RT","M9","M","9","SK3",-0.301029995663981,"D09",2026-02-11,"2-11-26_ZS_M9_SK1-3_lowdil",1.27840897501275,0.0164156609439629,48,0.0208333333333333,FALSE,48.1811626721061,"21-CD11166",TRUE,"KK 109"
"1865","RT","M9","M","9","SK3",-0.602059991327962,"A10",2026-02-11,"2-11-26_ZS_M9_SK1-3_lowdil",15.0601197312653,3.07953964107724,28.7931929949848,0.0347304309103259,TRUE,230.662116184049,"21-CD11166",TRUE,"KK 109"
"1866","RT","M9","M","9","SK3",-0.602059991327962,"B10",2026-02-11,"2-11-26_ZS_M9_SK1-3_lowdil",12.6250317935474,2.57247080971915,29.1639318261177,0.0342889294201563,TRUE,192.191975553207,"21-CD11166",TRUE,"KK 109"
"1867","RT","M9","M","9","SK3",-0.602059991327962,"C10",2026-02-11,"2-11-26_ZS_M9_SK1-3_lowdil",20.0319868212275,4.18795921048642,32.2850290143589,0.0309741087596745,TRUE,226.502804531719,"21-CD11166",TRUE,"KK 109"
"1868","RT","M9","M","9","SK3",-0.602059991327962,"D10",2026-02-11,"2-11-26_ZS_M9_SK1-3_lowdil",13.1720463709677,2.67861559139785,30.7643355535309,0.0325051713943234,TRUE,189.65925907258,"21-CD11166",TRUE,"KK 109"
"1869","RT","M9","M","9","SK3",-0.778151250383644,"A11",2026-02-11,"2-11-26_ZS_M9_SK1-3_lowdil",14.0752238017335,2.87573796144818,21.1574419430995,0.0472646930895229,TRUE,280.581803217055,"21-CD11166",TRUE,"KK 109"
"1870","RT","M9","M","9","SK3",-0.778151250383644,"B11",2026-02-11,"2-11-26_ZS_M9_SK1-3_lowdil",12.8021087280769,2.60995845405659,19.158437770265,0.052196322685144,TRUE,253.090364141337,"21-CD11166",TRUE,"KK 109"
"1871","RT","M9","M","9","SK3",-0.778151250383644,"C11",2026-02-11,"2-11-26_ZS_M9_SK1-3_lowdil",18.438186526955,3.85797085151117,20.6999941271281,0.0483091924499371,TRUE,269.784099365939,"21-CD11166",TRUE,"KK 109"
"1872","RT","M9","M","9","SK3",-0.778151250383644,"D11",2026-02-11,"2-11-26_ZS_M9_SK1-3_lowdil",18.8878411290826,3.88890739237333,22.7336746955132,0.0439876092797863,TRUE,356.921204646224,"21-CD11166",TRUE,"KK 109"
"1873","RT","M9","M","9","SK4",-1,"A03",2024-11-05,"11-5-24_ZS_M9_SK4",12.5170861860652,2.55098223475187,19.2050200696457,0.0520697190824883,TRUE,292.640462645993,"21-CD11166",TRUE,"KK 109"
"1874","RT","M9","M","9","SK4",-1,"B03",2024-11-05,"11-5-24_ZS_M9_SK4",14.5253162741329,3.00412774000657,15.1552791941485,0.0659836079025255,TRUE,358.376581370665,"21-CD11166",TRUE,"KK 109"
"1875","RT","M9","M","9","SK4",-1,"C03",2024-11-05,"11-5-24_ZS_M9_SK4",15.1010112661976,3.13056527516096,13.070278684005,0.0765094627418902,TRUE,360.455895287807,"21-CD11166",TRUE,"KK 109"
"1876","RT","M9","M","9","SK4",-1,"D03",2024-11-05,"11-5-24_ZS_M9_SK4",13.1638690931936,2.69936501080856,15.1663471880438,0.0659354548330754,TRUE,351.493926320749,"21-CD11166",TRUE,"KK 109"
"1877","RT","M9","M","9","SK4",-2,"A04",2024-11-05,"11-5-24_ZS_M9_SK4",4.84234310121,0.794295410276145,39.0631829610289,0.0255995524224854,TRUE,84.5583434084174,"21-CD11166",TRUE,"KK 109"
"1878","RT","M9","M","9","SK4",-2,"B04",2024-11-05,"11-5-24_ZS_M9_SK4",5.87460769499012,1.05936559598073,29.2246969003205,0.0342176346057855,TRUE,132.203402882715,"21-CD11166",TRUE,"KK 109"
"1879","RT","M9","M","9","SK4",-2,"C04",2024-11-05,"11-5-24_ZS_M9_SK4",15.4392419506871,3.17964423718256,21.4211661358336,0.0466827993237579,TRUE,402.214712010715,"21-CD11166",TRUE,"KK 109"
"1880","RT","M9","M","9","SK4",-2,"D04",2024-11-05,"11-5-24_ZS_M9_SK4",7.08284154902415,1.16507452835849,26.7484119221385,0.0373853970437902,TRUE,168.308073941217,"21-CD11166",TRUE,"KK 109"
"1881","RT","M9","M","9","SK4",-0.301029995663981,"A09",2026-03-20,"3-20-26_ZS_M6&M7&M9_SK4_lowdil",2.12950721153846,0.151271920129679,48,0.0208333333333333,FALSE,66.4741586538462,"21-CD11166",TRUE,"KK 109"
"1882","RT","M9","M","9","SK4",-0.301029995663981,"B09",2026-03-20,"3-20-26_ZS_M6&M7&M9_SK4_lowdil",1.16483653846154,0.0164850427350427,48,0.0208333333333333,FALSE,46.7750588942307,"21-CD11166",TRUE,"KK 109"
"1883","RT","M9","M","9","SK4",-0.301029995663981,"C09",2026-03-20,"3-20-26_ZS_M6&M7&M9_SK4_lowdil",1.22023815485073,0.0119044042289678,48,0.0208333333333333,FALSE,48.5392509839661,"21-CD11166",TRUE,"KK 109"
"1884","RT","M9","M","9","SK4",-0.301029995663981,"D09",2026-03-20,"3-20-26_ZS_M6&M7&M9_SK4_lowdil",1.18181907891491,0.00716860025898189,48,0.0208333333333333,FALSE,47.2764994523225,"21-CD11166",TRUE,"KK 109"
"1885","RT","M9","M","9","SK4",-0.602059991327962,"A10",2026-03-20,"3-20-26_ZS_M6&M7&M9_SK4_lowdil",11.6086574930257,2.33755330103636,24.8333347092513,0.0402684541447212,TRUE,214.118237313106,"21-CD11166",TRUE,"KK 109"
"1886","RT","M9","M","9","SK4",-0.602059991327962,"B10",2026-03-20,"3-20-26_ZS_M6&M7&M9_SK4_lowdil",8.21397065783247,1.59978755850029,22.6187796963727,0.0442110499957859,TRUE,169.320695693327,"21-CD11166",TRUE,"KK 109"
"1887","RT","M9","M","9","SK4",-0.602059991327962,"C10",2026-03-20,"3-20-26_ZS_M6&M7&M9_SK4_lowdil",12.3210324742679,2.51695523817123,21.0389281949815,0.0475309383982085,TRUE,266.533838167238,"21-CD11166",TRUE,"KK 109"
"1888","RT","M9","M","9","SK4",-0.602059991327962,"D10",2026-03-20,"3-20-26_ZS_M6&M7&M9_SK4_lowdil",9.19098638420487,1.81196719943904,22.1401301507521,0.045166852822951,TRUE,179.319801241858,"21-CD11166",TRUE,"KK 109"
"1889","RT","M9","M","9","SK4",-0.778151250383644,"A11",2026-03-20,"3-20-26_ZS_M6&M7&M9_SK4_lowdil",8.84089757876608,1.73503078602866,25.3327205055743,0.0394746391245251,TRUE,172.306554553743,"21-CD11166",TRUE,"KK 109"
"1890","RT","M9","M","9","SK4",-0.778151250383644,"B11",2026-03-20,"3-20-26_ZS_M6&M7&M9_SK4_lowdil",8.02031865981667,1.5675955288667,23.6578508109482,0.0422692664685006,TRUE,159.399662158906,"21-CD11166",TRUE,"KK 109"
"1891","RT","M9","M","9","SK4",-0.778151250383644,"C11",2026-03-20,"3-20-26_ZS_M6&M7&M9_SK4_lowdil",8.38317319416671,1.63499325301988,19.6971518141149,0.050768761363935,TRUE,186.001657074574,"21-CD11166",TRUE,"KK 109"
"1892","RT","M9","M","9","SK4",-0.778151250383644,"D11",2026-03-20,"3-20-26_ZS_M6&M7&M9_SK4_lowdil",11.7045557951376,2.3712576298084,15.8708074736377,0.0630087663567879,TRUE,314.547475569227,"21-CD11166",TRUE,"KK 109"
"1893","RT","R10","R","10","BR",-1,"A03",2024-05-21,"5-21-24_ZS_ReindeerR10_Brain_PosDilution",1.16275659824047,0.00586510263929621,48,0.0208333333333333,FALSE,45.7582478005864,"17-CD20830",TRUE,"A/A"
"1894","RT","R10","R","10","BR",-1,"B03",2024-05-21,"5-21-24_ZS_ReindeerR10_Brain_PosDilution",1.17877906976744,0.00581395348837208,48,0.0208333333333333,FALSE,44.9007994186046,"17-CD20830",TRUE,"A/A"
"1895","RT","R10","R","10","BR",-1,"C03",2024-05-21,"5-21-24_ZS_ReindeerR10_Brain_PosDilution",1.15499254843517,0.00430534856764364,48,0.0208333333333333,FALSE,45.4085320417287,"17-CD20830",TRUE,"A/A"
"1896","RT","R10","R","10","BR",-1,"D03",2024-05-21,"5-21-24_ZS_ReindeerR10_Brain_PosDilution",1.18140929535232,0.00866233549891721,48,0.0208333333333333,FALSE,45.8360194902549,"17-CD20830",TRUE,"A/A"
"1897","RT","R10","R","10","BR",-2,"A04",2024-05-21,"5-21-24_ZS_ReindeerR10_Brain_PosDilution",10.3730366492147,2.08144269924375,4.95282268751656,0.201905067694119,TRUE,305.772742146597,"17-CD20830",TRUE,"A/A"
"1898","RT","R10","R","10","BR",-2,"B04",2024-05-21,"5-21-24_ZS_ReindeerR10_Brain_PosDilution",5.04172099087353,0.819643633202955,8.98025316455696,0.111355435272891,TRUE,197.92128422425,"17-CD20830",TRUE,"A/A"
"1899","RT","R10","R","10","BR",-2,"C04",2024-05-21,"5-21-24_ZS_ReindeerR10_Brain_PosDilution",4.73711340206186,0.740836197021764,9.36363636363636,0.106796116504854,TRUE,185.55831185567,"17-CD20830",TRUE,"A/A"
"1900","RT","R10","R","10","BR",-2,"D04",2024-05-21,"5-21-24_ZS_ReindeerR10_Brain_PosDilution",7.98562091503268,1.55468409586057,7.84869221411192,0.127409761106698,TRUE,244.392647058823,"17-CD20830",TRUE,"A/A"
"1901","RT","R10","R","10","LN",-1,"A03",2026-02-26,"2-26-26_R10&M277_LN",1.56249427614909,0.0130204181774807,48,0.0208333333333333,FALSE,45.7000269656976,"17-CD20830",TRUE,"A/A"
"1902","RT","R10","R","10","LN",-1,"B03",2026-02-26,"2-26-26_R10&M277_LN",1.571974548398,0.015150738922986,48,0.0208333333333333,FALSE,45.4076521307007,"17-CD20830",TRUE,"A/A"
"1903","RT","R10","R","10","LN",-1,"C03",2026-02-26,"2-26-26_R10&M277_LN",1.61217189782861,0.0109851601815932,48,0.0208333333333333,FALSE,45.4178938485566,"17-CD20830",TRUE,"A/A"
"1904","RT","R10","R","10","LN",-1,"D03",2026-02-26,"2-26-26_R10&M277_LN",1.62110299198091,0.0156240912506485,48,0.0208333333333333,FALSE,46.2951165700049,"17-CD20830",TRUE,"A/A"
"1905","RT","R10","R","10","LN",-2,"A04",2026-02-26,"2-26-26_R10&M277_LN",6.00575420085971,1.09317875906387,5.73812100327093,0.174273076400788,TRUE,240.205048358734,"17-CD20830",TRUE,"A/A"
"1906","RT","R10","R","10","LN",-2,"B04",2026-02-26,"2-26-26_R10&M277_LN",7.70811967939463,1.31278494106194,6.4167127397129,0.155843036857645,TRUE,301.049264449644,"17-CD20830",TRUE,"A/A"
"1907","RT","R10","R","10","LN",-2,"C04",2026-02-26,"2-26-26_R10&M277_LN",7.19184255842558,1.31395052617193,6.94635670676131,0.14396035824458,TRUE,294.715675276753,"17-CD20830",TRUE,"A/A"
"1908","RT","R10","R","10","LN",-2,"D04",2026-02-26,"2-26-26_R10&M277_LN",8.02299930275798,1.46807320180422,6.35528771531726,0.157349288465704,TRUE,326.475536004803,"17-CD20830",TRUE,"A/A"
"1909","RT","R10","R","10","SK1",-1,"A03",2024-11-14,"11-14-24_ZS_R10-SK1_R11-SK2",1.40879076323055,0.010651375024939,48,0.0208333333333333,FALSE,47.6480677890835,"17-CD20830",TRUE,"A/A"
"1910","RT","R10","R","10","SK1",-1,"B03",2024-11-14,"11-14-24_ZS_R10-SK1_R11-SK2",1.42322726956245,0.00741794342160373,48,0.0208333333333333,FALSE,47.6520012532699,"17-CD20830",TRUE,"A/A"
"1911","RT","R10","R","10","SK1",-1,"C03",2024-11-14,"11-14-24_ZS_R10-SK1_R11-SK2",1.41184448021855,0.012280273834496,48,0.0208333333333333,FALSE,47.7059015073906,"17-CD20830",TRUE,"A/A"
"1912","RT","R10","R","10","SK1",-1,"D03",2024-11-14,"11-14-24_ZS_R10-SK1_R11-SK2",1.41329138431752,0.0107195869635366,48,0.0208333333333333,FALSE,47.6414883833495,"17-CD20830",TRUE,"A/A"
"1913","RT","R10","R","10","SK1",-2,"A04",2024-11-14,"11-14-24_ZS_R10-SK1_R11-SK2",1.44459038723487,0.0085014378067501,48,0.0208333333333333,FALSE,47.3146672504379,"17-CD20830",TRUE,"A/A"
"1914","RT","R10","R","10","SK1",-2,"B04",2024-11-14,"11-14-24_ZS_R10-SK1_R11-SK2",1.4384721691317,0.0113956763079055,48,0.0208333333333333,FALSE,47.8117740892117,"17-CD20830",TRUE,"A/A"
"1915","RT","R10","R","10","SK1",-2,"C04",2024-11-14,"11-14-24_ZS_R10-SK1_R11-SK2",1.4510116328176,0.0145186265852754,48,0.0208333333333333,FALSE,47.8198029043652,"17-CD20830",TRUE,"A/A"
"1916","RT","R10","R","10","SK1",-2,"D04",2024-11-14,"11-14-24_ZS_R10-SK1_R11-SK2",1.50434961701794,0.0146305795021506,48,0.0208333333333333,FALSE,47.0111523297667,"17-CD20830",TRUE,"A/A"
"1917","RT","R10","R","10","SK1",-0.301029995663981,"A03",2026-03-20,"3-20-26_ZS_R10_SK1-3_lowdil",1.30594,0.0182644444444444,48,0.0208333333333333,FALSE,51.44520375,"17-CD20830",TRUE,"A/A"
"1918","RT","R10","R","10","SK1",-0.301029995663981,"B03",2026-03-20,"3-20-26_ZS_R10_SK1-3_lowdil",1.31364163968477,0.0202030486714952,48,0.0208333333333333,FALSE,52.2035478648666,"17-CD20830",TRUE,"A/A"
"1919","RT","R10","R","10","SK1",-0.301029995663981,"C03",2026-03-20,"3-20-26_ZS_R10_SK1-3_lowdil",1.30316182266256,0.0180989154619015,48,0.0208333333333333,FALSE,51.3681455595798,"17-CD20830",TRUE,"A/A"
"1920","RT","R10","R","10","SK1",-0.301029995663981,"D03",2026-03-20,"3-20-26_ZS_R10_SK1-3_lowdil",1.32143808518405,0.0208328537304336,48,0.0208333333333333,FALSE,51.932714316722,"17-CD20830",TRUE,"A/A"
"1921","RT","R10","R","10","SK1",-0.602059991327962,"A04",2026-03-20,"3-20-26_ZS_R10_SK1-3_lowdil",1.29496486103479,0.0191842361492707,48,0.0208333333333333,FALSE,49.430040200133,"17-CD20830",TRUE,"A/A"
"1922","RT","R10","R","10","SK1",-0.602059991327962,"B04",2026-03-20,"3-20-26_ZS_R10_SK1-3_lowdil",1.32624147490192,0.0149724116688463,48,0.0208333333333333,FALSE,49.1810606133274,"17-CD20830",TRUE,"A/A"
"1923","RT","R10","R","10","SK1",-0.602059991327962,"C04",2026-03-20,"3-20-26_ZS_R10_SK1-3_lowdil",21.5414987682142,4.55194189281235,32.2957759527685,0.0309638016272613,TRUE,300.427501289078,"17-CD20830",TRUE,"A/A"
"1924","RT","R10","R","10","SK1",-0.602059991327962,"D04",2026-03-20,"3-20-26_ZS_R10_SK1-3_lowdil",1.33333977542856,0.018911844221548,48,0.0208333333333333,FALSE,49.8831242873432,"17-CD20830",TRUE,"A/A"
"1925","RT","R10","R","10","SK1",-0.778151250383644,"A05",2026-03-20,"3-20-26_ZS_R10_SK1-3_lowdil",1.31419603555371,0.0330318159015623,48,0.0208333333333333,FALSE,51.3890254305185,"17-CD20830",TRUE,"A/A"
"1926","RT","R10","R","10","SK1",-0.778151250383644,"B05",2026-03-20,"3-20-26_ZS_R10_SK1-3_lowdil",1.35570211702271,0.0581652469859826,48,0.0208333333333333,FALSE,51.2101483934854,"17-CD20830",TRUE,"A/A"
"1927","RT","R10","R","10","SK1",-0.778151250383644,"C05",2026-03-20,"3-20-26_ZS_R10_SK1-3_lowdil",1.35215340405921,0.027316412941108,48,0.0208333333333333,FALSE,48.9641792123764,"17-CD20830",TRUE,"A/A"
"1928","RT","R10","R","10","SK1",-0.778151250383644,"D05",2026-03-20,"3-20-26_ZS_R10_SK1-3_lowdil",1.31000064633482,0.0274087000770472,48,0.0208333333333333,FALSE,49.8949786709509,"17-CD20830",TRUE,"A/A"
"1929","RT","R10","R","10","SK2",-1,"A07",2024-11-26,"11-26-24_ZS_R7-SK1_R10-SK2_R11-SK3",1.35078355223356,0.0125073454633767,48,0.0208333333333333,FALSE,48.1715972073144,"17-CD20830",TRUE,"A/A"
"1930","RT","R10","R","10","SK2",-1,"B07",2024-11-26,"11-26-24_ZS_R7-SK1_R10-SK2_R11-SK3",1.3482733854844,0.014226156198709,48,0.0208333333333333,FALSE,47.9137129491236,"17-CD20830",TRUE,"A/A"
"1931","RT","R10","R","10","SK2",-1,"C07",2024-11-26,"11-26-24_ZS_R7-SK1_R10-SK2_R11-SK3",1.36173564230506,0.00990335801019684,48,0.0208333333333333,FALSE,48.2090328734957,"17-CD20830",TRUE,"A/A"
"1932","RT","R10","R","10","SK2",-1,"D07",2024-11-26,"11-26-24_ZS_R7-SK1_R10-SK2_R11-SK3",1.34407511034048,0.00715899537620849,48,0.0208333333333333,FALSE,47.8140405796815,"17-CD20830",TRUE,"A/A"
"1933","RT","R10","R","10","SK2",-2,"A08",2024-11-26,"11-26-24_ZS_R7-SK1_R10-SK2_R11-SK3",1.4309967251321,0.0121507198235545,48,0.0208333333333333,FALSE,49.9079018745102,"17-CD20830",TRUE,"A/A"
"1934","RT","R10","R","10","SK2",-2,"B08",2024-11-26,"11-26-24_ZS_R7-SK1_R10-SK2_R11-SK3",1.40783139190126,0.0187990034317059,48,0.0208333333333333,FALSE,49.6129594359629,"17-CD20830",TRUE,"A/A"
"1935","RT","R10","R","10","SK2",-2,"C08",2024-11-26,"11-26-24_ZS_R7-SK1_R10-SK2_R11-SK3",1.43848516895805,0.0119252656493931,48,0.0208333333333333,FALSE,49.4627964949389,"17-CD20830",TRUE,"A/A"
"1936","RT","R10","R","10","SK2",-2,"D08",2024-11-26,"11-26-24_ZS_R7-SK1_R10-SK2_R11-SK3",1.38041907864755,0.0129414692640105,48,0.0208333333333333,FALSE,48.2230488407947,"17-CD20830",TRUE,"A/A"
"1937","RT","R10","R","10","SK2",-0.301029995663981,"A06",2026-03-20,"3-20-26_ZS_R10_SK1-3_lowdil",1.32758534111338,0.0277791726506714,48,0.0208333333333333,FALSE,53.7477315182132,"17-CD20830",TRUE,"A/A"
"1938","RT","R10","R","10","SK2",-0.301029995663981,"B06",2026-03-20,"3-20-26_ZS_R10_SK1-3_lowdil",1.36957454634625,0.0241562675966796,48,0.0208333333333333,FALSE,53.4996360041687,"17-CD20830",TRUE,"A/A"
"1939","RT","R10","R","10","SK2",-0.301029995663981,"C06",2026-03-20,"3-20-26_ZS_R10_SK1-3_lowdil",1.39827026376974,0.021163490918161,48,0.0208333333333333,FALSE,54.029283251824,"17-CD20830",TRUE,"A/A"
"1940","RT","R10","R","10","SK2",-0.301029995663981,"D06",2026-03-20,"3-20-26_ZS_R10_SK1-3_lowdil",1.3291627989651,0.022223099998464,48,0.0208333333333333,FALSE,52.8796029763198,"17-CD20830",TRUE,"A/A"
"1941","RT","R10","R","10","SK2",-0.602059991327962,"A07",2026-03-20,"3-20-26_ZS_R10_SK1-3_lowdil",3.38234163932488,0.4934636980985,48,0.0208333333333333,FALSE,56.386228606899,"17-CD20830",TRUE,"A/A"
"1942","RT","R10","R","10","SK2",-0.602059991327962,"B07",2026-03-20,"3-20-26_ZS_R10_SK1-3_lowdil",1.43072003789673,0.0299621032685931,48,0.0208333333333333,FALSE,54.001532153008,"17-CD20830",TRUE,"A/A"
"1943","RT","R10","R","10","SK2",-0.602059991327962,"C07",2026-03-20,"3-20-26_ZS_R10_SK1-3_lowdil",1.43657377932318,0.0389724167578127,48,0.0208333333333333,FALSE,53.3019259023459,"17-CD20830",TRUE,"A/A"
"1944","RT","R10","R","10","SK2",-0.602059991327962,"D07",2026-03-20,"3-20-26_ZS_R10_SK1-3_lowdil",1.37275134007503,0.0390282234300308,48,0.0208333333333333,FALSE,52.729657988531,"17-CD20830",TRUE,"A/A"
"1945","RT","R10","R","10","SK2",-0.778151250383644,"A08",2026-03-20,"3-20-26_ZS_R10_SK1-3_lowdil",1.36332156170296,0.0415211562356942,48,0.0208333333333333,FALSE,53.248763978811,"17-CD20830",TRUE,"A/A"
"1946","RT","R10","R","10","SK2",-0.778151250383644,"B08",2026-03-20,"3-20-26_ZS_R10_SK1-3_lowdil",1.4496301811864,0.0383684950773558,48,0.0208333333333333,FALSE,54.6472598659717,"17-CD20830",TRUE,"A/A"
"1947","RT","R10","R","10","SK2",-0.778151250383644,"C08",2026-03-20,"3-20-26_ZS_R10_SK1-3_lowdil",1.45196650496423,0.0355854688659947,48,0.0208333333333333,FALSE,53.7440234878526,"17-CD20830",TRUE,"A/A"
"1948","RT","R10","R","10","SK2",-0.778151250383644,"D08",2026-03-20,"3-20-26_ZS_R10_SK1-3_lowdil",1.44285337526984,0.0357133166846286,48,0.0208333333333333,FALSE,54.4176511814178,"17-CD20830",TRUE,"A/A"
"1949","RT","R10","R","10","SK3",-1,"A03",2025-01-13,"1-13-25-ZS_R10-SK3-4",1.69867089863122,0.0160902819105557,48,0.0208333333333333,FALSE,49.8815835151755,"17-CD20830",TRUE,"A/A"
"1950","RT","R10","R","10","SK3",-1,"B03",2025-01-13,"1-13-25-ZS_R10-SK3-4",1.71524467360638,0.0125606684610479,48,0.0208333333333333,FALSE,48.379779161397,"17-CD20830",TRUE,"A/A"
"1951","RT","R10","R","10","SK3",-1,"C03",2025-01-13,"1-13-25-ZS_R10-SK3-4",1.70136770638591,0.013753594192441,48,0.0208333333333333,FALSE,49.5836859195119,"17-CD20830",TRUE,"A/A"
"1952","RT","R10","R","10","SK3",-1,"D03",2025-01-13,"1-13-25-ZS_R10-SK3-4",1.6952436307275,0.0218067529895487,48,0.0208333333333333,FALSE,49.2459314152862,"17-CD20830",TRUE,"A/A"
"1953","RT","R10","R","10","SK3",-2,"A04",2025-01-13,"1-13-25-ZS_R10-SK3-4",1.76589595375723,0.0201979934888048,48,0.0208333333333333,FALSE,52.1233182180587,"17-CD20830",TRUE,"A/A"
"1954","RT","R10","R","10","SK3",-2,"B04",2025-01-13,"1-13-25-ZS_R10-SK3-4",1.77287351699176,0.0295819648323167,48,0.0208333333333333,FALSE,52.9226573496883,"17-CD20830",TRUE,"A/A"
"1955","RT","R10","R","10","SK3",-2,"C04",2025-01-13,"1-13-25-ZS_R10-SK3-4",1.75685375336457,0.0244796685829484,48,0.0208333333333333,FALSE,50.9826163891935,"17-CD20830",TRUE,"A/A"
"1956","RT","R10","R","10","SK3",-2,"D04",2025-01-13,"1-13-25-ZS_R10-SK3-4",1.70933105283162,0.0262046539127497,48,0.0208333333333333,FALSE,50.5126140250856,"17-CD20830",TRUE,"A/A"
"1957","RT","R10","R","10","SK3",-0.301029995663981,"A09",2026-03-20,"3-20-26_ZS_R10_SK1-3_lowdil",1.13113904240231,0.0218581372980551,48,0.0208333333333333,FALSE,47.9875690810388,"17-CD20830",TRUE,"A/A"
"1958","RT","R10","R","10","SK3",-0.301029995663981,"B09",2026-03-20,"3-20-26_ZS_R10_SK1-3_lowdil",1.22599044703489,0.0163204797090899,48,0.0208333333333333,FALSE,49.1802573716383,"17-CD20830",TRUE,"A/A"
"1959","RT","R10","R","10","SK3",-0.301029995663981,"C09",2026-03-20,"3-20-26_ZS_R10_SK1-3_lowdil",1.1807933971789,0.0100440776210501,48,0.0208333333333333,FALSE,48.2734654518364,"17-CD20830",TRUE,"A/A"
"1960","RT","R10","R","10","SK3",-0.301029995663981,"D09",2026-03-20,"3-20-26_ZS_R10_SK1-3_lowdil",1.20929884736569,0.0129200512281915,48,0.0208333333333333,FALSE,49.4997719160053,"17-CD20830",TRUE,"A/A"
"1961","RT","R10","R","10","SK3",-0.602059991327962,"A10",2026-03-20,"3-20-26_ZS_R10_SK1-3_lowdil",1.31276232553469,0.0182883154265823,48,0.0208333333333333,FALSE,44.7546892258259,"17-CD20830",TRUE,"A/A"
"1962","RT","R10","R","10","SK3",-0.602059991327962,"B10",2026-03-20,"3-20-26_ZS_R10_SK1-3_lowdil",1.42105956373289,0.0155959243911747,48,0.0208333333333333,FALSE,46.0248148448344,"17-CD20830",TRUE,"A/A"
"1963","RT","R10","R","10","SK3",-0.602059991327962,"C10",2026-03-20,"3-20-26_ZS_R10_SK1-3_lowdil",1.36324693312228,0.0104471705579739,48,0.0208333333333333,FALSE,44.7740279976257,"17-CD20830",TRUE,"A/A"
"1964","RT","R10","R","10","SK3",-0.602059991327962,"D10",2026-03-20,"3-20-26_ZS_R10_SK1-3_lowdil",1.38560252265198,0.00659269016351999,48,0.0208333333333333,FALSE,45.370363579212,"17-CD20830",TRUE,"A/A"
"1965","RT","R10","R","10","SK3",-0.778151250383644,"A11",2026-03-20,"3-20-26_ZS_R10_SK1-3_lowdil",26.749880951224,5.74332328032558,40.0152629588855,0.0249904642892756,TRUE,220.274531336554,"17-CD20830",TRUE,"A/A"
"1966","RT","R10","R","10","SK3",-0.778151250383644,"B11",2026-03-20,"3-20-26_ZS_R10_SK1-3_lowdil",1.35580109394339,0.0108196590410029,48,0.0208333333333333,FALSE,45.6922685351539,"17-CD20830",TRUE,"A/A"
"1967","RT","R10","R","10","SK3",-0.778151250383644,"C11",2026-03-20,"3-20-26_ZS_R10_SK1-3_lowdil",1.33961372164715,0.00754872252808885,48,0.0208333333333333,FALSE,45.3266536495523,"17-CD20830",TRUE,"A/A"
"1968","RT","R10","R","10","SK3",-0.778151250383644,"D11",2026-03-20,"3-20-26_ZS_R10_SK1-3_lowdil",1.36742739411229,0.00841730831033101,48,0.0208333333333333,FALSE,46.3466027279211,"17-CD20830",TRUE,"A/A"
"1969","RT","R10","R","10","SK4",-1,"A08",2025-01-13,"1-13-25-ZS_R10-SK3-4",1.79295689131755,0.0132226944613101,48,0.0208333333333333,FALSE,50.863160291439,"17-CD20830",TRUE,"A/A"
"1970","RT","R10","R","10","SK4",-1,"B08",2025-01-13,"1-13-25-ZS_R10-SK3-4",1.76832460732984,0.0127533897167405,48,0.0208333333333333,FALSE,50.9690394683851,"17-CD20830",TRUE,"A/A"
"1971","RT","R10","R","10","SK4",-1,"C08",2025-01-13,"1-13-25-ZS_R10-SK3-4",1.82358290391028,0.0149540264726685,48,0.0208333333333333,FALSE,51.8203243407092,"17-CD20830",TRUE,"A/A"
"1972","RT","R10","R","10","SK4",-1,"D08",2025-01-13,"1-13-25-ZS_R10-SK3-4",1.66042620991834,0.013875058089358,48,0.0208333333333333,FALSE,49.4797973511253,"17-CD20830",TRUE,"A/A"
"1973","RT","R10","R","10","SK4",-2,"A09",2025-01-13,"1-13-25-ZS_R10-SK3-4",1.7403,0.0151777777777778,48,0.0208333333333333,FALSE,51.56025,"17-CD20830",TRUE,"A/A"
"1974","RT","R10","R","10","SK4",-2,"B09",2025-01-13,"1-13-25-ZS_R10-SK3-4",1.79913522012579,0.0172737596086652,48,0.0208333333333333,FALSE,49.462116745283,"17-CD20830",TRUE,"A/A"
"1975","RT","R10","R","10","SK4",-2,"C09",2025-01-13,"1-13-25-ZS_R10-SK3-4",1.71732668520472,0.030470589488712,48,0.0208333333333333,FALSE,51.371548087065,"17-CD20830",TRUE,"A/A"
"1976","RT","R10","R","10","SK4",-2,"D09",2025-01-13,"1-13-25-ZS_R10-SK3-4",1.72586797066015,0.0158217875577289,48,0.0208333333333333,FALSE,48.3800611246944,"17-CD20830",TRUE,"A/A"
"1977","RT","R11","R","11","BR",-1,"A08",2025-01-15,"1-15-25_ZS_R5381&R11_BR_Dilution",1.91350704896267,0.00840762925350479,48,0.0208333333333333,FALSE,45.1255320927969,"17-CD24077",TRUE,"A/B"
"1978","RT","R11","R","11","BR",-1,"B08",2025-01-15,"1-15-25_ZS_R5381&R11_BR_Dilution",2.04278884043503,0.00950863120778532,48,0.0208333333333333,FALSE,46.5061905637576,"17-CD24077",TRUE,"A/B"
"1979","RT","R11","R","11","BR",-1,"C08",2025-01-15,"1-15-25_ZS_R5381&R11_BR_Dilution",2.02688889816012,0.00955864287667866,48,0.0208333333333333,FALSE,46.8046317639452,"17-CD24077",TRUE,"A/B"
"1980","RT","R11","R","11","BR",-1,"D08",2025-01-15,"1-15-25_ZS_R5381&R11_BR_Dilution",2.04124501516279,0.0137446356301538,48,0.0208333333333333,FALSE,48.5605984026305,"17-CD24077",TRUE,"A/B"
"1981","RT","R11","R","11","BR",-2,"A09",2025-01-15,"1-15-25_ZS_R5381&R11_BR_Dilution",9.72095904461121,1.91904154212604,38.8885580416728,0.0257145044804285,TRUE,120.587544301484,"17-CD24077",TRUE,"A/B"
"1982","RT","R11","R","11","BR",-2,"B09",2025-01-15,"1-15-25_ZS_R5381&R11_BR_Dilution",10.0820939855785,1.83748042536145,31.2204537875368,0.0320302839543992,TRUE,187.125115228613,"17-CD24077",TRUE,"A/B"
"1983","RT","R11","R","11","BR",-2,"C09",2025-01-15,"1-15-25_ZS_R5381&R11_BR_Dilution",15.0881715022161,3.08740545153332,36.9385341058841,0.027072000126846,TRUE,191.923400025147,"17-CD24077",TRUE,"A/B"
"1984","RT","R11","R","11","BR",-2,"D09",2025-01-15,"1-15-25_ZS_R5381&R11_BR_Dilution",6.80280858858248,1.10719672557466,20.7485119943576,0.0481962272895493,TRUE,192.358968912181,"17-CD24077",TRUE,"A/B"
"1985","RT","R11","R","11","LN",-1,"A08",2024-05-22,"5-22-24_ZS_R11&5381_LN_Dilution",1.24789915966387,0.0158730158730159,48,0.0208333333333333,FALSE,45.9469537815125,"17-CD24077",TRUE,"A/B"
"1986","RT","R11","R","11","LN",-1,"B08",2024-05-22,"5-22-24_ZS_R11&5381_LN_Dilution",1.32921810699588,0.0128029263831733,48,0.0208333333333333,FALSE,46.8641975308641,"17-CD24077",TRUE,"A/B"
"1987","RT","R11","R","11","LN",-1,"C08",2024-05-22,"5-22-24_ZS_R11&5381_LN_Dilution",1.28048780487805,0.0731707317073171,48,0.0208333333333333,FALSE,48.0564024390244,"17-CD24077",TRUE,"A/B"
"1988","RT","R11","R","11","LN",-1,"D08",2024-05-22,"5-22-24_ZS_R11&5381_LN_Dilution",1.25409836065574,0.0136612021857924,48,0.0208333333333333,FALSE,46.96875,"17-CD24077",TRUE,"A/B"
"1989","RT","R11","R","11","LN",-2,"A09",2024-05-22,"5-22-24_ZS_R11&5381_LN_Dilution",5.82456140350877,1.05328135152697,15.1726839237057,0.0659079174804139,TRUE,190.325657894737,"17-CD24077",TRUE,"A/B"
"1990","RT","R11","R","11","LN",-2,"B09",2024-05-22,"5-22-24_ZS_R11&5381_LN_Dilution",5.33333333333333,0.816125860373648,15.9868421052632,0.0625514403292181,TRUE,175.767699115044,"17-CD24077",TRUE,"A/B"
"1991","RT","R11","R","11","LN",-2,"C09",2024-05-22,"5-22-24_ZS_R11&5381_LN_Dilution",5.0828729281768,0.855739717618171,11.0090361445783,0.0908344733242134,TRUE,182.82182320442,"17-CD24077",TRUE,"A/B"
"1992","RT","R11","R","11","LN",-2,"D09",2024-05-22,"5-22-24_ZS_R11&5381_LN_Dilution",15.1466275659824,2.76115998696644,5.82626146788991,0.17163664993603,TRUE,538.53629032258,"17-CD24077",TRUE,"A/B"
"1993","RT","R11","R","11","SK1",-1,"A03",2024-11-05,"11-5-24_ZS_R11_SK1",1.58798854202068,0.0161015897676577,48,0.0208333333333333,FALSE,49.8874423459728,"17-CD24077",TRUE,"A/B"
"1994","RT","R11","R","11","SK1",-1,"A03",2025-01-13,"1-13-25_ZS_R11-SK1-4",1.51923076923077,0.024030408452519,48,0.0208333333333333,FALSE,52.4192235214534,"17-CD24077",TRUE,"A/B"
"1995","RT","R11","R","11","SK1",-1,"B03",2024-11-05,"11-5-24_ZS_R11_SK1",1.56112517952982,0.0164789477662711,48,0.0208333333333333,FALSE,47.9581211259355,"17-CD24077",TRUE,"A/B"
"1996","RT","R11","R","11","SK1",-1,"B03",2025-01-13,"1-13-25_ZS_R11-SK1-4",1.48935973353072,0.0261123447651945,48,0.0208333333333333,FALSE,49.9133743523316,"17-CD24077",TRUE,"A/B"
"1997","RT","R11","R","11","SK1",-1,"C03",2024-11-05,"11-5-24_ZS_R11_SK1",1.5922923069418,0.0153264928912522,48,0.0208333333333333,FALSE,49.5060002926972,"17-CD24077",TRUE,"A/B"
"1998","RT","R11","R","11","SK1",-1,"C03",2025-01-13,"1-13-25_ZS_R11-SK1-4",1.51296748731441,0.0349558353692915,48,0.0208333333333333,FALSE,51.3234119526405,"17-CD24077",TRUE,"A/B"
"1999","RT","R11","R","11","SK1",-1,"D03",2024-11-05,"11-5-24_ZS_R11_SK1",1.55925525339926,0.0198654889438264,48,0.0208333333333333,FALSE,50.2648729623764,"17-CD24077",TRUE,"A/B"
"2000","RT","R11","R","11","SK1",-1,"D03",2025-01-13,"1-13-25_ZS_R11-SK1-4",1.52444529824224,0.0293706442971644,48,0.0208333333333333,FALSE,51.4780160407262,"17-CD24077",TRUE,"A/B"
"2001","RT","R11","R","11","SK1",-2,"A04",2024-11-05,"11-5-24_ZS_R11_SK1",1.65209219020627,0.0181139453104498,48,0.0208333333333333,FALSE,51.879797472839,"17-CD24077",TRUE,"A/B"
"2002","RT","R11","R","11","SK1",-2,"A04",2025-01-13,"1-13-25_ZS_R11-SK1-4",1.57439143135346,0.0315265606404847,48,0.0208333333333333,FALSE,54.4932692307692,"17-CD24077",TRUE,"A/B"
"2003","RT","R11","R","11","SK1",-2,"B04",2024-11-05,"11-5-24_ZS_R11_SK1",1.64342113016322,0.0190346495219514,48,0.0208333333333333,FALSE,51.3553451476048,"17-CD24077",TRUE,"A/B"
"2004","RT","R11","R","11","SK1",-2,"B04",2025-01-13,"1-13-25_ZS_R11-SK1-4",1.56351364019874,0.0362488672228993,48,0.0208333333333333,FALSE,52.134456735727,"17-CD24077",TRUE,"A/B"
"2005","RT","R11","R","11","SK1",-2,"C04",2024-11-05,"11-5-24_ZS_R11_SK1",1.62573602637609,0.0190601422581467,48,0.0208333333333333,FALSE,49.8518314850087,"17-CD24077",TRUE,"A/B"
"2006","RT","R11","R","11","SK1",-2,"C04",2025-01-13,"1-13-25_ZS_R11-SK1-4",1.53315227570706,0.0381885912884227,48,0.0208333333333333,FALSE,51.4222700880314,"17-CD24077",TRUE,"A/B"
"2007","RT","R11","R","11","SK1",-2,"D04",2024-11-05,"11-5-24_ZS_R11_SK1",1.63326726786245,0.0213765841949372,48,0.0208333333333333,FALSE,50.837703151323,"17-CD24077",TRUE,"A/B"
"2008","RT","R11","R","11","SK1",-2,"D04",2025-01-13,"1-13-25_ZS_R11-SK1-4",1.52536298474545,0.0364516326655639,48,0.0208333333333333,FALSE,50.5680711266311,"17-CD24077",TRUE,"A/B"
"2009","RT","R11","R","11","SK1",-0.301029995663981,"A03",2026-03-20,"3-20-26_ZS_R11_SK1-3_lowdil",1.34908183812701,0.0121197144609521,48,0.0208333333333333,FALSE,49.7546396477625,"17-CD24077",TRUE,"A/B"
"2010","RT","R11","R","11","SK1",-0.301029995663981,"B03",2026-03-20,"3-20-26_ZS_R11_SK1-3_lowdil",1.34751142965521,0.020487975847436,48,0.0208333333333333,FALSE,50.0317222843339,"17-CD24077",TRUE,"A/B"
"2011","RT","R11","R","11","SK1",-0.301029995663981,"C03",2026-03-20,"3-20-26_ZS_R11_SK1-3_lowdil",1.38828188169925,0.0113960704635139,48,0.0208333333333333,FALSE,50.9424978748989,"17-CD24077",TRUE,"A/B"
"2012","RT","R11","R","11","SK1",-0.301029995663981,"D03",2026-03-20,"3-20-26_ZS_R11_SK1-3_lowdil",1.39209496664521,0.0111920434333012,48,0.0208333333333333,FALSE,50.2420814306292,"17-CD24077",TRUE,"A/B"
"2013","RT","R11","R","11","SK1",-0.602059991327962,"A04",2026-03-20,"3-20-26_ZS_R11_SK1-3_lowdil",1.34969708025693,0.0136337887530844,48,0.0208333333333333,FALSE,48.7501548203124,"17-CD24077",TRUE,"A/B"
"2014","RT","R11","R","11","SK1",-0.602059991327962,"B04",2026-03-20,"3-20-26_ZS_R11_SK1-3_lowdil",5.25615296290749,0.93483988706394,16.841370305571,0.0593775911256586,TRUE,133.645263591433,"17-CD24077",TRUE,"A/B"
"2015","RT","R11","R","11","SK1",-0.602059991327962,"C04",2026-03-20,"3-20-26_ZS_R11_SK1-3_lowdil",1.38823725883139,0.00849847843835823,48,0.0208333333333333,FALSE,48.8008811741129,"17-CD24077",TRUE,"A/B"
"2016","RT","R11","R","11","SK1",-0.602059991327962,"D04",2026-03-20,"3-20-26_ZS_R11_SK1-3_lowdil",4.34793929545476,0.736189906016288,30.6626743856949,0.0326129413051632,TRUE,87.3748075662115,"17-CD24077",TRUE,"A/B"
"2017","RT","R11","R","11","SK1",-0.778151250383644,"A05",2026-03-20,"3-20-26_ZS_R11_SK1-3_lowdil",1.39940099180046,0.0206870591316018,48,0.0208333333333333,FALSE,50.3467926056857,"17-CD24077",TRUE,"A/B"
"2018","RT","R11","R","11","SK1",-0.778151250383644,"B05",2026-03-20,"3-20-26_ZS_R11_SK1-3_lowdil",1.37890716345779,0.0215245840586865,48,0.0208333333333333,FALSE,50.4955411080365,"17-CD24077",TRUE,"A/B"
"2019","RT","R11","R","11","SK1",-0.778151250383644,"C05",2026-03-20,"3-20-26_ZS_R11_SK1-3_lowdil",1.39606604674737,0.0374529158083752,48,0.0208333333333333,FALSE,51.1810193578572,"17-CD24077",TRUE,"A/B"
"2020","RT","R11","R","11","SK1",-0.778151250383644,"D05",2026-03-20,"3-20-26_ZS_R11_SK1-3_lowdil",1.37292435201053,0.0294643846507209,48,0.0208333333333333,FALSE,49.3953837104598,"17-CD24077",TRUE,"A/B"
"2021","RT","R11","R","11","SK2",-1,"A05",2025-01-13,"1-13-25_ZS_R11-SK1-4",1.47547499030632,0.0337555469389514,48,0.0208333333333333,FALSE,53.3633069988368,"17-CD24077",TRUE,"A/B"
"2022","RT","R11","R","11","SK2",-1,"A08",2024-11-14,"11-14-24_ZS_R10-SK1_R11-SK2",1.38949010527555,0.0131777038657724,48,0.0208333333333333,FALSE,48.9032038892104,"17-CD24077",TRUE,"A/B"
"2023","RT","R11","R","11","SK2",-1,"B05",2025-01-13,"1-13-25_ZS_R11-SK1-4",1.48228273032451,0.0373616809648141,48,0.0208333333333333,FALSE,50.8376771726968,"17-CD24077",TRUE,"A/B"
"2024","RT","R11","R","11","SK2",-1,"B08",2024-11-14,"11-14-24_ZS_R10-SK1_R11-SK2",1.40131797001423,0.0144209835383726,48,0.0208333333333333,FALSE,47.7251235596889,"17-CD24077",TRUE,"A/B"
"2025","RT","R11","R","11","SK2",-1,"C05",2025-01-13,"1-13-25_ZS_R11-SK1-4",1.46066779852858,0.0266825965750697,48,0.0208333333333333,FALSE,51.9974533106961,"17-CD24077",TRUE,"A/B"
"2026","RT","R11","R","11","SK2",-1,"C08",2024-11-14,"11-14-24_ZS_R10-SK1_R11-SK2",1.37702330415004,0.0168149796675567,48,0.0208333333333333,FALSE,48.4209085383191,"17-CD24077",TRUE,"A/B"
"2027","RT","R11","R","11","SK2",-1,"D05",2025-01-13,"1-13-25_ZS_R11-SK1-4",1.49457905156972,0.0331227805537224,48,0.0208333333333333,FALSE,50.9445295559536,"17-CD24077",TRUE,"A/B"
"2028","RT","R11","R","11","SK2",-1,"D08",2024-11-14,"11-14-24_ZS_R10-SK1_R11-SK2",1.36614349339713,0.0116649702973293,48,0.0208333333333333,FALSE,47.0920561292957,"17-CD24077",TRUE,"A/B"
"2029","RT","R11","R","11","SK2",-2,"A06",2025-01-13,"1-13-25_ZS_R11-SK1-4",1.54016567135427,0.0275904878100987,48,0.0208333333333333,FALSE,54.3415165671354,"17-CD24077",TRUE,"A/B"
"2030","RT","R11","R","11","SK2",-2,"A09",2024-11-14,"11-14-24_ZS_R10-SK1_R11-SK2",1.42876015458632,0.00912926886978468,48,0.0208333333333333,FALSE,47.7363738760944,"17-CD24077",TRUE,"A/B"
"2031","RT","R11","R","11","SK2",-2,"B06",2025-01-13,"1-13-25_ZS_R11-SK1-4",1.56574460022736,0.0443349753694581,48,0.0208333333333333,FALSE,53.287301061008,"17-CD24077",TRUE,"A/B"
"2032","RT","R11","R","11","SK2",-2,"B09",2024-11-14,"11-14-24_ZS_R10-SK1_R11-SK2",1.51671658390486,0.0162813662906343,48,0.0208333333333333,FALSE,47.646840824171,"17-CD24077",TRUE,"A/B"
"2033","RT","R11","R","11","SK2",-2,"C06",2025-01-13,"1-13-25_ZS_R11-SK1-4",1.47596239134291,0.0431277472256716,48,0.0208333333333333,FALSE,50.4523682810005,"17-CD24077",TRUE,"A/B"
"2034","RT","R11","R","11","SK2",-2,"C09",2024-11-14,"11-14-24_ZS_R10-SK1_R11-SK2",1.42656979261897,0.0190134030484317,48,0.0208333333333333,FALSE,47.7102812394745,"17-CD24077",TRUE,"A/B"
"2035","RT","R11","R","11","SK2",-2,"D06",2025-01-13,"1-13-25_ZS_R11-SK1-4",1.53148216939079,0.0398299488195476,48,0.0208333333333333,FALSE,51.1263465824666,"17-CD24077",TRUE,"A/B"
"2036","RT","R11","R","11","SK2",-2,"D09",2024-11-14,"11-14-24_ZS_R10-SK1_R11-SK2",1.42428760768721,0.00783317524049602,48,0.0208333333333333,FALSE,47.6686717927728,"17-CD24077",TRUE,"A/B"
"2037","RT","R11","R","11","SK2",-0.301029995663981,"A06",2026-03-20,"3-20-26_ZS_R11_SK1-3_lowdil",1.48647882294872,0.102960481406412,48,0.0208333333333333,FALSE,50.3988760357485,"17-CD24077",TRUE,"A/B"
"2038","RT","R11","R","11","SK2",-0.301029995663981,"B06",2026-03-20,"3-20-26_ZS_R11_SK1-3_lowdil",1.37500126378793,0.0106203120488979,48,0.0208333333333333,FALSE,49.9246706568664,"17-CD24077",TRUE,"A/B"
"2039","RT","R11","R","11","SK2",-0.301029995663981,"C06",2026-03-20,"3-20-26_ZS_R11_SK1-3_lowdil",1.37498881209288,0.00980336907938718,48,0.0208333333333333,FALSE,49.5342349957734,"17-CD24077",TRUE,"A/B"
"2040","RT","R11","R","11","SK2",-0.301029995663981,"D06",2026-03-20,"3-20-26_ZS_R11_SK1-3_lowdil",1.38322227747389,0.0145997016409746,48,0.0208333333333333,FALSE,49.621935604177,"17-CD24077",TRUE,"A/B"
"2041","RT","R11","R","11","SK2",-0.602059991327962,"A07",2026-03-20,"3-20-26_ZS_R11_SK1-3_lowdil",1.38019936431713,0.0106493827403464,48,0.0208333333333333,FALSE,48.9873736752508,"17-CD24077",TRUE,"A/B"
"2042","RT","R11","R","11","SK2",-0.602059991327962,"B07",2026-03-20,"3-20-26_ZS_R11_SK1-3_lowdil",4.92284495585755,0.859595057809521,28.6168995553942,0.0349443865525782,TRUE,99.340394058129,"17-CD24077",TRUE,"A/B"
"2043","RT","R11","R","11","SK2",-0.602059991327962,"C07",2026-03-20,"3-20-26_ZS_R11_SK1-3_lowdil",5.47570822091731,0.978782027544129,19.9633304473156,0.0500918422724634,TRUE,123.169508064196,"17-CD24077",TRUE,"A/B"
"2044","RT","R11","R","11","SK2",-0.602059991327962,"D07",2026-03-20,"3-20-26_ZS_R11_SK1-3_lowdil",1.36305744573831,0.0176923214818611,48,0.0208333333333333,FALSE,48.5410948666116,"17-CD24077",TRUE,"A/B"
"2045","RT","R11","R","11","SK2",-0.778151250383644,"A08",2026-03-20,"3-20-26_ZS_R11_SK1-3_lowdil",1.37125505289828,0.00998007852542404,48,0.0208333333333333,FALSE,48.8935289054793,"17-CD24077",TRUE,"A/B"
"2046","RT","R11","R","11","SK2",-0.778151250383644,"B08",2026-03-20,"3-20-26_ZS_R11_SK1-3_lowdil",1.41485643067875,0.0206398817734416,48,0.0208333333333333,FALSE,51.2773458418936,"17-CD24077",TRUE,"A/B"
"2047","RT","R11","R","11","SK2",-0.778151250383644,"C08",2026-03-20,"3-20-26_ZS_R11_SK1-3_lowdil",1.38208342358802,0.026533309474702,48,0.0208333333333333,FALSE,50.4950014597715,"17-CD24077",TRUE,"A/B"
"2048","RT","R11","R","11","SK2",-0.778151250383644,"D08",2026-03-20,"3-20-26_ZS_R11_SK1-3_lowdil",1.3841833951047,0.0238535715554887,48,0.0208333333333333,FALSE,49.0573556525502,"17-CD24077",TRUE,"A/B"
"2049","RT","R11","R","11","SK3",-1,"A07",2025-01-13,"1-13-25_ZS_R11-SK1-4",1.42117918630374,0.0590982441516249,48,0.0208333333333333,FALSE,52.9364961046455,"17-CD24077",TRUE,"A/B"
"2050","RT","R11","R","11","SK3",-1,"A10",2024-11-26,"11-26-24_ZS_R7-SK1_R10-SK2_R11-SK3",1.30677047324175,0.0357088383661264,48,0.0208333333333333,FALSE,50.3113558481379,"17-CD24077",TRUE,"A/B"
"2051","RT","R11","R","11","SK3",-1,"B07",2025-01-13,"1-13-25_ZS_R11-SK1-4",2.76860826197422,0.36061185868281,48,0.0208333333333333,FALSE,53.2650324644774,"17-CD24077",TRUE,"A/B"
"2052","RT","R11","R","11","SK3",-1,"B10",2024-11-26,"11-26-24_ZS_R7-SK1_R10-SK2_R11-SK3",5.72654036110437,1.02204274957493,45.8807707757607,0.0217956233753665,TRUE,61.6125478200145,"17-CD24077",TRUE,"A/B"
"2053","RT","R11","R","11","SK3",-1,"C07",2025-01-13,"1-13-25_ZS_R11-SK1-4",2.7943464238285,0.366786820970088,48,0.0208333333333333,FALSE,53.9367529880478,"17-CD24077",TRUE,"A/B"
"2054","RT","R11","R","11","SK3",-1,"C10",2024-11-26,"11-26-24_ZS_R7-SK1_R10-SK2_R11-SK3",2.49336764207209,0.314175404535048,48,0.0208333333333333,FALSE,65.9552278439351,"17-CD24077",TRUE,"A/B"
"2055","RT","R11","R","11","SK3",-1,"D07",2025-01-13,"1-13-25_ZS_R11-SK1-4",1.42245634016705,0.0237492617902641,48,0.0208333333333333,FALSE,50.3852861617313,"17-CD24077",TRUE,"A/B"
"2056","RT","R11","R","11","SK3",-1,"D10",2024-11-26,"11-26-24_ZS_R7-SK1_R10-SK2_R11-SK3",3.00262233437237,0.438062881049374,48,0.0208333333333333,FALSE,52.1383961704023,"17-CD24077",TRUE,"A/B"
"2057","RT","R11","R","11","SK3",-2,"A08",2025-01-13,"1-13-25_ZS_R11-SK1-4",1.57248133423834,0.0218063501298253,48,0.0208333333333333,FALSE,53.7087050324833,"17-CD24077",TRUE,"A/B"
"2058","RT","R11","R","11","SK3",-2,"A11",2024-11-26,"11-26-24_ZS_R7-SK1_R10-SK2_R11-SK3",1.35856129278636,0.0190250950808103,48,0.0208333333333333,FALSE,48.8729021365546,"17-CD24077",TRUE,"A/B"
"2059","RT","R11","R","11","SK3",-2,"B08",2025-01-13,"1-13-25_ZS_R11-SK1-4",1.61218096378881,0.0386785015919817,48,0.0208333333333333,FALSE,50.8723624804202,"17-CD24077",TRUE,"A/B"
"2060","RT","R11","R","11","SK3",-2,"B11",2024-11-26,"11-26-24_ZS_R7-SK1_R10-SK2_R11-SK3",1.39921140011068,0.0127985523668977,48,0.0208333333333333,FALSE,49.2364638508973,"17-CD24077",TRUE,"A/B"
"2061","RT","R11","R","11","SK3",-2,"C08",2025-01-13,"1-13-25_ZS_R11-SK1-4",1.58741914315178,0.0467693717904649,48,0.0208333333333333,FALSE,52.3366691665885,"17-CD24077",TRUE,"A/B"
"2062","RT","R11","R","11","SK3",-2,"C11",2024-11-26,"11-26-24_ZS_R7-SK1_R10-SK2_R11-SK3",1.37949241368481,0.0148149602091934,48,0.0208333333333333,FALSE,48.3212492884762,"17-CD24077",TRUE,"A/B"
"2063","RT","R11","R","11","SK3",-2,"D08",2025-01-13,"1-13-25_ZS_R11-SK1-4",1.53488804236737,0.0403646236592441,48,0.0208333333333333,FALSE,51.6315037628913,"17-CD24077",TRUE,"A/B"
"2064","RT","R11","R","11","SK3",-2,"D11",2024-11-26,"11-26-24_ZS_R7-SK1_R10-SK2_R11-SK3",1.44661,0.00983777777777779,48,0.0208333333333333,FALSE,48.8114925000001,"17-CD24077",TRUE,"A/B"
"2065","RT","R11","R","11","SK3",-0.301029995663981,"A09",2026-03-20,"3-20-26_ZS_R11_SK1-3_lowdil",1.32575082073522,0.0143093890307444,48,0.0208333333333333,FALSE,50.3094767053054,"17-CD24077",TRUE,"A/B"
"2066","RT","R11","R","11","SK3",-0.301029995663981,"B09",2026-03-20,"3-20-26_ZS_R11_SK1-3_lowdil",1.32549966837265,0.00596599252271071,48,0.0208333333333333,FALSE,47.3279794490036,"17-CD24077",TRUE,"A/B"
"2067","RT","R11","R","11","SK3",-0.301029995663981,"C09",2026-03-20,"3-20-26_ZS_R11_SK1-3_lowdil",1.31111089012421,0.0106979760914267,48,0.0208333333333333,FALSE,50.6262045167514,"17-CD24077",TRUE,"A/B"
"2068","RT","R11","R","11","SK3",-0.301029995663981,"D09",2026-03-20,"3-20-26_ZS_R11_SK1-3_lowdil",1.33716063520375,0.0119199228008778,48,0.0208333333333333,FALSE,51.0099377261165,"17-CD24077",TRUE,"A/B"
"2069","RT","R11","R","11","SK3",-0.602059991327962,"A10",2026-03-20,"3-20-26_ZS_R11_SK1-3_lowdil",1.36708700889908,0.0112523046498876,48,0.0208333333333333,FALSE,49.5200119982125,"17-CD24077",TRUE,"A/B"
"2070","RT","R11","R","11","SK3",-0.602059991327962,"B10",2026-03-20,"3-20-26_ZS_R11_SK1-3_lowdil",1.33841419983475,0.0135510877697265,48,0.0208333333333333,FALSE,48.5041525399583,"17-CD24077",TRUE,"A/B"
"2071","RT","R11","R","11","SK3",-0.602059991327962,"C10",2026-03-20,"3-20-26_ZS_R11_SK1-3_lowdil",1.36709681663957,0.0203932232842822,48,0.0208333333333333,FALSE,50.6524667048883,"17-CD24077",TRUE,"A/B"
"2072","RT","R11","R","11","SK3",-0.602059991327962,"D10",2026-03-20,"3-20-26_ZS_R11_SK1-3_lowdil",1.3980563578175,0.0158219065213055,48,0.0208333333333333,FALSE,50.3650781067053,"17-CD24077",TRUE,"A/B"
"2073","RT","R11","R","11","SK3",-0.778151250383644,"A11",2026-03-20,"3-20-26_ZS_R11_SK1-3_lowdil",15.5917604857061,3.21729692966912,18.4717300895122,0.0541367806455648,TRUE,398.489494420541,"17-CD24077",TRUE,"A/B"
"2074","RT","R11","R","11","SK3",-0.778151250383644,"B11",2026-03-20,"3-20-26_ZS_R11_SK1-3_lowdil",1.3916800395013,0.0171446597813713,48,0.0208333333333333,FALSE,49.41184848974,"17-CD24077",TRUE,"A/B"
"2075","RT","R11","R","11","SK3",-0.778151250383644,"C11",2026-03-20,"3-20-26_ZS_R11_SK1-3_lowdil",1.39759421107039,0.0274431183368314,48,0.0208333333333333,FALSE,49.7982802368199,"17-CD24077",TRUE,"A/B"
"2076","RT","R11","R","11","SK3",-0.778151250383644,"D11",2026-03-20,"3-20-26_ZS_R11_SK1-3_lowdil",1.43333848890264,0.0262611811409274,48,0.0208333333333333,FALSE,50.2796888291703,"17-CD24077",TRUE,"A/B"
"2077","RT","R11","R","11","SK4",-1,"A10",2025-01-13,"1-13-25_ZS_R11-SK1-4",1.51445472760233,0.0418535127055306,48,0.0208333333333333,FALSE,52.3829667970614,"17-CD24077",TRUE,"A/B"
"2078","RT","R11","R","11","SK4",-1,"B10",2025-01-13,"1-13-25_ZS_R11-SK1-4",1.54901960784314,0.0364923747276689,48,0.0208333333333333,FALSE,53.0588235294118,"17-CD24077",TRUE,"A/B"
"2079","RT","R11","R","11","SK4",-1,"C10",2025-01-13,"1-13-25_ZS_R11-SK1-4",1.46911142454161,0.0336415399885075,48,0.0208333333333333,FALSE,49.8740832157969,"17-CD24077",TRUE,"A/B"
"2080","RT","R11","R","11","SK4",-1,"D10",2025-01-13,"1-13-25_ZS_R11-SK1-4",3.1939027739632,0.395902631552178,48,0.0208333333333333,FALSE,70.6139110134579,"17-CD24077",TRUE,"A/B"
"2081","RT","R11","R","11","SK4",-2,"A11",2025-01-13,"1-13-25_ZS_R11-SK1-4",1.53844705882353,0.0351790849673203,48,0.0208333333333333,FALSE,53.8124117647059,"17-CD24077",TRUE,"A/B"
"2082","RT","R11","R","11","SK4",-2,"B11",2025-01-13,"1-13-25_ZS_R11-SK1-4",1.48665935672515,0.0438190383365822,48,0.0208333333333333,FALSE,51.0190858004386,"17-CD24077",TRUE,"A/B"
"2083","RT","R11","R","11","SK4",-2,"C11",2025-01-13,"1-13-25_ZS_R11-SK1-4",1.48915205207015,0.0448783623616384,48,0.0208333333333333,FALSE,49.9809030916651,"17-CD24077",TRUE,"A/B"
"2084","RT","R11","R","11","SK4",-2,"D11",2025-01-13,"1-13-25_ZS_R11-SK1-4",1.51289268204104,0.0453160623852471,48,0.0208333333333333,FALSE,50.1417287089159,"17-CD24077",TRUE,"A/B"
"2085","RT","R12752","R","12752","BR",-1,"A03",2026-02-11,"2-11-26_ZS_R12752_BR",1.90649478935151,0.00722631061940588,48,0.0208333333333333,FALSE,40.4114090976441,"17-CD12752",FALSE,NA
"2086","RT","R12752","R","12752","BR",-1,"B03",2026-02-11,"2-11-26_ZS_R12752_BR",2.0808525629734,0.00567362168870838,48,0.0208333333333333,FALSE,41.6059059258722,"17-CD12752",FALSE,NA
"2087","RT","R12752","R","12752","BR",-1,"C03",2026-02-11,"2-11-26_ZS_R12752_BR",2.0427315455957,0.00759811807274984,48,0.0208333333333333,FALSE,42.0158590897646,"17-CD12752",FALSE,NA
"2088","RT","R12752","R","12752","BR",-1,"D03",2026-02-11,"2-11-26_ZS_R12752_BR",2.00419646917766,0.00279994303643373,48,0.0208333333333333,FALSE,41.4185577479639,"17-CD12752",FALSE,NA
"2089","RT","R12752","R","12752","BR",-2,"A04",2026-02-11,"2-11-26_ZS_R12752_BR",1.85375135918811,0.00755775710469438,48,0.0208333333333333,FALSE,40.8929979159116,"17-CD12752",FALSE,NA
"2090","RT","R12752","R","12752","BR",-2,"B04",2026-02-11,"2-11-26_ZS_R12752_BR",1.93898450594824,0,48,0.0208333333333333,FALSE,40.5267479354892,"17-CD12752",FALSE,NA
"2091","RT","R12752","R","12752","BR",-2,"C04",2026-02-11,"2-11-26_ZS_R12752_BR",1.93749613282458,0.00694372830084906,48,0.0208333333333333,FALSE,41.2537743632051,"17-CD12752",FALSE,NA
"2092","RT","R12752","R","12752","BR",-2,"D04",2026-02-11,"2-11-26_ZS_R12752_BR",1.90541,0.0022511111111111,48,0.0208333333333333,FALSE,40.4569124999999,"17-CD12752",FALSE,NA
"2093","RT","R12752","R","12752","LN",-1,"A03",2025-02-24,"2-24-25_ZS_R12752&M8_LN",1.52216293864149,0.0168274163759491,48,0.0208333333333333,FALSE,47.8156936178945,"17-CD12752",FALSE,NA
"2094","RT","R12752","R","12752","LN",-1,"B03",2025-02-24,"2-24-25_ZS_R12752&M8_LN",1.43921493902439,0.0245172764227642,48,0.0208333333333333,FALSE,44.535537347561,"17-CD12752",FALSE,NA
"2095","RT","R12752","R","12752","LN",-1,"C03",2025-02-24,"2-24-25_ZS_R12752&M8_LN",1.58365434669443,0.0109665104980045,48,0.0208333333333333,FALSE,47.333628318584,"17-CD12752",FALSE,NA
"2096","RT","R12752","R","12752","LN",-1,"D03",2025-02-24,"2-24-25_ZS_R12752&M8_LN",1.55351362639658,0.0166370818976019,48,0.0208333333333333,FALSE,46.686971389788,"17-CD12752",FALSE,NA
"2097","RT","R12752","R","12752","LN",-2,"A04",2025-02-24,"2-24-25_ZS_R12752&M8_LN",1.38340376488667,0.0157083706833995,48,0.0208333333333333,FALSE,48.1675830772186,"17-CD12752",FALSE,NA
"2098","RT","R12752","R","12752","LN",-2,"B04",2025-02-24,"2-24-25_ZS_R12752&M8_LN",1.42736124634859,0.0093692524072271,48,0.0208333333333333,FALSE,48.599488802337,"17-CD12752",FALSE,NA
"2099","RT","R12752","R","12752","LN",-2,"C04",2025-02-24,"2-24-25_ZS_R12752&M8_LN",1.41183397115102,0.0146752581253612,48,0.0208333333333333,FALSE,49.6631954665883,"17-CD12752",FALSE,NA
"2100","RT","R12752","R","12752","LN",-2,"D04",2025-02-24,"2-24-25_ZS_R12752&M8_LN",1.38027758905173,0.0158745564937937,48,0.0208333333333333,FALSE,47.9428564495778,"17-CD12752",FALSE,NA
"2101","RT","R16","R","16","BR",-1,"A03",2024-06-15,"6-15-24_R16&R21_BR_Dilution",1.51893292745634,0.0143085350720226,48,0.0208333333333333,FALSE,43.3520678644152,"18-CD2788",TRUE,"A/C"
"2102","RT","R16","R","16","BR",-1,"B03",2024-06-15,"6-15-24_R16&R21_BR_Dilution",1.59783186202387,0.00805133235246035,48,0.0208333333333333,FALSE,42.7596822891123,"18-CD2788",TRUE,"A/C"
"2103","RT","R16","R","16","BR",-1,"C03",2024-06-15,"6-15-24_R16&R21_BR_Dilution",1.54744012707722,0.0105445132326853,48,0.0208333333333333,FALSE,43.5122762402249,"18-CD2788",TRUE,"A/C"
"2104","RT","R16","R","16","BR",-1,"D03",2024-06-15,"6-15-24_R16&R21_BR_Dilution",1.53090435914118,0.00969616020581104,48,0.0208333333333333,FALSE,45.0150145614524,"18-CD2788",TRUE,"A/C"
"2105","RT","R16","R","16","BR",-2,"A04",2024-06-15,"6-15-24_R16&R21_BR_Dilution",14.1667355900829,2.82736325266012,17.8960512552301,0.0558782485442284,TRUE,428.181924587936,"18-CD2788",TRUE,"A/C"
"2106","RT","R16","R","16","BR",-2,"B04",2024-06-15,"6-15-24_R16&R21_BR_Dilution",8.70337875487564,1.59637753350331,23.2986338390158,0.0429209715432071,TRUE,229.979538777165,"18-CD2788",TRUE,"A/C"
"2107","RT","R16","R","16","BR",-2,"C04",2024-06-15,"6-15-24_R16&R21_BR_Dilution",1.38421090394727,0.00526166535125033,48,0.0208333333333333,FALSE,41.1532528366868,"18-CD2788",TRUE,"A/C"
"2108","RT","R16","R","16","BR",-2,"D04",2024-06-15,"6-15-24_R16&R21_BR_Dilution",1.35805626598465,0.0022733731173629,48,0.0208333333333333,FALSE,40.3580562659847,"18-CD2788",TRUE,"A/C"
"2109","RT","R16","R","16","LN",-1,"A08",2025-02-24,"2-24-25_ZS_R4100&R16_LN",16.8619377500244,3.51049966934444,6.68688672954177,0.149546424284732,TRUE,530.425078056396,"18-CD2788",TRUE,"A/C"
"2110","RT","R16","R","16","LN",-1,"B08",2025-02-24,"2-24-25_ZS_R4100&R16_LN",10.0056069250443,1.98308085776116,8.41653658923753,0.118813717423712,TRUE,264.695000491835,"18-CD2788",TRUE,"A/C"
"2111","RT","R16","R","16","LN",-1,"C08",2025-02-24,"2-24-25_ZS_R4100&R16_LN",6.00250529967238,1.09070469583092,10.6564723822433,0.0938396839151277,TRUE,161.110919734053,"18-CD2788",TRUE,"A/C"
"2112","RT","R16","R","16","LN",-1,"D08",2025-02-24,"2-24-25_ZS_R4100&R16_LN",9.04976326215093,1.77092794794988,8.6609052591847,0.1154613715396,TRUE,224.94974152092,"18-CD2788",TRUE,"A/C"
"2113","RT","R16","R","16","LN",-2,"A09",2025-02-24,"2-24-25_ZS_R4100&R16_LN",8.27646823811426,1.61255382429973,12.9953626286483,0.0769505267821847,TRUE,285.705952856572,"18-CD2788",TRUE,"A/C"
"2114","RT","R16","R","16","LN",-2,"B09",2025-02-24,"2-24-25_ZS_R4100&R16_LN",7.36619579176134,1.41361256544503,8.63748464373464,0.1157744460623,TRUE,225.988750864368,"18-CD2788",TRUE,"A/C"
"2115","RT","R16","R","16","LN",-2,"C09",2025-02-24,"2-24-25_ZS_R4100&R16_LN",7.2871062992126,1.38661417322835,15.9551384756237,0.0626757330578987,TRUE,190.364726870079,"18-CD2788",TRUE,"A/C"
"2116","RT","R16","R","16","LN",-2,"D09",2025-02-24,"2-24-25_ZS_R4100&R16_LN",6.99002764612954,1.32212129190802,13.8614838638128,0.0721423485266703,TRUE,202.993150177725,"18-CD2788",TRUE,"A/C"
"2117","RT","R18","R","18","BR",-1,"A03",2025-05-09,"5-9-25_ZS_R18_BR",2.3996647212219,0.00986795811084895,48,0.0208333333333333,FALSE,31.004066807401,"18-CD3207",TRUE,"A/B"
"2118","RT","R18","R","18","BR",-1,"B03",2025-05-09,"5-9-25_ZS_R18_BR",2.85810555485578,0.00742046997242866,48,0.0208333333333333,FALSE,29.3696986396271,"18-CD3207",TRUE,"A/B"
"2119","RT","R18","R","18","BR",-1,"C03",2025-05-09,"5-9-25_ZS_R18_BR",2.55157081066673,0.00561364398189096,48,0.0208333333333333,FALSE,35.5886662951162,"18-CD3207",TRUE,"A/B"
"2120","RT","R18","R","18","BR",-1,"D03",2025-05-09,"5-9-25_ZS_R18_BR",2.29317719969911,0.00757714680628377,48,0.0208333333333333,FALSE,37.1385569053207,"18-CD3207",TRUE,"A/B"
"2121","RT","R18","R","18","BR",-2,"A04",2025-05-09,"5-9-25_ZS_R18_BR",1.8481914830433,0.0175429334424405,48,0.0208333333333333,FALSE,42.8983191780009,"18-CD3207",TRUE,"A/B"
"2122","RT","R18","R","18","BR",-2,"B04",2025-05-09,"5-9-25_ZS_R18_BR",1.83593219681542,0.0138886195207834,48,0.0208333333333333,FALSE,39.8224384709374,"18-CD3207",TRUE,"A/B"
"2123","RT","R18","R","18","BR",-2,"C04",2025-05-09,"5-9-25_ZS_R18_BR",1.91277151359339,0.00540946622851115,48,0.0208333333333333,FALSE,40.4275908925282,"18-CD3207",TRUE,"A/B"
"2124","RT","R18","R","18","BR",-2,"D04",2025-05-09,"5-9-25_ZS_R18_BR",1.81889606763979,0.0039350190103959,48,0.0208333333333333,FALSE,39.3352027997129,"18-CD3207",TRUE,"A/B"
"2125","RT","R21","R","21","BR",-1,"A08",2024-06-15,"6-15-24_R16&R21_BR_Dilution",1.49508217393132,0.0138451048248871,48,0.0208333333333333,FALSE,43.4273083834223,"22-CD11202",TRUE,NA
"2126","RT","R21","R","21","BR",-1,"B08",2024-06-15,"6-15-24_R16&R21_BR_Dilution",1.53114623176832,0.00145713364997969,48,0.0208333333333333,FALSE,42.0121487642386,"22-CD11202",TRUE,NA
"2127","RT","R21","R","21","BR",-1,"C08",2024-06-15,"6-15-24_R16&R21_BR_Dilution",1.58842841306387,0.00142832779056877,48,0.0208333333333333,FALSE,42.2097763174725,"22-CD11202",TRUE,NA
"2128","RT","R21","R","21","BR",-1,"D08",2024-06-15,"6-15-24_R16&R21_BR_Dilution",1.53974414410614,0.00441543010015572,48,0.0208333333333333,FALSE,42.1815300730866,"22-CD11202",TRUE,NA
"2129","RT","R21","R","21","BR",-2,"A09",2024-06-15,"6-15-24_R16&R21_BR_Dilution",6.93100604451418,1.20459378607404,14.7898909273784,0.0676137508322558,TRUE,237.63431192107,"22-CD11202",TRUE,NA
"2130","RT","R21","R","21","BR",-2,"B09",2024-06-15,"6-15-24_R16&R21_BR_Dilution",6.86019285837153,1.26698303804214,14.4481825137691,0.0692128576758358,TRUE,240.819422942658,"22-CD11202",TRUE,NA
"2131","RT","R21","R","21","BR",-2,"C09",2024-06-15,"6-15-24_R16&R21_BR_Dilution",6.35872784107268,1.15806815741007,19.8524431543299,0.0503716339710004,TRUE,195.349357853824,"22-CD11202",TRUE,NA
"2132","RT","R21","R","21","BR",-2,"D09",2024-06-15,"6-15-24_R16&R21_BR_Dilution",6.36938015564597,1.1096116967846,10.8701362795678,0.0919951667836643,TRUE,236.757140537963,"22-CD11202",TRUE,NA
"2133","RT","R21","R","21","LN",-1,"A03",2024-06-04,"6-4-24_PRC_R21_LN_PosDilution_42C",1.74999484142542,0.0215582563559371,48,0.0208333333333333,FALSE,48.4925149082806,"22-CD11202",TRUE,NA
"2134","RT","R21","R","21","LN",-1,"A08",2024-06-06,"6-6-24_ZS_R21&5381_LN_Dilution",20.9922997127354,4.43366315565486,11.304929439967,0.0884569873089732,TRUE,581.63794560924,"22-CD11202",TRUE,NA
"2135","RT","R21","R","21","LN",-1,"B03",2024-06-04,"6-4-24_PRC_R21_LN_PosDilution_42C",1.7722471451876,0.0166077578394055,48,0.0208333333333333,FALSE,47.0539393862153,"22-CD11202",TRUE,NA
"2136","RT","R21","R","21","LN",-1,"B08",2024-06-06,"6-6-24_ZS_R21&5381_LN_Dilution",25.01724,5.32731333333333,7.73626901782642,0.129261275389433,TRUE,759.624405,"22-CD11202",TRUE,NA
"2137","RT","R21","R","21","LN",-1,"C03",2024-06-04,"6-4-24_PRC_R21_LN_PosDilution_42C",1.73577389984826,0.109995208050475,48,0.0208333333333333,FALSE,48.5603174167398,"22-CD11202",TRUE,NA
"2138","RT","R21","R","21","LN",-1,"C08",2024-06-06,"6-6-24_ZS_R21&5381_LN_Dilution",21.7962938796816,4.63346652332689,9.1756908457683,0.108983619523448,TRUE,633.884809427491,"22-CD11202",TRUE,NA
"2139","RT","R21","R","21","LN",-1,"D03",2024-06-04,"6-4-24_PRC_R21_LN_PosDilution_42C",22.5945937935327,4.18252752886263,34.0497265429514,0.0293688114862999,TRUE,316.436816443878,"22-CD11202",TRUE,NA
"2140","RT","R21","R","21","LN",-1,"D08",2024-06-06,"6-6-24_ZS_R21&5381_LN_Dilution",17.8266106603755,3.7538195310219,6.27209885554968,0.159436262570253,TRUE,553.760835634963,"22-CD11202",TRUE,NA
"2141","RT","R21","R","21","LN",-2,"A04",2024-06-04,"6-4-24_PRC_R21_LN_PosDilution_42C",12.1186848586438,2.35594012171685,4.99790085804967,0.200084000943994,TRUE,480.284335874216,"22-CD11202",TRUE,NA
"2142","RT","R21","R","21","LN",-2,"A09",2024-06-06,"6-6-24_ZS_R21&5381_LN_Dilution",8.13929259146651,1.5705302748781,13.7601712952975,0.0726735139076172,TRUE,243.277162511402,"22-CD11202",TRUE,NA
"2143","RT","R21","R","21","LN",-2,"B04",2024-06-04,"6-4-24_PRC_R21_LN_PosDilution_42C",10.4212143629432,1.9057624175134,8.5491790888584,0.116970294996304,TRUE,389.974474335629,"22-CD11202",TRUE,NA
"2144","RT","R21","R","21","LN",-2,"B09",2024-06-06,"6-6-24_ZS_R21&5381_LN_Dilution",10.947068917906,1.91573193770519,13.7972886332105,0.0724780082945406,TRUE,347.789056027852,"22-CD11202",TRUE,NA
"2145","RT","R21","R","21","LN",-2,"C04",2024-06-04,"6-4-24_PRC_R21_LN_PosDilution_42C",12.0531109673118,2.18995235013824,10.5426576172313,0.0948527436161411,TRUE,427.50024633802,"22-CD11202",TRUE,NA
"2146","RT","R21","R","21","LN",-2,"C09",2024-06-06,"6-6-24_ZS_R21&5381_LN_Dilution",8.30912785515053,1.60119749382562,10.9174394836418,0.0915965690946447,TRUE,257.127075166061,"22-CD11202",TRUE,NA
"2147","RT","R21","R","21","LN",-2,"D04",2024-06-04,"6-4-24_PRC_R21_LN_PosDilution_42C",9.56246485096811,1.89393249600528,8.78918293544501,0.113776218716213,TRUE,354.138406845023,"22-CD11202",TRUE,NA
"2148","RT","R21","R","21","LN",-2,"D09",2024-06-06,"6-6-24_ZS_R21&5381_LN_Dilution",7.52361086537477,1.44056543156993,12.4117176581062,0.0805690257824137,TRUE,236.025905137493,"22-CD11202",TRUE,NA
"2149","RT","R3","R","3","BR",-1,"A08",2025-05-08,"5-8-25_ZS_R3_BR_LN",2.1457440843333,0.0224938631577635,48,0.0208333333333333,FALSE,45.2472510373443,"21-Reindeer 3",FALSE,NA
"2150","RT","R3","R","3","BR",-1,"B08",2025-05-08,"5-8-25_ZS_R3_BR_LN",2.23046701661345,0.00457215698300173,48,0.0208333333333333,FALSE,44.3597705503545,"21-Reindeer 3",FALSE,NA
"2151","RT","R3","R","3","BR",-1,"C08",2025-05-08,"5-8-25_ZS_R3_BR_LN",2.13200531482073,0.00888779021793742,48,0.0208333333333333,FALSE,42.7471456013678,"21-Reindeer 3",FALSE,NA
"2152","RT","R3","R","3","BR",-1,"D08",2025-05-08,"5-8-25_ZS_R3_BR_LN",2.17599822256078,0.0115557060266005,48,0.0208333333333333,FALSE,43.8929727670919,"21-Reindeer 3",FALSE,NA
"2153","RT","R3","R","3","BR",-2,"A09",2025-05-08,"5-8-25_ZS_R3_BR_LN",1.55764,0.00416888888888889,48,0.0208333333333333,FALSE,43.6276837500001,"21-Reindeer 3",FALSE,NA
"2154","RT","R3","R","3","BR",-2,"B09",2025-05-08,"5-8-25_ZS_R3_BR_LN",1.70652410857944,0.00362162130989662,48,0.0208333333333333,FALSE,45.1437600560544,"21-Reindeer 3",FALSE,NA
"2155","RT","R3","R","3","BR",-2,"C09",2025-05-08,"5-8-25_ZS_R3_BR_LN",16.6400294421899,3.49630204327029,42.2213364018075,0.0236847074304638,TRUE,124.987224725472,"21-Reindeer 3",FALSE,NA
"2156","RT","R3","R","3","BR",-2,"D09",2025-05-08,"5-8-25_ZS_R3_BR_LN",1.69840871442197,0.00293827284440204,48,0.0208333333333333,FALSE,43.1397695898801,"21-Reindeer 3",FALSE,NA
"2157","RT","R3","R","3","LN",-1,"A03",2025-05-08,"5-8-25_ZS_R3_BR_LN",1.82264789662717,0.0100616035264923,48,0.0208333333333333,FALSE,44.6052499174339,"21-Reindeer 3",FALSE,NA
"2158","RT","R3","R","3","LN",-1,"B03",2025-05-08,"5-8-25_ZS_R3_BR_LN",1.90873441409618,0.0152091787744345,48,0.0208333333333333,FALSE,45.2920937677411,"21-Reindeer 3",FALSE,NA
"2159","RT","R3","R","3","LN",-1,"C03",2025-05-08,"5-8-25_ZS_R3_BR_LN",1.82889986221878,0.00845013448475076,48,0.0208333333333333,FALSE,45.1268429495237,"21-Reindeer 3",FALSE,NA
"2160","RT","R3","R","3","LN",-1,"D03",2025-05-08,"5-8-25_ZS_R3_BR_LN",1.94717035158407,0.0100627901744626,48,0.0208333333333333,FALSE,44.9561670382263,"21-Reindeer 3",FALSE,NA
"2161","RT","R3","R","3","LN",-2,"A04",2025-05-08,"5-8-25_ZS_R3_BR_LN",1.46208006250233,0.0384397567700518,48,0.0208333333333333,FALSE,49.734558112281,"21-Reindeer 3",FALSE,NA
"2162","RT","R3","R","3","LN",-2,"B04",2025-05-08,"5-8-25_ZS_R3_BR_LN",1.52670107243512,0.0431495512202661,48,0.0208333333333333,FALSE,51.0764041396728,"21-Reindeer 3",FALSE,NA
"2163","RT","R3","R","3","LN",-2,"C04",2025-05-08,"5-8-25_ZS_R3_BR_LN",1.53268619063288,0.0387391888982324,48,0.0208333333333333,FALSE,50.1755066085335,"21-Reindeer 3",FALSE,NA
"2164","RT","R3","R","3","LN",-2,"D04",2025-05-08,"5-8-25_ZS_R3_BR_LN",1.58734256212413,0.0472576286714492,48,0.0208333333333333,FALSE,52.1964072960399,"21-Reindeer 3",FALSE,NA
"2165","RT","R4100","R","4100","BR",-1,"A03",2024-05-21,"5-21-24_ZS_Reindeer4100_Brain_NegDilution",1.27970297029703,0.00990099009900991,48,0.0208333333333333,FALSE,46.7571163366337,"23-CD4100",FALSE,NA
"2166","RT","R4100","R","4100","BR",-1,"B03",2024-05-21,"5-21-24_ZS_Reindeer4100_Brain_NegDilution",1.25427872860636,0.00706329801684324,48,0.0208333333333333,FALSE,45.281479217604,"23-CD4100",FALSE,NA
"2167","RT","R4100","R","4100","BR",-1,"C03",2024-05-21,"5-21-24_ZS_Reindeer4100_Brain_NegDilution",1.26535626535627,0.0070980070980071,48,0.0208333333333333,FALSE,46.3304668304669,"23-CD4100",FALSE,NA
"2168","RT","R4100","R","4100","BR",-1,"D03",2024-05-21,"5-21-24_ZS_Reindeer4100_Brain_NegDilution",1.27184466019417,0.0070118662351672,48,0.0208333333333333,FALSE,45.5588592233009,"23-CD4100",FALSE,NA
"2169","RT","R4100","R","4100","BR",-2,"A04",2024-05-21,"5-21-24_ZS_Reindeer4100_Brain_NegDilution",1.11620294599018,0.00363702491362066,48,0.0208333333333333,FALSE,44.5495090016367,"23-CD4100",FALSE,NA
"2170","RT","R4100","R","4100","BR",-2,"B04",2024-05-21,"5-21-24_ZS_Reindeer4100_Brain_NegDilution",1.08018154311649,0.00403429147755927,48,0.0208333333333333,FALSE,44.0525718608169,"23-CD4100",FALSE,NA
"2171","RT","R4100","R","4100","BR",-2,"C04",2024-05-21,"5-21-24_ZS_Reindeer4100_Brain_NegDilution",1.14045801526718,0.00203562340966923,48,0.0208333333333333,FALSE,43.9270992366412,"23-CD4100",FALSE,NA
"2172","RT","R4100","R","4100","BR",-2,"D04",2024-05-21,"5-21-24_ZS_Reindeer4100_Brain_NegDilution",1.14756671899529,0.00279085993371707,48,0.0208333333333333,FALSE,44.2688383045527,"23-CD4100",FALSE,NA
"2173","RT","R4100","R","4100","LN",-1,"A03",2025-02-24,"2-24-25_ZS_R4100&R16_LN",1.31278729628082,0.00763801829409852,48,0.0208333333333333,FALSE,48.4708655453406,"23-CD4100",FALSE,NA
"2174","RT","R4100","R","4100","LN",-1,"B03",2025-02-24,"2-24-25_ZS_R4100&R16_LN",1.26010101010101,0.00976430976430977,48,0.0208333333333333,FALSE,46.0536363636364,"23-CD4100",FALSE,NA
"2175","RT","R4100","R","4100","LN",-1,"C03",2025-02-24,"2-24-25_ZS_R4100&R16_LN",1.26018254980862,0.00977088581367703,48,0.0208333333333333,FALSE,45.5249411129649,"23-CD4100",FALSE,NA
"2176","RT","R4100","R","4100","LN",-1,"D03",2025-02-24,"2-24-25_ZS_R4100&R16_LN",1.25002547121752,0.00760740363389368,48,0.0208333333333333,FALSE,46.7242740703005,"23-CD4100",FALSE,NA
"2177","RT","R4100","R","4100","LN",-2,"A04",2025-02-24,"2-24-25_ZS_R4100&R16_LN",1.27089001165954,0.0175109038303752,48,0.0208333333333333,FALSE,49.6251214535562,"23-CD4100",FALSE,NA
"2178","RT","R4100","R","4100","LN",-2,"B04",2025-02-24,"2-24-25_ZS_R4100&R16_LN",1.31342412451362,0.0166882836143536,48,0.0208333333333333,FALSE,49.7847519455253,"23-CD4100",FALSE,NA
"2179","RT","R4100","R","4100","LN",-2,"C04",2025-02-24,"2-24-25_ZS_R4100&R16_LN",1.3172807272024,0.0197272991006673,48,0.0208333333333333,FALSE,49.3912822744416,"23-CD4100",FALSE,NA
"2180","RT","R4100","R","4100","LN",-2,"D04",2025-02-24,"2-24-25_ZS_R4100&R16_LN",1.29456552774341,0.0148472446940135,48,0.0208333333333333,FALSE,47.4701746454745,"23-CD4100",FALSE,NA
"2181","RT","R5","R","5","BR",-1,"A08",2025-05-08,"5-8-25_ZS_R5_BR_LN",1.93548253728721,0.00955737699269934,48,0.0208333333333333,FALSE,45.8830517628089,"21-Reindeer 5",FALSE,NA
"2182","RT","R5","R","5","BR",-1,"B08",2025-05-08,"5-8-25_ZS_R5_BR_LN",1.82009694258016,0.00587823717329061,48,0.0208333333333333,FALSE,45.1774523054934,"21-Reindeer 5",FALSE,NA
"2183","RT","R5","R","5","BR",-1,"C08",2025-05-08,"5-8-25_ZS_R5_BR_LN",1.8891926121372,0.00660686015831136,48,0.0208333333333333,FALSE,45.8707955145119,"21-Reindeer 5",FALSE,NA
"2184","RT","R5","R","5","BR",-1,"D08",2025-05-08,"5-8-25_ZS_R5_BR_LN",1.87734231086832,0.00829527997158055,48,0.0208333333333333,FALSE,46.9032030108619,"21-Reindeer 5",FALSE,NA
"2185","RT","R5","R","5","BR",-2,"A09",2025-05-08,"5-8-25_ZS_R5_BR_LN",1.55211157709939,0.00324891359710436,48,0.0208333333333333,FALSE,45.165416219643,"21-Reindeer 5",FALSE,NA
"2186","RT","R5","R","5","BR",-2,"B09",2025-05-08,"5-8-25_ZS_R5_BR_LN",2.2531184425274,0.306198889493364,48,0.0208333333333333,FALSE,45.1235828573093,"21-Reindeer 5",FALSE,NA
"2187","RT","R5","R","5","BR",-2,"C09",2025-05-08,"5-8-25_ZS_R5_BR_LN",1.57608815759073,0.00483067523419511,48,0.0208333333333333,FALSE,45.8261609860472,"21-Reindeer 5",FALSE,NA
"2188","RT","R5","R","5","BR",-2,"D09",2025-05-08,"5-8-25_ZS_R5_BR_LN",1.5326013311546,0.00402534773424734,48,0.0208333333333333,FALSE,45.7382751783508,"21-Reindeer 5",FALSE,NA
"2189","RT","R5","R","5","LN",-1,"A03",2025-05-08,"5-8-25_ZS_R5_BR_LN",1.70113078905795,0.0104879761277865,48,0.0208333333333333,FALSE,49.0720332377152,"21-Reindeer 5",FALSE,NA
"2190","RT","R5","R","5","LN",-1,"B03",2025-05-08,"5-8-25_ZS_R5_BR_LN",1.69798789228881,0.0119312406679753,48,0.0208333333333333,FALSE,50.7945221373101,"21-Reindeer 5",FALSE,NA
"2191","RT","R5","R","5","LN",-1,"C03",2025-05-08,"5-8-25_ZS_R5_BR_LN",1.69933965091405,0.00989777277147974,48,0.0208333333333333,FALSE,50.4873381421352,"21-Reindeer 5",FALSE,NA
"2192","RT","R5","R","5","LN",-1,"D03",2025-05-08,"5-8-25_ZS_R5_BR_LN",1.66211055695833,0.00964086726069989,48,0.0208333333333333,FALSE,49.3341567371299,"21-Reindeer 5",FALSE,NA
"2193","RT","R5","R","5","LN",-2,"A04",2025-05-08,"5-8-25_ZS_R5_BR_LN",1.53912038152127,0.0253212796591572,48,0.0208333333333333,FALSE,50.0198949853076,"21-Reindeer 5",FALSE,NA
"2194","RT","R5","R","5","LN",-2,"B04",2025-05-08,"5-8-25_ZS_R5_BR_LN",1.51342591272444,0.0231184448014127,48,0.0208333333333333,FALSE,49.9456357466709,"21-Reindeer 5",FALSE,NA
"2195","RT","R5","R","5","LN",-2,"C04",2025-05-08,"5-8-25_ZS_R5_BR_LN",1.55344812684267,0.0291198630758215,48,0.0208333333333333,FALSE,49.6844082820348,"21-Reindeer 5",FALSE,NA
"2196","RT","R5","R","5","LN",-2,"D04",2025-05-08,"5-8-25_ZS_R5_BR_LN",1.47731731355892,0.0268915275626685,48,0.0208333333333333,FALSE,49.1144576899611,"21-Reindeer 5",FALSE,NA
"2197","RT","R5381","R","5381","BR",-1,"A03",2025-01-15,"1-15-25_ZS_R5381&R11_BR_Dilution",1.75980796029009,0.0130738898551904,48,0.0208333333333333,FALSE,44.1912781117452,"17-CD5381",FALSE,NA
"2198","RT","R5381","R","5381","BR",-1,"B03",2025-01-15,"1-15-25_ZS_R5381&R11_BR_Dilution",1.84728709264025,0.0197041320544005,48,0.0208333333333333,FALSE,45.9123772757602,"17-CD5381",FALSE,NA
"2199","RT","R5381","R","5381","BR",-1,"C03",2025-01-15,"1-15-25_ZS_R5381&R11_BR_Dilution",1.89704639567312,0.0196085335737157,48,0.0208333333333333,FALSE,46.8103780212118,"17-CD5381",FALSE,NA
"2200","RT","R5381","R","5381","BR",-1,"D03",2025-01-15,"1-15-25_ZS_R5381&R11_BR_Dilution",1.86274286188235,0.0119826837433158,48,0.0208333333333333,FALSE,45.5165026852179,"17-CD5381",FALSE,NA
"2201","RT","R5381","R","5381","BR",-2,"A04",2025-01-15,"1-15-25_ZS_R5381&R11_BR_Dilution",1.77241711487517,0.00306610294970253,48,0.0208333333333333,FALSE,43.550622892751,"17-CD5381",FALSE,NA
"2202","RT","R5381","R","5381","BR",-2,"B04",2025-01-15,"1-15-25_ZS_R5381&R11_BR_Dilution",14.78431,3.07698,42.8721308990054,0.0233251760299883,TRUE,110.30757375,"17-CD5381",FALSE,NA
"2203","RT","R5381","R","5381","BR",-2,"C04",2025-01-15,"1-15-25_ZS_R5381&R11_BR_Dilution",1.89206800544991,0.0042322400595015,48,0.0208333333333333,FALSE,42.3809904626503,"17-CD5381",FALSE,NA
"2204","RT","R5381","R","5381","BR",-2,"D04",2025-01-15,"1-15-25_ZS_R5381&R11_BR_Dilution",1.81619937694704,0.00415368639667705,48,0.0208333333333333,FALSE,42.3317757009346,"17-CD5381",FALSE,NA
"2205","RT","R5381","R","5381","LN",-1,"A03",2024-05-22,"5-22-24_ZS_R11&5381_LN_Dilution",1.2129963898917,0.00962695547533091,48,0.0208333333333333,FALSE,43.8194945848376,"17-CD5381",FALSE,NA
"2206","RT","R5381","R","5381","LN",-1,"A03",2024-06-06,"6-6-24_ZS_R21&5381_LN_Dilution",2.16343941717791,0.0203149852306294,48,0.0208333333333333,FALSE,44.9408390848671,"17-CD5381",FALSE,NA
"2207","RT","R5381","R","5381","LN",-1,"B03",2024-05-22,"5-22-24_ZS_R11&5381_LN_Dilution",1.23443223443223,0.00569800569800568,48,0.0208333333333333,FALSE,43.809065934066,"17-CD5381",FALSE,NA
"2208","RT","R5381","R","5381","LN",-1,"B03",2024-06-06,"6-6-24_ZS_R21&5381_LN_Dilution",2.11170502554403,0.0206842122695869,48,0.0208333333333333,FALSE,43.8651858495317,"17-CD5381",FALSE,NA
"2209","RT","R5381","R","5381","LN",-1,"C03",2024-05-22,"5-22-24_ZS_R11&5381_LN_Dilution",1.275,0.00793650793650793,48,0.0208333333333333,FALSE,43.8013392857143,"17-CD5381",FALSE,NA
"2210","RT","R5381","R","5381","LN",-1,"C03",2024-06-06,"6-6-24_ZS_R21&5381_LN_Dilution",2.07180988640361,0.0248229151579107,48,0.0208333333333333,FALSE,42.8846900929049,"17-CD5381",FALSE,NA
"2211","RT","R5381","R","5381","LN",-1,"D03",2024-05-22,"5-22-24_ZS_R11&5381_LN_Dilution",1.27472527472527,0.00732600732600732,48,0.0208333333333333,FALSE,44.8255494505495,"17-CD5381",FALSE,NA
"2212","RT","R5381","R","5381","LN",-1,"D03",2024-06-06,"6-6-24_ZS_R21&5381_LN_Dilution",2.06775356545295,0.0186682778707319,48,0.0208333333333333,FALSE,44.0122599792845,"17-CD5381",FALSE,NA
"2213","RT","R5381","R","5381","LN",-2,"A04",2024-05-22,"5-22-24_ZS_R11&5381_LN_Dilution",1.17034700315457,0.025937609533824,48,0.0208333333333333,FALSE,51.4708201892745,"17-CD5381",FALSE,NA
"2214","RT","R5381","R","5381","LN",-2,"A04",2024-06-06,"6-6-24_ZS_R21&5381_LN_Dilution",1.60310542347555,0.0271014131816063,48,0.0208333333333333,FALSE,48.9679208413954,"17-CD5381",FALSE,NA
"2215","RT","R5381","R","5381","LN",-2,"B04",2024-05-22,"5-22-24_ZS_R11&5381_LN_Dilution",1.21587301587302,0.0310405643738977,48,0.0208333333333333,FALSE,50.447619047619,"17-CD5381",FALSE,NA
"2216","RT","R5381","R","5381","LN",-2,"B04",2024-06-06,"6-6-24_ZS_R21&5381_LN_Dilution",1.59602786339771,0.02796184754729,48,0.0208333333333333,FALSE,48.8220102932444,"17-CD5381",FALSE,NA
"2217","RT","R5381","R","5381","LN",-2,"C04",2024-05-22,"5-22-24_ZS_R11&5381_LN_Dilution",1.24444444444444,0.0317460317460318,48,0.0208333333333333,FALSE,51.3178571428572,"17-CD5381",FALSE,NA
"2218","RT","R5381","R","5381","LN",-2,"C04",2024-06-06,"6-6-24_ZS_R21&5381_LN_Dilution",1.53942271418187,0.0281251246001294,48,0.0208333333333333,FALSE,46.5116763739752,"17-CD5381",FALSE,NA
"2219","RT","R5381","R","5381","LN",-2,"D04",2024-05-22,"5-22-24_ZS_R11&5381_LN_Dilution",1.14071856287425,0.0345974717232202,48,0.0208333333333333,FALSE,48.6657934131737,"17-CD5381",FALSE,NA
"2220","RT","R5381","R","5381","LN",-2,"D04",2024-06-06,"6-6-24_ZS_R21&5381_LN_Dilution",1.69647227061703,0.0245744893928662,48,0.0208333333333333,FALSE,51.5956291100616,"17-CD5381",FALSE,NA
"2221","RT","R7","R","7","SK1",-1,"A04",2024-11-26,"11-26-24_ZS_R7-SK1_R10-SK2_R11-SK3",1.35648247688669,0.0109784145475394,48,0.0208333333333333,FALSE,48.3726617931628,"17-CD11087",TRUE,"A/B"
"2222","RT","R7","R","7","SK1",-1,"B04",2024-11-26,"11-26-24_ZS_R7-SK1_R10-SK2_R11-SK3",1.33073258302838,0.0109531810146324,48,0.0208333333333333,FALSE,48.4079832512995,"17-CD11087",TRUE,"A/B"
"2223","RT","R7","R","7","SK1",-1,"C04",2024-11-26,"11-26-24_ZS_R7-SK1_R10-SK2_R11-SK3",1.35760109921612,0.00766200202753092,48,0.0208333333333333,FALSE,47.1636925061534,"17-CD11087",TRUE,"A/B"
"2224","RT","R7","R","7","SK1",-1,"D04",2024-11-26,"11-26-24_ZS_R7-SK1_R10-SK2_R11-SK3",1.36021505376344,0.0115587005411484,48,0.0208333333333333,FALSE,48.1585959736717,"17-CD11087",TRUE,"A/B"
"2225","RT","R7","R","7","SK1",-2,"A05",2024-11-26,"11-26-24_ZS_R7-SK1_R10-SK2_R11-SK3",1.46666800348911,0.014816448708908,48,0.0208333333333333,FALSE,50.1947269874372,"17-CD11087",TRUE,"A/B"
"2226","RT","R7","R","7","SK1",-2,"B05",2024-11-26,"11-26-24_ZS_R7-SK1_R10-SK2_R11-SK3",1.42490987600523,0.0114113043439986,48,0.0208333333333333,FALSE,49.5698733312206,"17-CD11087",TRUE,"A/B"
"2227","RT","R7","R","7","SK1",-2,"C05",2024-11-26,"11-26-24_ZS_R7-SK1_R10-SK2_R11-SK3",1.39800521742542,0.0110559729060014,48,0.0208333333333333,FALSE,48.6403127022733,"17-CD11087",TRUE,"A/B"
"2228","RT","R7","R","7","SK1",-2,"D05",2024-11-26,"11-26-24_ZS_R7-SK1_R10-SK2_R11-SK3",1.41530719186886,0.00920158457086733,48,0.0208333333333333,FALSE,48.9434248383461,"17-CD11087",TRUE,"A/B"
"2229","RT","R7","R","7","SK1",-0.301029995663981,"A03",2026-02-23,"2-23-26_ZS_R7_SK_lowdil",1.33460195037251,0.0168991903733166,48,0.0208333333333333,FALSE,49.6855920268933,"17-CD11087",TRUE,"A/B"
"2230","RT","R7","R","7","SK1",-0.301029995663981,"B03",2026-02-23,"2-23-26_ZS_R7_SK_lowdil",1.39258445928773,0.00823045267489711,48,0.0208333333333333,FALSE,49.0498673254643,"17-CD11087",TRUE,"A/B"
"2231","RT","R7","R","7","SK1",-0.301029995663981,"C03",2026-02-23,"2-23-26_ZS_R7_SK_lowdil",1.3754575111394,0.0128368342881392,48,0.0208333333333333,FALSE,48.9030635841025,"17-CD11087",TRUE,"A/B"
"2232","RT","R7","R","7","SK1",-0.301029995663981,"D03",2026-02-23,"2-23-26_ZS_R7_SK_lowdil",1.38603053903232,0.0147062497586813,48,0.0208333333333333,FALSE,50.2484899123076,"17-CD11087",TRUE,"A/B"
"2233","RT","R7","R","7","SK1",-0.602059991327962,"A04",2026-02-23,"2-23-26_ZS_R7_SK_lowdil",1.4065628310873,0.0174863604408226,48,0.0208333333333333,FALSE,50.4973277850941,"17-CD11087",TRUE,"A/B"
"2234","RT","R7","R","7","SK1",-0.602059991327962,"B04",2026-02-23,"2-23-26_ZS_R7_SK_lowdil",1.3821643228942,0.0247701760944794,48,0.0208333333333333,FALSE,49.6373119949386,"17-CD11087",TRUE,"A/B"
"2235","RT","R7","R","7","SK1",-0.602059991327962,"C04",2026-02-23,"2-23-26_ZS_R7_SK_lowdil",1.47910793647609,0.0171506090104792,48,0.0208333333333333,FALSE,50.7711529008117,"17-CD11087",TRUE,"A/B"
"2236","RT","R7","R","7","SK1",-0.602059991327962,"D04",2026-02-23,"2-23-26_ZS_R7_SK_lowdil",1.43688521258434,0.0129461019429314,48,0.0208333333333333,FALSE,50.5107371860012,"17-CD11087",TRUE,"A/B"
"2237","RT","R7","R","7","SK1",-0.778151250383644,"A05",2026-02-23,"2-23-26_ZS_R7_SK_lowdil",1.36890707188778,0.0149057298092949,48,0.0208333333333333,FALSE,49.2325211864406,"17-CD11087",TRUE,"A/B"
"2238","RT","R7","R","7","SK1",-0.778151250383644,"B05",2026-02-23,"2-23-26_ZS_R7_SK_lowdil",1.43530015295023,0.0287575986919536,48,0.0208333333333333,FALSE,50.9702815804225,"17-CD11087",TRUE,"A/B"
"2239","RT","R7","R","7","SK1",-0.778151250383644,"C05",2026-02-23,"2-23-26_ZS_R7_SK_lowdil",1.49848132574821,0.0216143128040234,48,0.0208333333333333,FALSE,51.1015941132822,"17-CD11087",TRUE,"A/B"
"2240","RT","R7","R","7","SK1",-0.778151250383644,"D05",2026-02-23,"2-23-26_ZS_R7_SK_lowdil",1.41246752243246,0.0211011625922814,48,0.0208333333333333,FALSE,49.8294167077164,"17-CD11087",TRUE,"A/B"
"2241","RT","R7","R","7","SK2",-1,"A08",2025-01-15,"1-15-25_ZS_M9-SK2_R7-SK2",1.59369221286213,0.0144738944821131,19.5,0.0512820512820513,FALSE,20.6491550236285,"17-CD11087",TRUE,"A/B"
"2242","RT","R7","R","7","SK2",-1,"B08",2025-01-15,"1-15-25_ZS_M9-SK2_R7-SK2",1.64086904285142,0.013282605793619,19.5,0.0512820512820513,FALSE,20.8950615738887,"17-CD11087",TRUE,"A/B"
"2243","RT","R7","R","7","SK2",-1,"C08",2025-01-15,"1-15-25_ZS_M9-SK2_R7-SK2",1.62943714453814,0.00808437384236561,19.5,0.0512820512820513,FALSE,19.9720043145715,"17-CD11087",TRUE,"A/B"
"2244","RT","R7","R","7","SK2",-1,"D08",2025-01-15,"1-15-25_ZS_M9-SK2_R7-SK2",1.58577075098814,0.011133069828722,19.5,0.0512820512820513,FALSE,20.3340785573123,"17-CD11087",TRUE,"A/B"
"2245","RT","R7","R","7","SK2",-2,"A09",2025-01-15,"1-15-25_ZS_M9-SK2_R7-SK2",1.65359737287292,0.0163863734368262,19.5,0.0512820512820513,FALSE,20.483866553886,"17-CD11087",TRUE,"A/B"
"2246","RT","R7","R","7","SK2",-2,"B09",2025-01-15,"1-15-25_ZS_M9-SK2_R7-SK2",1.71395489327426,0.0193090795185036,19.5,0.0512820512820513,FALSE,20.9978856222312,"17-CD11087",TRUE,"A/B"
"2247","RT","R7","R","7","SK2",-2,"C09",2025-01-15,"1-15-25_ZS_M9-SK2_R7-SK2",1.75047772302122,0.0195112139193402,19.5,0.0512820512820513,FALSE,20.8319797847732,"17-CD11087",TRUE,"A/B"
"2248","RT","R7","R","7","SK2",-2,"D09",2025-01-15,"1-15-25_ZS_M9-SK2_R7-SK2",1.73656618610747,0.0290127813063593,19.5,0.0512820512820513,FALSE,21.3096330275229,"17-CD11087",TRUE,"A/B"
"2249","RT","R7","R","7","SK2",-0.301029995663981,"A06",2026-02-23,"2-23-26_ZS_R7_SK_lowdil",1.34042090917171,0.0173354270157454,48,0.0208333333333333,FALSE,50.8881521771335,"17-CD11087",TRUE,"A/B"
"2250","RT","R7","R","7","SK2",-0.301029995663981,"B06",2026-02-23,"2-23-26_ZS_R7_SK_lowdil",1.4132000929584,0.0146600338377562,48,0.0208333333333333,FALSE,50.6536870131051,"17-CD11087",TRUE,"A/B"
"2251","RT","R7","R","7","SK2",-0.301029995663981,"C06",2026-02-23,"2-23-26_ZS_R7_SK_lowdil",1.43356593635413,0.0124325806746503,48,0.0208333333333333,FALSE,51.1782993570405,"17-CD11087",TRUE,"A/B"
"2252","RT","R7","R","7","SK2",-0.301029995663981,"D06",2026-02-23,"2-23-26_ZS_R7_SK_lowdil",1.45803911194318,0.0139847016182459,48,0.0208333333333333,FALSE,51.3368559349626,"17-CD11087",TRUE,"A/B"
"2253","RT","R7","R","7","SK2",-0.602059991327962,"A07",2026-02-23,"2-23-26_ZS_R7_SK_lowdil",1.4166750417077,0.0207410682979013,48,0.0208333333333333,FALSE,52.2052144680509,"17-CD11087",TRUE,"A/B"
"2254","RT","R7","R","7","SK2",-0.602059991327962,"B07",2026-02-23,"2-23-26_ZS_R7_SK_lowdil",1.47697587003739,0.0197363853653215,48,0.0208333333333333,FALSE,51.9535835424333,"17-CD11087",TRUE,"A/B"
"2255","RT","R7","R","7","SK2",-0.602059991327962,"C07",2026-02-23,"2-23-26_ZS_R7_SK_lowdil",1.48208524881039,0.0209918362591965,48,0.0208333333333333,FALSE,52.7712844785871,"17-CD11087",TRUE,"A/B"
"2256","RT","R7","R","7","SK2",-0.602059991327962,"D07",2026-02-23,"2-23-26_ZS_R7_SK_lowdil",1.45570435230492,0.0232065699487796,48,0.0208333333333333,FALSE,50.7272801561046,"17-CD11087",TRUE,"A/B"
"2257","RT","R7","R","7","SK2",-0.778151250383644,"A08",2026-02-23,"2-23-26_ZS_R7_SK_lowdil",1.41936190116036,0.0279574600773574,48,0.0208333333333333,FALSE,52.8920695420259,"17-CD11087",TRUE,"A/B"
"2258","RT","R7","R","7","SK2",-0.778151250383644,"B08",2026-02-23,"2-23-26_ZS_R7_SK_lowdil",1.47664235773255,0.0166138914245526,48,0.0208333333333333,FALSE,50.5948725536418,"17-CD11087",TRUE,"A/B"
"2259","RT","R7","R","7","SK2",-0.778151250383644,"C08",2026-02-23,"2-23-26_ZS_R7_SK_lowdil",1.46566304337249,0.0205633568290607,48,0.0208333333333333,FALSE,49.8200058874476,"17-CD11087",TRUE,"A/B"
"2260","RT","R7","R","7","SK2",-0.778151250383644,"D08",2026-02-23,"2-23-26_ZS_R7_SK_lowdil",1.49999496895847,0.0365767899048239,48,0.0208333333333333,FALSE,52.0351468561021,"17-CD11087",TRUE,"A/B"
"2261","RT","R7","R","7","SK4",-1,"A03",2025-05-09,"5-9-25_ZS_R7-SK4_M10-SK4",1.5727721831655,0.0292819895707982,48,0.0208333333333333,FALSE,51.285079802394,"17-CD11087",TRUE,"A/B"
"2262","RT","R7","R","7","SK4",-1,"B03",2025-05-09,"5-9-25_ZS_R7-SK4_M10-SK4",1.5689259046525,0.040844980534814,48,0.0208333333333333,FALSE,51.1169227455485,"17-CD11087",TRUE,"A/B"
"2263","RT","R7","R","7","SK4",-1,"C03",2025-05-09,"5-9-25_ZS_R7-SK4_M10-SK4",1.5399236001118,0.0336035280598776,48,0.0208333333333333,FALSE,49.6030699711171,"17-CD11087",TRUE,"A/B"
"2264","RT","R7","R","7","SK4",-1,"D03",2025-05-09,"5-9-25_ZS_R7-SK4_M10-SK4",1.54924528301887,0.0354088050314466,48,0.0208333333333333,FALSE,50.6478891509435,"17-CD11087",TRUE,"A/B"
"2265","RT","R7","R","7","SK4",-2,"A04",2025-05-09,"5-9-25_ZS_R7-SK4_M10-SK4",1.55064126744625,0.0361079676432373,48,0.0208333333333333,FALSE,49.3443629762354,"17-CD11087",TRUE,"A/B"
"2266","RT","R7","R","7","SK4",-2,"B04",2025-05-09,"5-9-25_ZS_R7-SK4_M10-SK4",1.52734739593056,0.0296393089000892,48,0.0208333333333333,FALSE,48.2377963412358,"17-CD11087",TRUE,"A/B"
"2267","RT","R7","R","7","SK4",-2,"C04",2025-05-09,"5-9-25_ZS_R7-SK4_M10-SK4",1.5463858850313,0.0358354940028247,48,0.0208333333333333,FALSE,50.4000071143996,"17-CD11087",TRUE,"A/B"
"2268","RT","R7","R","7","SK4",-2,"D04",2025-05-09,"5-9-25_ZS_R7-SK4_M10-SK4",1.54163505311077,0.034838138593829,48,0.0208333333333333,FALSE,49.3762684939302,"17-CD11087",TRUE,"A/B"
"2269","RT","R7","R","7","SK4",-0.301029995663981,"A09",2026-02-23,"2-23-26_ZS_R7_SK_lowdil",1.35688812309665,0.0157054193157735,48,0.0208333333333333,FALSE,50.8487738419618,"17-CD11087",TRUE,"A/B"
"2270","RT","R7","R","7","SK4",-0.301029995663981,"B09",2026-02-23,"2-23-26_ZS_R7_SK_lowdil",1.43006406499464,0.0155390733592467,48,0.0208333333333333,FALSE,50.833314807704,"17-CD11087",TRUE,"A/B"
"2271","RT","R7","R","7","SK4",-0.301029995663981,"C09",2026-02-23,"2-23-26_ZS_R7_SK_lowdil",1.4013078420606,0.0146203209149348,48,0.0208333333333333,FALSE,50.686604602406,"17-CD11087",TRUE,"A/B"
"2272","RT","R7","R","7","SK4",-0.301029995663981,"D09",2026-02-23,"2-23-26_ZS_R7_SK_lowdil",1.47405131356583,0.0176849149041498,48,0.0208333333333333,FALSE,51.7539368566601,"17-CD11087",TRUE,"A/B"
"2273","RT","R7","R","7","SK4",-0.602059991327962,"A10",2026-02-23,"2-23-26_ZS_R7_SK_lowdil",1.40584015792663,0.0274156454208445,48,0.0208333333333333,FALSE,51.9969277114321,"17-CD11087",TRUE,"A/B"
"2274","RT","R7","R","7","SK4",-0.602059991327962,"B10",2026-02-23,"2-23-26_ZS_R7_SK_lowdil",1.47755757480808,0.0242157989102999,48,0.0208333333333333,FALSE,51.7450356415478,"17-CD11087",TRUE,"A/B"
"2275","RT","R7","R","7","SK4",-0.602059991327962,"C10",2026-02-23,"2-23-26_ZS_R7_SK_lowdil",1.48063751183122,0.017921256387727,48,0.0208333333333333,FALSE,52.012374436427,"17-CD11087",TRUE,"A/B"
"2276","RT","R7","R","7","SK4",-0.602059991327962,"D10",2026-02-23,"2-23-26_ZS_R7_SK_lowdil",1.50157981002784,0.0210312209956753,48,0.0208333333333333,FALSE,51.5619186792788,"17-CD11087",TRUE,"A/B"
"2277","RT","R7","R","7","SK4",-0.778151250383644,"A11",2026-02-23,"2-23-26_ZS_R7_SK_lowdil",1.41025490138386,0.0256394329422252,48,0.0208333333333333,FALSE,52.9181562067851,"17-CD11087",TRUE,"A/B"
"2278","RT","R7","R","7","SK4",-0.778151250383644,"B11",2026-02-23,"2-23-26_ZS_R7_SK_lowdil",1.39385345526103,0.0239310962774327,48,0.0208333333333333,FALSE,51.9740855423081,"17-CD11087",TRUE,"A/B"
"2279","RT","R7","R","7","SK4",-0.778151250383644,"C11",2026-02-23,"2-23-26_ZS_R7_SK_lowdil",1.468355958982,0.026723647297054,48,0.0208333333333333,FALSE,53.1064583731672,"17-CD11087",TRUE,"A/B"
"2280","RT","R7","R","7","SK4",-0.778151250383644,"D11",2026-02-23,"2-23-26_ZS_R7_SK_lowdil",1.43112704664003,0.0292751771291255,48,0.0208333333333333,FALSE,51.547729504992,"17-CD11087",TRUE,"A/B"
"2281","RT","R9","R","9","BR",-1,"A03",2025-05-09,"5-9-25_ZS_R9_BR",1.92603623934757,0.00986178846830546,48,0.0208333333333333,FALSE,42.3683558679354,"17-CD19903",TRUE,"B/C"
"2282","RT","R9","R","9","BR",-1,"B03",2025-05-09,"5-9-25_ZS_R9_BR",1.97329457122996,0.00923185910084307,48,0.0208333333333333,FALSE,41.012989064473,"17-CD19903",TRUE,"B/C"
"2283","RT","R9","R","9","BR",-1,"C03",2025-05-09,"5-9-25_ZS_R9_BR",1.96511672556132,0.0071058714188277,48,0.0208333333333333,FALSE,41.490930353835,"17-CD19903",TRUE,"B/C"
"2284","RT","R9","R","9","BR",-1,"D03",2025-05-09,"5-9-25_ZS_R9_BR",1.96745523652901,0.00723216966022089,48,0.0208333333333333,FALSE,41.5251274049353,"17-CD19903",TRUE,"B/C"
"2285","RT","R9","R","9","BR",-2,"A04",2025-05-09,"5-9-25_ZS_R9_BR",10.3556016463776,1.80266366191581,35.3034981469457,0.028325804877399,TRUE,155.523372462609,"17-CD19903",TRUE,"B/C"
"2286","RT","R9","R","9","BR",-2,"B04",2025-05-09,"5-9-25_ZS_R9_BR",9.41269723478848,1.72310400106556,34.7403737981955,0.0287849522232816,TRUE,151.55504580937,"17-CD19903",TRUE,"B/C"
"2287","RT","R9","R","9","BR",-2,"C04",2025-05-09,"5-9-25_ZS_R9_BR",1.67322820876992,0.0100612686921754,48,0.0208333333333333,FALSE,44.878936342388,"17-CD19903",TRUE,"B/C"
"2288","RT","R9","R","9","BR",-2,"D04",2025-05-09,"5-9-25_ZS_R9_BR",1.65384574134614,0.0098290835790604,48,0.0208333333333333,FALSE,44.4584128364603,"17-CD19903",TRUE,"B/C"
"2289","RT","RD1","RD","1","BR",-1,"A03",2025-07-03,"7-3-25_ZS_RD1&RD231_BR",1.57575969054076,0.0235705676964251,48,0.0208333333333333,FALSE,44.2647489133036,"17-CD14051",TRUE,"EE226"
"2290","RT","RD1","RD","1","BR",-1,"B03",2025-07-03,"7-3-25_ZS_RD1&RD231_BR",1.69566134218989,0.0220851564833851,48,0.0208333333333333,FALSE,45.2109678949865,"17-CD14051",TRUE,"EE226"
"2291","RT","RD1","RD","1","BR",-1,"C03",2025-07-03,"7-3-25_ZS_RD1&RD231_BR",1.68847180443164,0.01730712197602,48,0.0208333333333333,FALSE,46.227674977757,"17-CD14051",TRUE,"EE226"
"2292","RT","RD1","RD","1","BR",-1,"D03",2025-07-03,"7-3-25_ZS_RD1&RD231_BR",1.62079147097874,0.0169893453289209,48,0.0208333333333333,FALSE,44.5401172641341,"17-CD14051",TRUE,"EE226"
"2293","RT","RD1","RD","1","BR",-2,"A04",2025-07-03,"7-3-25_ZS_RD1&RD231_BR",8.6353066527095,1.51834682318635,10.7165312152522,0.0933137766236113,TRUE,315.324712133391,"17-CD14051",TRUE,"EE226"
"2294","RT","RD1","RD","1","BR",-2,"B04",2025-07-03,"7-3-25_ZS_RD1&RD231_BR",9.32797396129488,1.55864046238745,8.99090907532309,0.111223458231232,TRUE,345.228966098703,"17-CD14051",TRUE,"EE226"
"2295","RT","RD1","RD","1","BR",-2,"C04",2025-07-03,"7-3-25_ZS_RD1&RD231_BR",6.97259051387036,1.10299182653233,10.017772900326,0.0998225863123191,TRUE,251.602420987257,"17-CD14051",TRUE,"EE226"
"2296","RT","RD1","RD","1","BR",-2,"D04",2025-07-03,"7-3-25_ZS_RD1&RD231_BR",8.49071893941543,1.1810665733675,11.5830226999358,0.0863332504740356,TRUE,292.005386372019,"17-CD14051",TRUE,"EE226"
"2297","RT","RD1","RD","1","LN",-1,"A03",2025-03-11,"3-11-25_ZS_RD1&RD3_LN",1.37037976996559,0.00897849335016233,48,0.0208333333333333,FALSE,46.0014833971189,"17-CD14051",TRUE,"EE226"
"2298","RT","RD1","RD","1","LN",-1,"B03",2025-03-11,"3-11-25_ZS_RD1&RD3_LN",1.39101637156061,0.0128221981777917,48,0.0208333333333333,FALSE,45.8628401472329,"17-CD14051",TRUE,"EE226"
"2299","RT","RD1","RD","1","LN",-1,"C03",2025-03-11,"3-11-25_ZS_RD1&RD3_LN",1.42345276872964,0.00579080709373867,48,0.0208333333333333,FALSE,45.895358306189,"17-CD14051",TRUE,"EE226"
"2300","RT","RD1","RD","1","LN",-1,"D03",2025-03-11,"3-11-25_ZS_RD1&RD3_LN",1.39676562484098,0.0121857306180052,48,0.0208333333333333,FALSE,46.3849700275807,"17-CD14051",TRUE,"EE226"
"2301","RT","RD1","RD","1","LN",-2,"A04",2025-03-11,"3-11-25_ZS_RD1&RD3_LN",1.25672441849335,0.0228199483105198,48,0.0208333333333333,FALSE,49.2588542165214,"17-CD14051",TRUE,"EE226"
"2302","RT","RD1","RD","1","LN",-2,"B04",2025-03-11,"3-11-25_ZS_RD1&RD3_LN",14.8120512109536,3.0582045994669,19.6142014241548,0.0509834674568247,TRUE,391.768455926645,"17-CD14051",TRUE,"EE226"
"2303","RT","RD1","RD","1","LN",-2,"C04",2025-03-11,"3-11-25_ZS_RD1&RD3_LN",1.29186045391956,0.0260501423513816,48,0.0208333333333333,FALSE,49.5789063177052,"17-CD14051",TRUE,"EE226"
"2304","RT","RD1","RD","1","LN",-2,"D04",2025-03-11,"3-11-25_ZS_RD1&RD3_LN",1.31904825634751,0.0280411950647497,48,0.0208333333333333,FALSE,50.3963140964362,"17-CD14051",TRUE,"EE226"
"2305","RT","RD1","RD","1","SK1",-1,"A04",2024-11-26,"11-26-24_ZS_RD1-SK1_RD527-SK1",1.56892699252951,0.0244327874581909,48,0.0208333333333333,FALSE,49.6575131620588,"17-CD14051",TRUE,"EE226"
"2306","RT","RD1","RD","1","SK1",-1,"B04",2024-11-26,"11-26-24_ZS_RD1-SK1_RD527-SK1",1.56401594808309,0.0265293888154076,48,0.0208333333333333,FALSE,49.4409404706397,"17-CD14051",TRUE,"EE226"
"2307","RT","RD1","RD","1","SK1",-1,"C04",2024-11-26,"11-26-24_ZS_RD1-SK1_RD527-SK1",1.5671381664468,0.0302329039871528,48,0.0208333333333333,FALSE,50.005016706306,"17-CD14051",TRUE,"EE226"
"2308","RT","RD1","RD","1","SK1",-1,"D04",2024-11-26,"11-26-24_ZS_RD1-SK1_RD527-SK1",1.54109975724044,0.0365310265948216,48,0.0208333333333333,FALSE,50.5719034042794,"17-CD14051",TRUE,"EE226"
"2309","RT","RD1","RD","1","SK1",-2,"A05",2024-11-26,"11-26-24_ZS_RD1-SK1_RD527-SK1",1.63218568068782,0.0215308032711742,48,0.0208333333333333,FALSE,50.5042675521455,"17-CD14051",TRUE,"EE226"
"2310","RT","RD1","RD","1","SK1",-2,"B05",2024-11-26,"11-26-24_ZS_RD1-SK1_RD527-SK1",1.72899779649012,0.158567456257706,48,0.0208333333333333,FALSE,52.6674913433541,"17-CD14051",TRUE,"EE226"
"2311","RT","RD1","RD","1","SK1",-2,"C05",2024-11-26,"11-26-24_ZS_RD1-SK1_RD527-SK1",1.68041155205975,0.0297827919684671,48,0.0208333333333333,FALSE,53.3106788523418,"17-CD14051",TRUE,"EE226"
"2312","RT","RD1","RD","1","SK1",-2,"D05",2024-11-26,"11-26-24_ZS_RD1-SK1_RD527-SK1",1.6430839394989,0.0303360744418359,48,0.0208333333333333,FALSE,51.0325417099642,"17-CD14051",TRUE,"EE226"
"2313","RT","RD1","RD","1","SK1",-0.301029995663981,"A03",2025-12-15,"12-15-25_Z_RD1_SK1-3_lowdil",5.92540772449986,0.595878436542671,8.92967938251447,0.111986103550161,TRUE,225.574715574453,"17-CD14051",TRUE,"EE226"
"2314","RT","RD1","RD","1","SK1",-0.301029995663981,"B03",2025-12-15,"12-15-25_Z_RD1_SK1-3_lowdil",6.65529905561385,0.786616184859958,7.15264490714688,0.139808422336303,TRUE,249.123498508864,"17-CD14051",TRUE,"EE226"
"2315","RT","RD1","RD","1","SK1",-0.301029995663981,"C03",2025-12-15,"12-15-25_Z_RD1_SK1-3_lowdil",6.66091113610799,0.868339374244886,6.57574367710654,0.152074054145617,TRUE,262.813779527559,"17-CD14051",TRUE,"EE226"
"2316","RT","RD1","RD","1","SK1",-0.301029995663981,"D03",2025-12-15,"12-15-25_Z_RD1_SK1-3_lowdil",5.66792659088593,0.571906777959973,11.5526100439314,0.086560525820336,TRUE,208.572823156666,"17-CD14051",TRUE,"EE226"
"2317","RT","RD1","RD","1","SK1",-0.602059991327962,"A04",2025-12-15,"12-15-25_Z_RD1_SK1-3_lowdil",14.3884774825702,2.95562674036388,19.6997665625799,0.0507620228302361,TRUE,383.0570732052,"17-CD14051",TRUE,"EE226"
"2318","RT","RD1","RD","1","SK1",-0.602059991327962,"B04",2025-12-15,"12-15-25_Z_RD1_SK1-3_lowdil",1.36263143704503,0.0238095238095238,48,0.0208333333333333,FALSE,51.9733671474791,"17-CD14051",TRUE,"EE226"
"2319","RT","RD1","RD","1","SK1",-0.602059991327962,"C04",2025-12-15,"12-15-25_Z_RD1_SK1-3_lowdil",10.6111335370894,2.11728786626428,15.9717478465601,0.0626105551882583,TRUE,243.88182991177,"17-CD14051",TRUE,"EE226"
"2320","RT","RD1","RD","1","SK1",-0.602059991327962,"D04",2025-12-15,"12-15-25_Z_RD1_SK1-3_lowdil",8.08693410333093,1.47644538610817,22.7363408610552,0.0439824510949732,TRUE,205.830523967113,"17-CD14051",TRUE,"EE226"
"2321","RT","RD1","RD","1","SK1",-0.778151250383644,"A05",2025-12-15,"12-15-25_Z_RD1_SK1-3_lowdil",7.28305872810782,0.895943429542094,30.3766333157666,0.0329200405326341,TRUE,143.062300176363,"17-CD14051",TRUE,"EE226"
"2322","RT","RD1","RD","1","SK1",-0.778151250383644,"B05",2025-12-15,"12-15-25_Z_RD1_SK1-3_lowdil",1.37368306052459,0.0286541540923423,48,0.0208333333333333,FALSE,50.1690206910309,"17-CD14051",TRUE,"EE226"
"2323","RT","RD1","RD","1","SK1",-0.778151250383644,"C05",2025-12-15,"12-15-25_Z_RD1_SK1-3_lowdil",3.77896350116365,0.609945360016314,48,0.0208333333333333,FALSE,61.3590636884828,"17-CD14051",TRUE,"EE226"
"2324","RT","RD1","RD","1","SK1",-0.778151250383644,"D05",2025-12-15,"12-15-25_Z_RD1_SK1-3_lowdil",12.4390243902439,2.52092791327913,15.362981996093,0.0650915297729512,TRUE,334.780503658537,"17-CD14051",TRUE,"EE226"
"2325","RT","RD1","RD","1","SK2",-1,"A04",2024-12-12,"12-12-24_ZS_RD1-SK2-3",1.43152391378204,0.0204304187166291,48,0.0208333333333333,FALSE,48.8528379921484,"17-CD14051",TRUE,"EE226"
"2326","RT","RD1","RD","1","SK2",-1,"B04",2024-12-12,"12-12-24_ZS_RD1-SK2-3",1.49648267885246,0.0199515012082562,48,0.0208333333333333,FALSE,47.6052506209826,"17-CD14051",TRUE,"EE226"
"2327","RT","RD1","RD","1","SK2",-1,"C04",2024-12-12,"12-12-24_ZS_RD1-SK2-3",1.52787721837154,0.0212929816098375,48,0.0208333333333333,FALSE,48.4710421585802,"17-CD14051",TRUE,"EE226"
"2328","RT","RD1","RD","1","SK2",-1,"D04",2024-12-12,"12-12-24_ZS_RD1-SK2-3",1.52961543569409,0.022066651067391,48,0.0208333333333333,FALSE,48.0123259310554,"17-CD14051",TRUE,"EE226"
"2329","RT","RD1","RD","1","SK2",-2,"A05",2024-12-12,"12-12-24_ZS_RD1-SK2-3",1.47935287459506,0.0211458482408094,48,0.0208333333333333,FALSE,50.2669123960814,"17-CD14051",TRUE,"EE226"
"2330","RT","RD1","RD","1","SK2",-2,"B05",2024-12-12,"12-12-24_ZS_RD1-SK2-3",1.583614996115,0.0236143486143486,48,0.0208333333333333,FALSE,49.7696641899767,"17-CD14051",TRUE,"EE226"
"2331","RT","RD1","RD","1","SK2",-2,"C05",2024-12-12,"12-12-24_ZS_RD1-SK2-3",1.52357928265576,0.0242081694889752,48,0.0208333333333333,FALSE,47.7531721168426,"17-CD14051",TRUE,"EE226"
"2332","RT","RD1","RD","1","SK2",-2,"D05",2024-12-12,"12-12-24_ZS_RD1-SK2-3",1.56835816926423,0.0205019105779855,48,0.0208333333333333,FALSE,47.9324728609283,"17-CD14051",TRUE,"EE226"
"2333","RT","RD1","RD","1","SK2",-0.301029995663981,"A06",2025-12-15,"12-15-25_Z_RD1_SK1-3_lowdil",8.01895994028365,1.53803654861629,22.154427387019,0.0451377046461573,TRUE,197.448370241354,"17-CD14051",TRUE,"EE226"
"2334","RT","RD1","RD","1","SK2",-0.301029995663981,"B06",2025-12-15,"12-15-25_Z_RD1_SK1-3_lowdil",19.4352746680818,4.07499781725986,27.0340787085559,0.0369903487661117,TRUE,355.630312987927,"17-CD14051",TRUE,"EE226"
"2335","RT","RD1","RD","1","SK2",-0.301029995663981,"C06",2025-12-15,"12-15-25_Z_RD1_SK1-3_lowdil",10.9723551461499,2.19631091792834,28.912501828126,0.034587114112249,TRUE,205.486739592056,"17-CD14051",TRUE,"EE226"
"2336","RT","RD1","RD","1","SK2",-0.301029995663981,"D06",2025-12-15,"12-15-25_Z_RD1_SK1-3_lowdil",11.1018904810851,2.22291642873298,25.8873436642743,0.038628915077913,TRUE,219.340947910998,"17-CD14051",TRUE,"EE226"
"2337","RT","RD1","RD","1","SK2",-0.602059991327962,"A07",2025-12-15,"12-15-25_Z_RD1_SK1-3_lowdil",1.36126248424319,0.0282599092838596,48,0.0208333333333333,FALSE,51.4843001551441,"17-CD14051",TRUE,"EE226"
"2338","RT","RD1","RD","1","SK2",-0.602059991327962,"B07",2025-12-15,"12-15-25_Z_RD1_SK1-3_lowdil",7.11573224859101,1.33946035336495,16.7388032268677,0.0597414275349678,TRUE,221.23221532642,"17-CD14051",TRUE,"EE226"
"2339","RT","RD1","RD","1","SK2",-0.602059991327962,"C07",2025-12-15,"12-15-25_Z_RD1_SK1-3_lowdil",6.48756092059974,1.20222098011207,21.1128159872466,0.0473645960161855,TRUE,175.00724182904,"17-CD14051",TRUE,"EE226"
"2340","RT","RD1","RD","1","SK2",-0.602059991327962,"D07",2025-12-15,"12-15-25_Z_RD1_SK1-3_lowdil",1.43431707092133,0.094131390451597,48,0.0208333333333333,FALSE,49.4598577423222,"17-CD14051",TRUE,"EE226"
"2341","RT","RD1","RD","1","SK2",-0.778151250383644,"A08",2025-12-15,"12-15-25_Z_RD1_SK1-3_lowdil",1.35849273254423,0.0341433800819297,48,0.0208333333333333,FALSE,50.9211476264747,"17-CD14051",TRUE,"EE226"
"2342","RT","RD1","RD","1","SK2",-0.778151250383644,"B08",2025-12-15,"12-15-25_Z_RD1_SK1-3_lowdil",1.42546604559007,0.030111842474315,48,0.0208333333333333,FALSE,50.1716486154374,"17-CD14051",TRUE,"EE226"
"2343","RT","RD1","RD","1","SK2",-0.778151250383644,"C08",2025-12-15,"12-15-25_Z_RD1_SK1-3_lowdil",1.40884402104365,0.0306702266036832,48,0.0208333333333333,FALSE,48.969486705531,"17-CD14051",TRUE,"EE226"
"2344","RT","RD1","RD","1","SK2",-0.778151250383644,"D08",2025-12-15,"12-15-25_Z_RD1_SK1-3_lowdil",1.42175329003752,0.0229874112023159,48,0.0208333333333333,FALSE,49.5954337040775,"17-CD14051",TRUE,"EE226"
"2345","RT","RD1","RD","1","SK3",-1,"A08",2024-12-12,"12-12-24_ZS_RD1-SK2-3",1.5204535696163,0.0169362148752445,48,0.0208333333333333,FALSE,51.3472361821305,"17-CD14051",TRUE,"EE226"
"2346","RT","RD1","RD","1","SK3",-1,"B08",2024-12-12,"12-12-24_ZS_RD1-SK2-3",1.61760525934162,0.0279273617892074,48,0.0208333333333333,FALSE,51.4176173442258,"17-CD14051",TRUE,"EE226"
"2347","RT","RD1","RD","1","SK3",-1,"C08",2024-12-12,"12-12-24_ZS_RD1-SK2-3",1.56401714821089,0.0199915247375666,48,0.0208333333333333,FALSE,47.9514619039056,"17-CD14051",TRUE,"EE226"
"2348","RT","RD1","RD","1","SK3",-1,"D08",2024-12-12,"12-12-24_ZS_RD1-SK2-3",1.60877034016687,0.0218325132245169,48,0.0208333333333333,FALSE,48.1808918054139,"17-CD14051",TRUE,"EE226"
"2349","RT","RD1","RD","1","SK3",-2,"A09",2024-12-12,"12-12-24_ZS_RD1-SK2-3",1.42210476639924,0.0229458339887788,48,0.0208333333333333,FALSE,49.9184922133082,"17-CD14051",TRUE,"EE226"
"2350","RT","RD1","RD","1","SK3",-2,"A10",2024-12-12,"12-12-24_ZS_RD1-SK2-3",1.47833828458257,0.0192548581488252,48,0.0208333333333333,FALSE,49.9310371914991,"17-CD14051",TRUE,"EE226"
"2351","RT","RD1","RD","1","SK3",-2,"B09",2024-12-12,"12-12-24_ZS_RD1-SK2-3",1.48358607211981,0.0433695999398688,48,0.0208333333333333,FALSE,49.2395498618862,"17-CD14051",TRUE,"EE226"
"2352","RT","RD1","RD","1","SK3",-2,"B10",2024-12-12,"12-12-24_ZS_RD1-SK2-3",1.56206328247733,0.028733804305573,48,0.0208333333333333,FALSE,50.0080825871989,"17-CD14051",TRUE,"EE226"
"2353","RT","RD1","RD","1","SK3",-2,"C09",2024-12-12,"12-12-24_ZS_RD1-SK2-3",1.48726529094627,0.0222614695007333,48,0.0208333333333333,FALSE,46.4140581427775,"17-CD14051",TRUE,"EE226"
"2354","RT","RD1","RD","1","SK3",-2,"C10",2024-12-12,"12-12-24_ZS_RD1-SK2-3",1.55405630981527,0.0285299766715302,48,0.0208333333333333,FALSE,49.8530144113065,"17-CD14051",TRUE,"EE226"
"2355","RT","RD1","RD","1","SK3",-2,"D09",2024-12-12,"12-12-24_ZS_RD1-SK2-3",1.52181336251214,0.019391751745331,48,0.0208333333333333,FALSE,48.2696202352543,"17-CD14051",TRUE,"EE226"
"2356","RT","RD1","RD","1","SK3",-2,"D10",2024-12-12,"12-12-24_ZS_RD1-SK2-3",1.56207293593567,0.0219986493345246,48,0.0208333333333333,FALSE,48.9127751141983,"17-CD14051",TRUE,"EE226"
"2357","RT","RD1","RD","1","SK3",-0.301029995663981,"A09",2025-12-15,"12-15-25_Z_RD1_SK1-3_lowdil",12.084354637392,2.45624690824152,37.6850159535632,0.0265357456988272,TRUE,128.712583170351,"17-CD14051",TRUE,"EE226"
"2358","RT","RD1","RD","1","SK3",-0.301029995663981,"B09",2025-12-15,"12-15-25_Z_RD1_SK1-3_lowdil",5.83697170976691,1.05816452121711,35.5207228928394,0.0281525801999257,TRUE,91.627799659788,"17-CD14051",TRUE,"EE226"
"2359","RT","RD1","RD","1","SK3",-0.301029995663981,"C09",2025-12-15,"12-15-25_Z_RD1_SK1-3_lowdil",8.33436944937833,1.61486310709224,38.1150917472956,0.026236326718824,TRUE,110.384706018892,"17-CD14051",TRUE,"EE226"
"2360","RT","RD1","RD","1","SK3",-0.301029995663981,"D09",2025-12-15,"12-15-25_Z_RD1_SK1-3_lowdil",9.20690182953583,1.80494701409367,47.4416179000214,0.021078539144837,TRUE,55.7292748691366,"17-CD14051",TRUE,"EE226"
"2361","RT","RD1","RD","1","SK3",-0.602059991327962,"A10",2025-12-15,"12-15-25_Z_RD1_SK1-3_lowdil",1.34172977509872,0.0242747564152291,48,0.0208333333333333,FALSE,52.3350008584018,"17-CD14051",TRUE,"EE226"
"2362","RT","RD1","RD","1","SK3",-0.602059991327962,"B10",2025-12-15,"12-15-25_Z_RD1_SK1-3_lowdil",9.07793690821716,1.78255274830428,17.4644035863782,0.057259327239779,TRUE,250.33913379645,"17-CD14051",TRUE,"EE226"
"2363","RT","RD1","RD","1","SK3",-0.602059991327962,"C10",2025-12-15,"12-15-25_Z_RD1_SK1-3_lowdil",5.1652875168607,0.807583357514958,41.7900298335989,0.0239291525749524,TRUE,78.6836441602172,"17-CD14051",TRUE,"EE226"
"2364","RT","RD1","RD","1","SK3",-0.602059991327962,"D10",2025-12-15,"12-15-25_Z_RD1_SK1-3_lowdil",1.3584898631974,0.0251565298640666,48,0.0208333333333333,FALSE,50.8502109311703,"17-CD14051",TRUE,"EE226"
"2365","RT","RD1","RD","1","SK3",-0.778151250383644,"A11",2025-12-15,"12-15-25_Z_RD1_SK1-3_lowdil",4.28954124657996,0.529042722869791,43.2391353897584,0.0231271969475333,TRUE,90.7237910404408,"17-CD14051",TRUE,"EE226"
"2366","RT","RD1","RD","1","SK3",-0.778151250383644,"B11",2025-12-15,"12-15-25_Z_RD1_SK1-3_lowdil",1.348286934859,0.0228661280086387,48,0.0208333333333333,FALSE,50.7081336257115,"17-CD14051",TRUE,"EE226"
"2367","RT","RD1","RD","1","SK3",-0.778151250383644,"C11",2025-12-15,"12-15-25_Z_RD1_SK1-3_lowdil",1.34574274432195,0.0313243239598924,48,0.0208333333333333,FALSE,50.010433100268,"17-CD14051",TRUE,"EE226"
"2368","RT","RD1","RD","1","SK3",-0.778151250383644,"D11",2025-12-15,"12-15-25_Z_RD1_SK1-3_lowdil",1.3650765446877,0.0282175733261012,48,0.0208333333333333,FALSE,51.5772238639871,"17-CD14051",TRUE,"EE226"
"2369","RT","RD1","RD","1","SK4",-1,"A04",2024-12-12,"12-12-24_ZS_RD1-SK4_RD527-SK3-4",1.27034696623954,0.0116478891857746,48,0.0208333333333333,FALSE,48.5539392077701,"17-CD14051",TRUE,"EE226"
"2370","RT","RD1","RD","1","SK4",-1,"B04",2024-12-12,"12-12-24_ZS_RD1-SK4_RD527-SK3-4",1.30134169033395,0.0142243114723773,48,0.0208333333333333,FALSE,48.3601263343453,"17-CD14051",TRUE,"EE226"
"2371","RT","RD1","RD","1","SK4",-1,"C04",2024-12-12,"12-12-24_ZS_RD1-SK4_RD527-SK3-4",1.30038635525268,0.015316149045545,48,0.0208333333333333,FALSE,48.891927310851,"17-CD14051",TRUE,"EE226"
"2372","RT","RD1","RD","1","SK4",-1,"D04",2024-12-12,"12-12-24_ZS_RD1-SK4_RD527-SK3-4",1.29264827519097,0.0160387507636085,48,0.0208333333333333,FALSE,48.67158808933,"17-CD14051",TRUE,"EE226"
"2373","RT","RD1","RD","1","SK4",-2,"A05",2024-12-12,"12-12-24_ZS_RD1-SK4_RD527-SK3-4",1.31378036270926,0.0121257188510776,48,0.0208333333333333,FALSE,50.4024148250689,"17-CD14051",TRUE,"EE226"
"2374","RT","RD1","RD","1","SK4",-2,"B05",2024-12-12,"12-12-24_ZS_RD1-SK4_RD527-SK3-4",1.30837238422281,0.0177663102021371,48,0.0208333333333333,FALSE,49.4105667438198,"17-CD14051",TRUE,"EE226"
"2375","RT","RD1","RD","1","SK4",-2,"C05",2024-12-12,"12-12-24_ZS_RD1-SK4_RD527-SK3-4",1.34715071723325,0.0146809021637082,48,0.0208333333333333,FALSE,48.9427687168402,"17-CD14051",TRUE,"EE226"
"2376","RT","RD1","RD","1","SK4",-2,"D05",2024-12-12,"12-12-24_ZS_RD1-SK4_RD527-SK3-4",1.34635508524397,0.0225706011714242,48,0.0208333333333333,FALSE,50.3056033215755,"17-CD14051",TRUE,"EE226"
"2377","RT","RD1","RD","1","SK4",-0.301029995663981,"A06",2025-12-15,"12-15-25_ZS_RD1&M6&M539_SK_lowdil",1.40955064708338,0.0963224410793578,48,0.0208333333333333,FALSE,46.5830368325173,"17-CD14051",TRUE,"EE226"
"2378","RT","RD1","RD","1","SK4",-0.301029995663981,"B06",2025-12-15,"12-15-25_ZS_RD1&M6&M539_SK_lowdil",16.2007178596857,3.37793730215239,26.6398644197224,0.0375377285801675,TRUE,264.492708018376,"17-CD14051",TRUE,"EE226"
"2379","RT","RD1","RD","1","SK4",-0.301029995663981,"C06",2025-12-15,"12-15-25_ZS_RD1&M6&M539_SK_lowdil",12.0815455638748,2.47280952442531,26.3693313721668,0.0379228424826696,TRUE,209.756396205919,"17-CD14051",TRUE,"EE226"
"2380","RT","RD1","RD","1","SK4",-0.301029995663981,"D06",2025-12-15,"12-15-25_ZS_RD1&M6&M539_SK_lowdil",10.3586683417085,2.07970407593523,22.2431610335326,0.0449576388217688,TRUE,217.648355413431,"17-CD14051",TRUE,"EE226"
"2381","RT","RD1","RD","1","SK4",-0.602059991327962,"A07",2025-12-15,"12-15-25_ZS_RD1&M6&M539_SK_lowdil",1.41088051132458,0.0349099587315154,48,0.0208333333333333,FALSE,52.036763066461,"17-CD14051",TRUE,"EE226"
"2382","RT","RD1","RD","1","SK4",-0.602059991327962,"B07",2025-12-15,"12-15-25_ZS_RD1&M6&M539_SK_lowdil",1.50759190197123,0.0249913319971924,48,0.0208333333333333,FALSE,51.4148396472334,"17-CD14051",TRUE,"EE226"
"2383","RT","RD1","RD","1","SK4",-0.602059991327962,"C07",2025-12-15,"12-15-25_ZS_RD1&M6&M539_SK_lowdil",1.4984919807199,0.036925331905178,48,0.0208333333333333,FALSE,50.726886433464,"17-CD14051",TRUE,"EE226"
"2384","RT","RD1","RD","1","SK4",-0.602059991327962,"D07",2025-12-15,"12-15-25_ZS_RD1&M6&M539_SK_lowdil",14.5256956678222,2.98959629061351,17.0580096821126,0.0586234864814633,TRUE,359.482749190202,"17-CD14051",TRUE,"EE226"
"2385","RT","RD1","RD","1","SK4",-0.778151250383644,"A08",2025-12-15,"12-15-25_ZS_RD1&M6&M539_SK_lowdil",1.38843243745068,0.0477494623156787,48,0.0208333333333333,FALSE,52.0392842222532,"17-CD14051",TRUE,"EE226"
"2386","RT","RD1","RD","1","SK4",-0.778151250383644,"B08",2025-12-15,"12-15-25_ZS_RD1&M6&M539_SK_lowdil",1.48159615035409,0.0434376450174525,48,0.0208333333333333,FALSE,53.5381105865262,"17-CD14051",TRUE,"EE226"
"2387","RT","RD1","RD","1","SK4",-0.778151250383644,"C08",2025-12-15,"12-15-25_ZS_RD1&M6&M539_SK_lowdil",10.3323165060824,2.05700432771598,10.5295149567553,0.0949711362875684,TRUE,341.467137569286,"17-CD14051",TRUE,"EE226"
"2388","RT","RD1","RD","1","SK4",-0.778151250383644,"D08",2025-12-15,"12-15-25_ZS_RD1&M6&M539_SK_lowdil",1.48423346666428,0.0490295141691529,48,0.0208333333333333,FALSE,53.8569207278792,"17-CD14051",TRUE,"EE226"
"2389","RT","RD231","RD","231","BR",-1,"A08",2025-07-03,"7-3-25_ZS_RD1&RD231_BR",1.54629423096421,0.00891547534556763,48,0.0208333333333333,FALSE,43.4167038426442,"19-CD23231",FALSE,NA
"2390","RT","RD231","RD","231","BR",-1,"B08",2025-07-03,"7-3-25_ZS_RD1&RD231_BR",1.51724410226039,0.0114960681735926,48,0.0208333333333333,FALSE,42.3976495410128,"19-CD23231",FALSE,NA
"2391","RT","RD231","RD","231","BR",-1,"C08",2025-07-03,"7-3-25_ZS_RD1&RD231_BR",1.5958081705151,0.00332684879754153,48,0.0208333333333333,FALSE,43.9076110124334,"19-CD23231",FALSE,NA
"2392","RT","RD231","RD","231","BR",-1,"D08",2025-07-03,"7-3-25_ZS_RD1&RD231_BR",1.57099707071833,0.00604100994334019,48,0.0208333333333333,FALSE,43.9791238001602,"19-CD23231",FALSE,NA
"2393","RT","RD231","RD","231","BR",-2,"A09",2025-07-03,"7-3-25_ZS_RD1&RD231_BR",1.39066169762612,0.00382167528268964,48,0.0208333333333333,FALSE,41.6756390846095,"19-CD23231",FALSE,NA
"2394","RT","RD231","RD","231","BR",-2,"B09",2025-07-03,"7-3-25_ZS_RD1&RD231_BR",1.51115826807739,0.00827128760657363,48,0.0208333333333333,FALSE,42.3375986311196,"19-CD23231",FALSE,NA
"2395","RT","RD231","RD","231","BR",-2,"C09",2025-07-03,"7-3-25_ZS_RD1&RD231_BR",1.49160260201064,0.0021311080447686,48,0.0208333333333333,FALSE,42.5242349201656,"19-CD23231",FALSE,NA
"2396","RT","RD231","RD","231","BR",-2,"D09",2025-07-03,"7-3-25_ZS_RD1&RD231_BR",1.5,0.00109602956606585,48,0.0208333333333333,FALSE,43.2728925657116,"19-CD23231",FALSE,NA
"2397","RT","RD231","RD","231","LN",-1,"A03",2025-06-09,"6-9-25_ZS_RD231&RD242&RD533_LN",1.55210963935997,0.0020318372933088,48,0.0208333333333333,FALSE,44.4036188774543,"19-CD23231",FALSE,NA
"2398","RT","RD231","RD","231","LN",-1,"B03",2025-06-09,"6-9-25_ZS_RD231&RD242&RD533_LN",1.50714610473046,0.00555478680293356,48,0.0208333333333333,FALSE,44.3017240101212,"19-CD23231",FALSE,NA
"2399","RT","RD231","RD","231","LN",-1,"C03",2025-06-09,"6-9-25_ZS_RD231&RD242&RD533_LN",1.50892445368998,0.00396860441409119,48,0.0208333333333333,FALSE,43.9036978343848,"19-CD23231",FALSE,NA
"2400","RT","RD231","RD","231","LN",-1,"D03",2025-06-09,"6-9-25_ZS_RD231&RD242&RD533_LN",1.48108906503865,0.00280307879145944,48,0.0208333333333333,FALSE,44.0704372015164,"19-CD23231",FALSE,NA
"2401","RT","RD231","RD","231","LN",-2,"A04",2025-06-09,"6-9-25_ZS_RD231&RD242&RD533_LN",1.4702441794435,0.0277788293688351,48,0.0208333333333333,FALSE,48.4471607041454,"19-CD23231",FALSE,NA
"2402","RT","RD231","RD","231","LN",-2,"B04",2025-06-09,"6-9-25_ZS_RD231&RD242&RD533_LN",1.48120768207031,0.0240590888632,48,0.0208333333333333,FALSE,48.8313378537221,"19-CD23231",FALSE,NA
"2403","RT","RD231","RD","231","LN",-2,"C04",2025-06-09,"6-9-25_ZS_RD231&RD242&RD533_LN",1.45827028933713,0.0370910133555289,48,0.0208333333333333,FALSE,47.6934878259335,"19-CD23231",FALSE,NA
"2404","RT","RD231","RD","231","LN",-2,"D04",2025-06-09,"6-9-25_ZS_RD231&RD242&RD533_LN",1.38068224722495,0.023358252158373,48,0.0208333333333333,FALSE,46.4532665842331,"19-CD23231",FALSE,NA
"2405","RT","RD242","RD","242","LN",-1,"A06",2025-06-09,"6-9-25_ZS_RD231&RD242&RD533_LN",1.45292203171109,0.0324680733072501,48,0.0208333333333333,FALSE,49.810581512302,"19-CD23242",FALSE,NA
"2406","RT","RD242","RD","242","LN",-1,"B06",2025-06-09,"6-9-25_ZS_RD231&RD242&RD533_LN",1.46141640301777,0.0300110867742895,48,0.0208333333333333,FALSE,49.290211730348,"19-CD23242",FALSE,NA
"2407","RT","RD242","RD","242","LN",-1,"C06",2025-06-09,"6-9-25_ZS_RD231&RD242&RD533_LN",1.40586600627623,0.0284635840044362,48,0.0208333333333333,FALSE,48.0566881073008,"19-CD23242",FALSE,NA
"2408","RT","RD242","RD","242","LN",-1,"D06",2025-06-09,"6-9-25_ZS_RD231&RD242&RD533_LN",1.40687851971038,0.0361665538656689,48,0.0208333333333333,FALSE,50.1988097632457,"19-CD23242",FALSE,NA
"2409","RT","RD242","RD","242","LN",-2,"A07",2025-06-09,"6-9-25_ZS_RD231&RD242&RD533_LN",1.43842816700001,0.0290292901672941,48,0.0208333333333333,FALSE,48.6974223890547,"19-CD23242",FALSE,NA
"2410","RT","RD242","RD","242","LN",-2,"B07",2025-06-09,"6-9-25_ZS_RD231&RD242&RD533_LN",1.47352394511014,0.031937798517464,48,0.0208333333333333,FALSE,50.137486653221,"19-CD23242",FALSE,NA
"2411","RT","RD242","RD","242","LN",-2,"C07",2025-06-09,"6-9-25_ZS_RD231&RD242&RD533_LN",1.43906882400999,0.0254528115058311,48,0.0208333333333333,FALSE,47.6824495957329,"19-CD23242",FALSE,NA
"2412","RT","RD242","RD","242","LN",-2,"D07",2025-06-09,"6-9-25_ZS_RD231&RD242&RD533_LN",1.43677488637889,0.0326789865401866,48,0.0208333333333333,FALSE,48.5164043473258,"19-CD23242",FALSE,NA
"2413","RT","RD3","RD","3","LN",-1,"A08",2025-03-11,"3-11-25_ZS_RD1&RD3_LN",1.3873717081709,0.021978677699101,48,0.0208333333333333,FALSE,44.4366832584136,"22-CD2737",TRUE,"EE226"
"2414","RT","RD3","RD","3","LN",-1,"B08",2025-03-11,"3-11-25_ZS_RD1&RD3_LN",1.55645087539248,0.00477804987371812,48,0.0208333333333333,FALSE,45.6036854887058,"22-CD2737",TRUE,"EE226"
"2415","RT","RD3","RD","3","LN",-1,"C08",2025-03-11,"3-11-25_ZS_RD1&RD3_LN",1.48676165034135,0.00705561601970035,48,0.0208333333333333,FALSE,44.4372959335115,"22-CD2737",TRUE,"EE226"
"2416","RT","RD3","RD","3","LN",-1,"D08",2025-03-11,"3-11-25_ZS_RD1&RD3_LN",1.41299611053414,0.0565658211207726,48,0.0208333333333333,FALSE,46.224475380292,"22-CD2737",TRUE,"EE226"
"2417","RT","RD3","RD","3","LN",-2,"A09",2025-03-11,"3-11-25_ZS_RD1&RD3_LN",8.0924778802403,1.52041516528441,17.0162945857551,0.0587672007533962,TRUE,238.113700703535,"22-CD2737",TRUE,"EE226"
"2418","RT","RD3","RD","3","LN",-2,"B09",2025-03-11,"3-11-25_ZS_RD1&RD3_LN",9.34371382375171,1.76388184631346,17.5753445585085,0.0568978887822648,TRUE,262.04381691111,"22-CD2737",TRUE,"EE226"
"2419","RT","RD3","RD","3","LN",-2,"C09",2025-03-11,"3-11-25_ZS_RD1&RD3_LN",8.28604901096986,1.60282158944088,15.9343892772039,0.0627573471818356,TRUE,230.537512223696,"22-CD2737",TRUE,"EE226"
"2420","RT","RD3","RD","3","LN",-2,"D09",2025-03-11,"3-11-25_ZS_RD1&RD3_LN",10.2921190993256,1.7223449875753,39.0635227035587,0.025599329778543,TRUE,122.216478311807,"22-CD2737",TRUE,"EE226"
"2421","RT","RD527","RD","527","BR",-1,"A08",2025-06-13,"6-13-25_ZS_RD527_LN_BR",1.44594719777675,0.0350367968709794,48,0.0208333333333333,FALSE,46.1961363285471,"21-V527",FALSE,NA
"2422","RT","RD527","RD","527","BR",-1,"B08",2025-06-13,"6-13-25_ZS_RD527_LN_BR",1.50329010348963,0.0385832793100244,48,0.0208333333333333,FALSE,47.8003831736147,"21-V527",FALSE,NA
"2423","RT","RD527","RD","527","BR",-1,"C08",2025-06-13,"6-13-25_ZS_RD527_LN_BR",1.52000440978973,0.0202471709417128,48,0.0208333333333333,FALSE,45.2876260297861,"21-V527",FALSE,NA
"2424","RT","RD527","RD","527","BR",-1,"D08",2025-06-13,"6-13-25_ZS_RD527_LN_BR",1.55453153866456,0.0335145596903317,48,0.0208333333333333,FALSE,52.2852098178939,"21-V527",FALSE,NA
"2425","RT","RD527","RD","527","BR",-2,"A09",2025-06-13,"6-13-25_ZS_RD527_LN_BR",7.69615002293929,1.46879832118401,21.3861759862265,0.0467591775474043,TRUE,175.858888734898,"21-V527",FALSE,NA
"2426","RT","RD527","RD","527","BR",-2,"B09",2025-06-13,"6-13-25_ZS_RD527_LN_BR",1.34440644389624,0.0310794647529342,48,0.0208333333333333,FALSE,50.7403460697466,"21-V527",FALSE,NA
"2427","RT","RD527","RD","527","BR",-2,"C09",2025-06-13,"6-13-25_ZS_RD527_LN_BR",1.35172287390029,0.0302665877793212,48,0.0208333333333333,FALSE,50.3527647013427,"21-V527",FALSE,NA
"2428","RT","RD527","RD","527","BR",-2,"D09",2025-06-13,"6-13-25_ZS_RD527_LN_BR",16.6989801786604,3.47866639403272,8.70950846738963,0.114817042057451,TRUE,466.194962954798,"21-V527",FALSE,NA
"2429","RT","RD527","RD","527","LN",-1,"A03",2025-06-13,"6-13-25_ZS_RD527_LN_BR",1.3368360642761,0.0135667607764497,48,0.0208333333333333,FALSE,48.4862228389932,"21-V527",FALSE,NA
"2430","RT","RD527","RD","527","LN",-1,"B03",2025-06-13,"6-13-25_ZS_RD527_LN_BR",1.4497877667586,0.0144118650661694,48,0.0208333333333333,FALSE,49.3815283727481,"21-V527",FALSE,NA
"2431","RT","RD527","RD","527","LN",-1,"C03",2025-06-13,"6-13-25_ZS_RD527_LN_BR",1.43034710610609,0.0152456289969133,48,0.0208333333333333,FALSE,51.1806971333025,"21-V527",FALSE,NA
"2432","RT","RD527","RD","527","LN",-1,"D03",2025-06-13,"6-13-25_ZS_RD527_LN_BR",1.40204847521405,0.0113379369247607,48,0.0208333333333333,FALSE,49.9479429727037,"21-V527",FALSE,NA
"2433","RT","RD527","RD","527","LN",-2,"A04",2025-06-13,"6-13-25_ZS_RD527_LN_BR",1.35806339254615,0.0226767461761076,48,0.0208333333333333,FALSE,54.2683987867177,"21-V527",FALSE,NA
"2434","RT","RD527","RD","527","LN",-2,"B04",2025-06-13,"6-13-25_ZS_RD527_LN_BR",1.41603953832956,0.0277777777777778,48,0.0208333333333333,FALSE,56.1805995574358,"21-V527",FALSE,NA
"2435","RT","RD527","RD","527","LN",-2,"C04",2025-06-13,"6-13-25_ZS_RD527_LN_BR",1.42803591580394,0.0328126959204924,48,0.0208333333333333,FALSE,55.8671581374811,"21-V527",FALSE,NA
"2436","RT","RD527","RD","527","LN",-2,"D04",2025-06-13,"6-13-25_ZS_RD527_LN_BR",1.44177272046714,0.0312178026207073,48,0.0208333333333333,FALSE,56.8524367420273,"21-V527",FALSE,NA
"2437","RT","RD527","RD","527","SK1",-1,"A09",2024-11-26,"11-26-24_ZS_RD1-SK1_RD527-SK1",1.47804271947796,0.0330323494448238,48,0.0208333333333333,FALSE,48.0328896824494,"21-V527",FALSE,NA
"2438","RT","RD527","RD","527","SK1",-1,"B09",2024-11-26,"11-26-24_ZS_RD1-SK1_RD527-SK1",1.50764034722693,0.0226387827057507,48,0.0208333333333333,FALSE,47.7371991522552,"21-V527",FALSE,NA
"2439","RT","RD527","RD","527","SK1",-1,"C09",2024-11-26,"11-26-24_ZS_RD1-SK1_RD527-SK1",1.49832416065205,0.0261003514607521,48,0.0208333333333333,FALSE,49.2590112071756,"21-V527",FALSE,NA
"2440","RT","RD527","RD","527","SK1",-1,"D09",2024-11-26,"11-26-24_ZS_RD1-SK1_RD527-SK1",1.48480673482574,0.0292801067572076,48,0.0208333333333333,FALSE,49.6522497719585,"21-V527",FALSE,NA
"2441","RT","RD527","RD","527","SK1",-2,"A10",2024-11-26,"11-26-24_ZS_RD1-SK1_RD527-SK1",1.6237022622233,0.0240028108867807,48,0.0208333333333333,FALSE,51.4247871564096,"21-V527",FALSE,NA
"2442","RT","RD527","RD","527","SK1",-2,"B10",2024-11-26,"11-26-24_ZS_RD1-SK1_RD527-SK1",1.55915483506054,0.0190882180317618,48,0.0208333333333333,FALSE,48.479589880262,"21-V527",FALSE,NA
"2443","RT","RD527","RD","527","SK1",-2,"C10",2024-11-26,"11-26-24_ZS_RD1-SK1_RD527-SK1",2.75530829681124,0.395143821469951,48,0.0208333333333333,FALSE,51.120612626568,"21-V527",FALSE,NA
"2444","RT","RD527","RD","527","SK1",-2,"D10",2024-11-26,"11-26-24_ZS_RD1-SK1_RD527-SK1",1.54991657136429,0.0285261357647416,48,0.0208333333333333,FALSE,47.679637554135,"21-V527",FALSE,NA
"2445","RT","RD527","RD","527","SK1",-0.301029995663981,"A03",2025-12-10,"12-10-25_ZS_RD527_SK_lowdil",1.79906565529713,0.00519303650865413,48,0.0208333333333333,FALSE,43.3947958004723,"21-V527",FALSE,NA
"2446","RT","RD527","RD","527","SK1",-0.301029995663981,"B03",2025-12-10,"12-10-25_ZS_RD527_SK_lowdil",1.86190797960563,0.00634992139384301,48,0.0208333333333333,FALSE,44.6644910621046,"21-V527",FALSE,NA
"2447","RT","RD527","RD","527","SK1",-0.301029995663981,"C03",2025-12-10,"12-10-25_ZS_RD527_SK_lowdil",1.8125,0.00640955457017209,48,0.0208333333333333,FALSE,44.886380665955,"21-V527",FALSE,NA
"2448","RT","RD527","RD","527","SK1",-0.301029995663981,"D03",2025-12-10,"12-10-25_ZS_RD527_SK_lowdil",1.614784539506,0.012104301349944,48,0.0208333333333333,FALSE,44.3974290640781,"21-V527",FALSE,NA
"2449","RT","RD527","RD","527","SK1",-0.602059991327962,"A04",2025-12-10,"12-10-25_ZS_RD527_SK_lowdil",1.67128861653754,0.00614958941299176,48,0.0208333333333333,FALSE,43.7479606174743,"21-V527",FALSE,NA
"2450","RT","RD527","RD","527","SK1",-0.602059991327962,"B04",2025-12-10,"12-10-25_ZS_RD527_SK_lowdil",1.67958176528414,0.00313113359613674,48,0.0208333333333333,FALSE,44.3082035865712,"21-V527",FALSE,NA
"2451","RT","RD527","RD","527","SK1",-0.602059991327962,"C04",2025-12-10,"12-10-25_ZS_RD527_SK_lowdil",1.69122688137755,0.00545856363378687,48,0.0208333333333333,FALSE,44.6710865254304,"21-V527",FALSE,NA
"2452","RT","RD527","RD","527","SK1",-0.602059991327962,"D04",2025-12-10,"12-10-25_ZS_RD527_SK_lowdil",1.70279681347491,0.00310869523652066,48,0.0208333333333333,FALSE,45.4917123017278,"21-V527",FALSE,NA
"2453","RT","RD527","RD","527","SK1",-0.778151250383644,"A05",2025-12-10,"12-10-25_ZS_RD527_SK_lowdil",2.3749963496189,0.153471755784637,48,0.0208333333333333,FALSE,65.9940133749963,"21-V527",FALSE,NA
"2454","RT","RD527","RD","527","SK1",-0.778151250383644,"B05",2025-12-10,"12-10-25_ZS_RD527_SK_lowdil",2.08414423624037,0.125854702915393,48,0.0208333333333333,FALSE,54.1651951471198,"21-V527",FALSE,NA
"2455","RT","RD527","RD","527","SK1",-0.778151250383644,"C05",2025-12-10,"12-10-25_ZS_RD527_SK_lowdil",1.67208592166973,0.0259747947035688,48,0.0208333333333333,FALSE,48.8634535621534,"21-V527",FALSE,NA
"2456","RT","RD527","RD","527","SK1",-0.778151250383644,"D05",2025-12-10,"12-10-25_ZS_RD527_SK_lowdil",1.69255306920071,0.0201356425779753,48,0.0208333333333333,FALSE,48.6929194765883,"21-V527",FALSE,NA
"2457","RT","RD527","RD","527","SK3",-1,"A07",2024-12-12,"12-12-24_ZS_RD1-SK4_RD527-SK3-4",1.26003596733458,0.0070689898027038,48,0.0208333333333333,FALSE,49.4415272850558,"21-V527",FALSE,NA
"2458","RT","RD527","RD","527","SK3",-1,"B07",2024-12-12,"12-12-24_ZS_RD1-SK4_RD527-SK3-4",1.31366795975031,0.0134034355328883,48,0.0208333333333333,FALSE,49.8929476891874,"21-V527",FALSE,NA
"2459","RT","RD527","RD","527","SK3",-1,"C07",2024-12-12,"12-12-24_ZS_RD1-SK4_RD527-SK3-4",1.32329879995704,0.0142538327924949,48,0.0208333333333333,FALSE,48.4196024918712,"21-V527",FALSE,NA
"2460","RT","RD527","RD","527","SK3",-1,"D07",2024-12-12,"12-12-24_ZS_RD1-SK4_RD527-SK3-4",1.29829324303285,0.0277410175238293,48,0.0208333333333333,FALSE,49.5292503503035,"21-V527",FALSE,NA
"2461","RT","RD527","RD","527","SK3",-2,"A08",2024-12-12,"12-12-24_ZS_RD1-SK4_RD527-SK3-4",1.26918436058619,0.0137572521824123,48,0.0208333333333333,FALSE,50.6296854017866,"21-V527",FALSE,NA
"2462","RT","RD527","RD","527","SK3",-2,"B08",2024-12-12,"12-12-24_ZS_RD1-SK4_RD527-SK3-4",1.34986799647991,0.0188564040720098,48,0.0208333333333333,FALSE,50.3330852156057,"21-V527",FALSE,NA
"2463","RT","RD527","RD","527","SK3",-2,"C08",2024-12-12,"12-12-24_ZS_RD1-SK4_RD527-SK3-4",1.32867004230847,0.0150042867854058,48,0.0208333333333333,FALSE,48.1540495599725,"21-V527",FALSE,NA
"2464","RT","RD527","RD","527","SK3",-2,"D08",2024-12-12,"12-12-24_ZS_RD1-SK4_RD527-SK3-4",1.36222301290794,0.0146606310989873,48,0.0208333333333333,FALSE,49.834741742276,"21-V527",FALSE,NA
"2465","RT","RD527","RD","527","SK3",-0.301029995663981,"A06",2025-12-10,"12-10-25_ZS_RD527_SK_lowdil",1.57348184685049,0.0238942346567479,48,0.0208333333333333,FALSE,50.4557163216625,"21-V527",FALSE,NA
"2466","RT","RD527","RD","527","SK3",-0.301029995663981,"B06",2025-12-10,"12-10-25_ZS_RD527_SK_lowdil",1.664293728095,0.0277758472140863,48,0.0208333333333333,FALSE,50.6158334077979,"21-V527",FALSE,NA
"2467","RT","RD527","RD","527","SK3",-0.301029995663981,"C06",2025-12-10,"12-10-25_ZS_RD527_SK_lowdil",1.62007452628241,0.0262846093536651,48,0.0208333333333333,FALSE,50.2392670260842,"21-V527",FALSE,NA
"2468","RT","RD527","RD","527","SK3",-0.301029995663981,"D06",2025-12-10,"12-10-25_ZS_RD527_SK_lowdil",1.63668593759442,0.0239801068518108,48,0.0208333333333333,FALSE,50.713875823379,"21-V527",FALSE,NA
"2469","RT","RD527","RD","527","SK3",-0.602059991327962,"A07",2025-12-10,"12-10-25_ZS_RD527_SK_lowdil",1.66123111811508,0.0260577485661085,48,0.0208333333333333,FALSE,50.5931782584464,"21-V527",FALSE,NA
"2470","RT","RD527","RD","527","SK3",-0.602059991327962,"B07",2025-12-10,"12-10-25_ZS_RD527_SK_lowdil",1.66559314016566,0.0185764814945278,48,0.0208333333333333,FALSE,50.6092808043397,"21-V527",FALSE,NA
"2471","RT","RD527","RD","527","SK3",-0.602059991327962,"C07",2025-12-10,"12-10-25_ZS_RD527_SK_lowdil",1.68270206873442,0.0170943540447695,48,0.0208333333333333,FALSE,51.2274067886815,"21-V527",FALSE,NA
"2472","RT","RD527","RD","527","SK3",-0.602059991327962,"D07",2025-12-10,"12-10-25_ZS_RD527_SK_lowdil",1.59937785232281,0.0227730753728335,48,0.0208333333333333,FALSE,51.0639285992901,"21-V527",FALSE,NA
"2473","RT","RD527","RD","527","SK3",-0.778151250383644,"A08",2025-12-10,"12-10-25_ZS_RD527_SK_lowdil",1.76699114525303,0.0366786771524941,48,0.0208333333333333,FALSE,54.2814973904884,"21-V527",FALSE,NA
"2474","RT","RD527","RD","527","SK3",-0.778151250383644,"B08",2025-12-10,"12-10-25_ZS_RD527_SK_lowdil",1.749192930752,0.0264380482119525,48,0.0208333333333333,FALSE,52.0851445938479,"21-V527",FALSE,NA
"2475","RT","RD527","RD","527","SK3",-0.778151250383644,"C08",2025-12-10,"12-10-25_ZS_RD527_SK_lowdil",1.68420591414077,0.0144472681204812,48,0.0208333333333333,FALSE,50.6933706902428,"21-V527",FALSE,NA
"2476","RT","RD527","RD","527","SK3",-0.778151250383644,"D08",2025-12-10,"12-10-25_ZS_RD527_SK_lowdil",1.67080138692191,0.0207039876718052,48,0.0208333333333333,FALSE,51.1710712018362,"21-V527",FALSE,NA
"2477","RT","RD527","RD","527","SK4",-1,"A10",2024-12-12,"12-12-24_ZS_RD1-SK4_RD527-SK3-4",1.21270844031897,0.013198932458285,48,0.0208333333333333,FALSE,49.0267944519267,"21-V527",FALSE,NA
"2478","RT","RD527","RD","527","SK4",-1,"B10",2024-12-12,"12-12-24_ZS_RD1-SK4_RD527-SK3-4",1.26557923095763,0.0111399570032928,48,0.0208333333333333,FALSE,48.5146105804555,"21-V527",FALSE,NA
"2479","RT","RD527","RD","527","SK4",-1,"C10",2024-12-12,"12-12-24_ZS_RD1-SK4_RD527-SK3-4",1.26702549078769,0.0151316066950222,48,0.0208333333333333,FALSE,48.0763117681984,"21-V527",FALSE,NA
"2480","RT","RD527","RD","527","SK4",-1,"D10",2024-12-12,"12-12-24_ZS_RD1-SK4_RD527-SK3-4",3.2698840917631,0.515139155187715,48,0.0208333333333333,FALSE,48.7949180548998,"21-V527",FALSE,NA
"2481","RT","RD527","RD","527","SK4",-2,"A11",2024-12-12,"12-12-24_ZS_RD1-SK4_RD527-SK3-4",1.27223599164115,0.0121602868358955,48,0.0208333333333333,FALSE,49.7161065753025,"21-V527",FALSE,NA
"2482","RT","RD527","RD","527","SK4",-2,"B11",2024-12-12,"12-12-24_ZS_RD1-SK4_RD527-SK3-4",4.18361510721626,0.517363130706029,44.9212437526031,0.0222611823819338,TRUE,75.10825836597,"21-V527",FALSE,NA
"2483","RT","RD527","RD","527","SK4",-2,"C11",2024-12-12,"12-12-24_ZS_RD1-SK4_RD527-SK3-4",1.32808928071918,0.0183740114483895,48,0.0208333333333333,FALSE,48.4780234487282,"21-V527",FALSE,NA
"2484","RT","RD527","RD","527","SK4",-2,"D11",2024-12-12,"12-12-24_ZS_RD1-SK4_RD527-SK3-4",1.32733953710332,0.0171160423128927,48,0.0208333333333333,FALSE,47.6624087329993,"21-V527",FALSE,NA
"2485","RT","RD527","RD","527","SK4",-0.301029995663981,"A09",2025-12-10,"12-10-25_ZS_RD527_SK_lowdil",1.84322283826826,0.00564927319675462,48,0.0208333333333333,FALSE,43.5874240592191,"21-V527",FALSE,NA
"2486","RT","RD527","RD","527","SK4",-0.301029995663981,"B09",2025-12-10,"12-10-25_ZS_RD527_SK_lowdil",1.94804789172306,0.00961998958875585,48,0.0208333333333333,FALSE,45.0388547631442,"21-V527",FALSE,NA
"2487","RT","RD527","RD","527","SK4",-0.301029995663981,"C09",2025-12-10,"12-10-25_ZS_RD527_SK_lowdil",1.79412524594074,0.00373410356119977,48,0.0208333333333333,FALSE,43.6749980126001,"21-V527",FALSE,NA
"2488","RT","RD527","RD","527","SK4",-0.301029995663981,"D09",2025-12-10,"12-10-25_ZS_RD527_SK_lowdil",1.81973706211855,0.0028611505912735,48,0.0208333333333333,FALSE,45.2139805931778,"21-V527",FALSE,NA
"2489","RT","RD527","RD","527","SK4",-0.602059991327962,"A10",2025-12-10,"12-10-25_ZS_RD527_SK_lowdil",1.65886170646872,0.0104066135972554,48,0.0208333333333333,FALSE,45.6471469793833,"21-V527",FALSE,NA
"2490","RT","RD527","RD","527","SK4",-0.602059991327962,"B10",2025-12-10,"12-10-25_ZS_RD527_SK_lowdil",1.68686898275626,0.012719615156782,48,0.0208333333333333,FALSE,46.1627694944051,"21-V527",FALSE,NA
"2491","RT","RD527","RD","527","SK4",-0.602059991327962,"C10",2025-12-10,"12-10-25_ZS_RD527_SK_lowdil",1.68919751577094,0.0060073570563081,48,0.0208333333333333,FALSE,46.0516504474546,"21-V527",FALSE,NA
"2492","RT","RD527","RD","527","SK4",-0.602059991327962,"D10",2025-12-10,"12-10-25_ZS_RD527_SK_lowdil",1.63266147233725,0.0294781465271917,48,0.0208333333333333,FALSE,46.6302855082134,"21-V527",FALSE,NA
"2493","RT","RD527","RD","527","SK4",-0.778151250383644,"A11",2025-12-10,"12-10-25_ZS_RD527_SK_lowdil",1.63272204448507,0.03429269077121,48,0.0208333333333333,FALSE,51.2513211265996,"21-V527",FALSE,NA
"2494","RT","RD527","RD","527","SK4",-0.778151250383644,"B11",2025-12-10,"12-10-25_ZS_RD527_SK_lowdil",1.65190225615292,0.0189873074449033,48,0.0208333333333333,FALSE,51.5281469965148,"21-V527",FALSE,NA
"2495","RT","RD527","RD","527","SK4",-0.778151250383644,"C11",2025-12-10,"12-10-25_ZS_RD527_SK_lowdil",1.6111058556428,0.0610412133825245,48,0.0208333333333333,FALSE,52.9685531170182,"21-V527",FALSE,NA
"2496","RT","RD527","RD","527","SK4",-0.778151250383644,"D11",2025-12-10,"12-10-25_ZS_RD527_SK_lowdil",1.59813235813656,0.0228458304290675,48,0.0208333333333333,FALSE,50.4333196474778,"21-V527",FALSE,NA
"2497","RT","RD533","RD","533","LN",-1,"A09",2025-06-09,"6-9-25_ZS_RD231&RD242&RD533_LN",1.69496636270055,0.00707290218899506,48,0.0208333333333333,FALSE,47.5098598359207,"21-V533",FALSE,NA
"2498","RT","RD533","RD","533","LN",-1,"B09",2025-06-09,"6-9-25_ZS_RD231&RD242&RD533_LN",1.72105819220268,0.00818714673751966,48,0.0208333333333333,FALSE,47.661728401519,"21-V533",FALSE,NA
"2499","RT","RD533","RD","533","LN",-1,"C09",2025-06-09,"6-9-25_ZS_RD231&RD242&RD533_LN",1.67263112970886,0.00454534414500691,48,0.0208333333333333,FALSE,47.9711262217781,"21-V533",FALSE,NA
"2500","RT","RD533","RD","533","LN",-1,"D09",2025-06-09,"6-9-25_ZS_RD231&RD242&RD533_LN",1.6169594532377,0.00571362960992482,48,0.0208333333333333,FALSE,46.9914913698727,"21-V533",FALSE,NA
"2501","RT","RD533","RD","533","LN",-2,"A10",2025-06-09,"6-9-25_ZS_RD231&RD242&RD533_LN",1.38571873437072,0.0384465771033794,48,0.0208333333333333,FALSE,51.8805286351926,"21-V533",FALSE,NA
"2502","RT","RD533","RD","533","LN",-2,"B10",2025-06-09,"6-9-25_ZS_RD231&RD242&RD533_LN",1.32814205865612,0.0300672989093864,48,0.0208333333333333,FALSE,49.9466078643612,"21-V533",FALSE,NA
"2503","RT","RD533","RD","533","LN",-2,"C10",2025-06-09,"6-9-25_ZS_RD231&RD242&RD533_LN",1.33588306079234,0.0329101407636123,48,0.0208333333333333,FALSE,50.2553171145792,"21-V533",FALSE,NA
"2504","RT","RD533","RD","533","LN",-2,"D10",2025-06-09,"6-9-25_ZS_RD231&RD242&RD533_LN",1.33483665688869,0.029830780549796,48,0.0208333333333333,FALSE,50.2097076640837,"21-V533",FALSE,NA
